ply
format ascii 1.0
element vertex 8841
property float x
property float y
property float z
property uchar red
property uchar green
property uchar blue
end_header
1.2996153285022938 0.25046306210531155 4.341903181653902 255 255 255
-2.870279276535722 -1.623129198163666 7.582282589842258 255 255 255
0.5648508592079494 -0.7093895165612358 5.0317575017694915 255 255 255
-2.0551772205329892 -0.3772261035704603 7.155359323696786 255 255 255
1.2951874971968158 0.5790561083636795 4.305500469777046 255 255 255
1.1607124907905009 0.7383362528765154 4.418130401210142 255 255 255
0.9029483858996595 0.3987139353892306 4.6385374412029785 255 255 255
0.7544043044546057 0.6225464493669932 4.759120872616928 255 255 255
0.98407873498369 -1.354886256371269 4.752133144136376 255 255 255
1.2113835763466307 -1.5755083414576316 4.589896613668274 255 255 255
0.952961640330869 0.4403927929274916 4.619382794239058 255 255 255
1.143171665584054 0.37206240322695977 4.453428030932117 255 255 255
1.1535097100050877 -0.9987537999791898 4.573363111615359 255 255 255
1.1943146517810088 0.23092420944036213 4.42791038976358 255 255 255
1.2779680817633752 -1.1809866426993285 4.500434196167337 255 255 255
1.2342739657796957 0.5722601962905353 4.363079223435455 255 255 255
1.1388208188164173 0.7258993942269285 4.429567404856209 255 255 255
1.3017461577901133 0.7314094154797532 4.296543959442779 255 255 255
1.1603374851414188 -0.23696271953426642 4.487767575440028 255 255 255
0.14612745928882429 -1.1268895658730171 5.399621534441115 255 255 255
-0.6081231359104289 0.04300737328868711 5.526167616884583 255 255 255
0.011274764216093788 1.2275176364433855 4.656298689886765 255 255 255
1.2232885336970756 1.0476188094064112 4.3416767503272045 255 255 255
1.2130576810041171 0.5787120113241363 4.380973132892728 255 255 255
-2.850292742559177 -1.538859038613488 7.590530979761897 255 255 255
1.1751166781942624 0.2810001213202575 4.451354974612961 255 255 255
-0.0647687331830797 0.7615673137242464 4.742278930126289 255 255 255
-1.2526818806724127 0.26237329472279963 6.189249880940799 255 255 255
0.9817880186456445 0.11749001699556341 4.6070766577873545 255 255 255
0.8604011106648254 0.7782731876981535 4.671287792336572 255 255 255
0.9547318890827686 -0.7764091300802144 4.718119820300098 255 255 255
0.03171340600423664 1.2242346790626588 4.63217625024961 255 255 255
-2.0754559763115212 -0.9007322895535873 7.2222507721339895 255 255 255
0.5559807781588856 -0.373527551463329 5.002469327886173 255 255 255
-2.8315972014210664 -1.5805221254144304 7.616460132728785 255 255 255
1.2116119227189677 -0.784301939172237 4.5084232118500625 255 255 255
0.8805593346550681 0.3978460748403612 4.667252881844299 255 255 255
1.1507356345234607 0.40705553014868034 4.451439985087903 255 255 255
1.268665647283651 -0.2891070400350891 4.427963494104536 255 255 255
1.177815179331002 -1.0025303772268128 4.555336844403582 255 255 255
0.7938259423681153 0.7648989631247793 4.715571259847688 255 255 255
1.2113672752827174 1.032291278227655 4.352343225364769 255 255 255
0.8215531458014621 -1.701313083268536 4.91834709393191 255 255 255
1.2234524357098322 0.9171376660808629 4.350641981183321 255 255 255
-2.8174340613277455 -1.66372450821926 7.65584085158631 255 255 255
1.029161928748677 -0.26560346732539963 4.596109465483774 255 255 255
-3.243959419705315 -1.6914328556293936 7.315383069393906 255 255 255
1.2202536795233903 0.5996735861037114 4.370803951584566 255 255 255
0.6822390042611082 -0.3636346003094297 4.904006712214631 255 255 255
0.05789599419104347 0.7761235600182647 4.64229008436171 255 255 255
1.28636907530372 0.7297709649818614 4.3115567712327785 255 255 255
0.046229860104316824 1.224896210519842 4.625642702127393 255 255 255
-0.8897771831405619 0.5645397632146324 5.658001616701855 255 255 255
-0.061121177494234936 1.1892576902957073 4.756926818234245 255 255 255
1.2724887878346043 -0.44202989628675476 4.4214099632856785 255 255 255
0.23835629147563858 1.1796497102480774 4.640531575412781 255 255 255
0.6047835650771152 -0.38839629985863305 4.970519812521791 255 255 255
1.279030893332617 1.1202044926674017 4.279747718749822 255 255 255
-2.0414031425221784 -1.8470134015850643 7.270628165611691 255 255 255
1.2320877684665623 -0.759143355789122 4.490239608517378 255 255 255
0.9969794644196959 0.12855138404911226 4.594259441878793 255 255 255
-1.2572128231332806 0.16140967428216174 6.149729270693594 255 255 255
1.2320286680357164 0.41461204183230266 4.376837748434767 255 255 255
1.0124682235836504 -1.5442841756855727 4.754631538134474 255 255 255
0.07227098121565528 0.8183712055685404 4.634448616208646 255 255 255
0.9749951728718872 -1.3723981175146944 4.760749995866414 255 255 255
-2.850292742559177 -1.538859038613488 7.590530979761897 255 255 255
1.1350987282347778 1.1041034359247717 4.413351105638312 255 255 255
0.905739799284467 0.9035907664025026 4.612491028465527 255 255 255
1.0687501941372226 0.9047274958786917 4.4721662817728385 255 255 255
1.1264544477600753 -0.995831356648504 4.599256247449844 255 255 255
1.03042212599892 -0.4124766385672007 4.618656502074079 255 255 255
0.6611461423363169 -0.9312807460372683 4.966732556011435 255 255 255
0.4746588483950386 0.1002147746567356 5.02157281978751 255 255 255
0.7541845349272948 -0.7459338739520787 4.882048508730663 255 255 255
1.1312402620290452 -0.45119213419783905 4.540341230746095 255 255 255
0.8592015179647511 -1.3251132596900104 4.855522346294083 255 255 255
0.12481957931111894 1.2192710039424484 4.557778991498006 255 255 255
1.1112938391060396 1.0695500458073408 4.432271580005747 255 255 255
0.297184525895345 -1.170410807987528 5.285535688007052 255 255 255
1.1097921910356956 -0.9982864741364754 4.610259244604189 255 255 255
0.9208145528809749 1.1530227002245739 4.583746483957596 255 255 255
1.0439678142642614 0.27433269389598364 4.547682136911527 255 255 255
0.906515869407886 -0.7882953848424246 4.758766272412154 255 255 255
-2.066955860373167 -0.8043232955785443 7.20214991689796 255 255 255
1.0010445085656257 -0.02278396755358581 4.623690729948026 255 255 255
1.282628962359458 1.076480082242481 4.297125504468528 255 255 255
0.8745633331391449 -0.04388051659239155 4.719224782247513 255 255 255
-2.0889984661149508 -0.7535227691566835 7.208334247699526 255 255 255
0.8292139254288745 0.745543798635258 4.681331458193441 255 255 255
0.2667638280092943 0.4892792652366994 4.796404201468167 255 255 255
-2.050685807465462 -1.9400683886131125 7.274781022615204 255 255 255
0.7094103364496942 -0.373288149101895 4.884493899934575 255 255 255
0.9087686206966681 0.6104702249963427 4.645300741672321 255 255 255
0.9097451472987562 0.8882377271953813 4.609347917857505 255 255 255
1.3108798498118601 1.073127476304116 4.263433887085188 255 255 255
-0.03411871698313162 1.1867978976948497 4.732398573438373 255 255 255
0.5445620360639664 0.0020339616584658564 4.982360347834846 255 255 255
0.7115682264997426 -1.2583526721371883 4.961591725973852 255 255 255
1.2824656098633576 1.1385349243902927 4.264513280955713 255 255 255
-2.114653467800556 0.4335748571357633 7.129586870803841 255 255 255
-0.09002821814518833 0.7645138972581778 4.764751138309207 255 255 255
0.36918657511500325 -0.9966434146537807 5.212342201051246 255 255 255
1.101110461146618 0.7130991625947146 4.4698771857918285 255 255 255
0.5027014727956736 -1.6480367566395715 5.177012981503704 255 255 255
-1.0324066872775468 -1.1526191603812572 5.721216774464826 255 255 255
-2.0917548553237006 -0.6291942314291215 7.1904750774129935 255 255 255
0.9825354954042094 -0.24931354435846398 4.638539695194053 255 255 255
0.9668281850482501 0.12765856092717245 4.613776639624252 255 255 255
1.3015056035373258 0.8814244592095056 4.281162308246498 255 255 255
0.7775166471782382 1.0828337605098275 4.718392954950305 255 255 255
0.9183900253996599 0.6490548043666856 4.624839948852341 255 255 255
1.0868221257604456 -0.2203750977327001 4.566816746656832 255 255 255
1.1100830575644436 1.0448522624000842 4.436644003400721 255 255 255
-2.382430439781317 0.9173219250500785 7.270496125652615 255 255 255
0.8726564874494792 -0.5822180389004814 4.7617088183591845 255 255 255
0.597153275910701 0.9532709712246323 4.8677278489102545 255 255 255
1.2882253302012254 0.7043386886358759 4.310677207541915 255 255 255
-0.36587197930392296 -1.7342830892576706 5.870390843285617 255 255 255
0.3636075946306269 -0.3324121517840203 5.149602841188779 255 255 255
1.2790250312376268 -1.4099657257562523 4.520626249848234 255 255 255
0.9565426710546979 0.41867046380958295 4.605231667473944 255 255 255
0.8811682001988174 -0.968313977014419 4.781418985984604 255 255 255
1.0305361762230063 0.11305761255107567 4.567164341393044 255 255 255
1.0347465270331455 1.1070664155293162 4.509090002850374 255 255 255
1.1650073762298996 -1.0167741347540153 4.5613092325065745 255 255 255
1.1401759492901464 0.8606020169916294 4.427401017100755 255 255 255
1.1138139764941788 0.13282246588594054 4.5084778691179705 255 255 255
1.154409417824155 -0.24463805584099127 4.500374865348547 255 255 255
0.838782468121328 0.7793979920316733 4.686042879810806 255 255 255
0.08682446750466126 -0.9780686908267651 5.425143078327963 255 255 255
1.0478857325895652 1.0531661187818169 4.487283762822723 255 255 255
1.1401759492901464 0.8606020169916294 4.427401017100755 255 255 255
1.1994936471388367 -0.6358590463677664 4.4980337607070355 255 255 255
0.2688619689497996 1.2315947128057119 4.636257949570263 255 255 255
1.1937667918949784 -0.03172895225606422 4.448119488230933 255 255 255
0.981501544880424 -0.23098519105301085 4.642640042619857 255 255 255
1.174736729258332 0.3685392916440516 4.431665627248115 255 255 255
-1.9042355471674368 -0.7786925207224898 7.050861506122959 255 255 255
0.36659679037104587 -0.9822742270731499 5.219102580171699 255 255 255
0.7469262138510927 -0.9435184966128992 4.907824562449897 255 255 255
-0.4780395354098544 -1.7440758597714054 5.90265480962263 255 255 255
1.0063896961333354 1.1394549600162047 4.508134258358619 255 255 255
0.9092793725501865 -0.5880010212553622 4.732612348796602 255 255 255
0.9075118987069679 -1.3544677702234467 4.7995003970550565 255 255 255
0.5993859691735913 0.22987451990571056 4.9052174198465375 255 255 255
1.246159320273818 0.7592581290304086 4.342725745628834 255 255 255
1.070758273266189 -0.04041737806534601 4.554674913599727 255 255 255
1.29984664823241 0.2276090251010631 4.341276873506584 255 255 255
-2.123693932525781 0.5063585828822561 7.133393806741679 255 255 255
1.237375356567955 -1.0070702845481776 4.495294421784996 255 255 255
1.1025608775263207 0.6129615744641009 4.466472220299216 255 255 255
0.674546554231884 0.385321958187518 4.8330575295481335 255 255 255
1.185190299746262 0.3122493782045651 4.421224211997449 255 255 255
1.3115038409719726 1.0000840283246244 4.269944781513143 255 255 255
1.1388864440274957 0.5844939185136155 4.4434485740055285 255 255 255
-2.097567458790861 -2.1691681636189832 7.353139912573549 255 255 255
-1.1290416681514959 -0.33876377150875814 6.025368694688544 255 255 255
1.2628246817162392 0.4336865624207389 4.35741622856878 255 255 255
-0.19778353433125087 -1.943348870389232 5.76913561515043 255 255 255
0.5464442653822192 -0.9051474350918195 5.0636012759430535 255 255 255
1.153116340729716 -1.1876780409317538 4.598541368546033 255 255 255
0.8180689146851503 1.1444559596886685 4.660316806583325 255 255 255
1.292938877468016 0.6035958012657865 4.316786107955845 255 255 255
0.9962689236822246 -1.3960252799699806 4.736804195142281 255 255 255
1.1826201496140074 0.6159032904356209 4.399330439802582 255 255 255
-0.8465382228207352 0.8384725140023763 5.394144594801272 255 255 255
0.05561946968091976 -1.843322359466669 5.549747915585816 255 255 255
1.1956995885736126 -0.2412961372750586 4.4630293857783725 255 255 255
0.22076104580840292 -1.0412680341874088 5.340771528419901 255 255 255
0.9947764687790115 -1.4097089454762755 4.745193376074801 255 255 255
1.1947152991055832 0.22033276437422755 4.429952474479623 255 255 255
-1.5678804301069253 -1.4055939000496431 6.843039942023376 255 255 255
-1.2572128231332806 0.16140967428216174 6.149729270693594 255 255 255
0.9031186939941905 -0.4694124360306911 4.717985765747327 255 255 255
-2.097080744638942 -0.8457993907924144 7.231571629459262 255 255 255
1.242804250676446 0.3274586029169569 4.378965432988825 255 255 255
1.0758246076442874 0.6861012837987019 4.483484766364435 255 255 255
1.0465493878264545 -0.8811043027853936 4.653665053844218 255 255 255
0.8293774385566777 -1.249879999856303 4.866104743515803 255 255 255
-2.0918929669484947 -1.3093414745728051 7.252823932210913 255 255 255
0.7363410896999353 -1.119257116481798 4.930512224444784 255 255 255
1.268387614134069 -1.2284127344479494 4.503035605611424 255 255 255
1.0303778777265118 0.14762863984978403 4.561628439566094 255 255 255
1.0182598351672327 0.5570606456683785 4.54804760508206 255 255 255
0.5677682905641255 0.5099619765725976 4.917076569828211 255 255 255
1.1582760333681834 0.587349138950535 4.430649117710922 255 255 255
0.7076360717594747 -1.079848859202839 4.950422785672369 255 255 255
1.1198091496153062 0.37484188934840235 4.471765134233748 255 255 255
1.2408945124695694 0.08022321927002463 4.402622761743914 255 255 255
1.2906044921038484 1.0566603475659153 4.281244739858463 255 255 255
-1.8211162955312892 0.7061658928814345 6.865036177871069 255 255 255
0.8715783837289951 -0.9273687705296588 4.800845246925326 255 255 255
1.0652479501411563 1.091236720403588 4.488221474793129 255 255 255
1.1840668739124784 -0.08992913123845417 4.46097092676113 255 255 255
0.062075745134737695 -1.8277767354960157 5.5452582125190615 255 255 255
1.211734258537555 -0.21945762525856322 4.4494438439518555 255 255 255
1.2499946953421237 0.23612179088954946 4.380731474293558 255 255 255
0.6798526166538542 -0.337117765422357 4.896521979077559 255 255 255
0.25252277423415376 -1.1579373584741188 5.335148241597303 255 255 255
1.116981595422892 0.7573072946798299 4.451205726560287 255 255 255
0.8769517296724884 0.7632461451474272 4.651304112049755 255 255 255
1.044253712441362 0.3255824975726963 4.547834370953936 255 255 255
1.0653778463990407 -1.3700555003531285 4.692521516525555 255 255 255
-2.8156249145014494 -2.069578120444357 7.641663546529209 255 255 255
1.1992367900112766 0.7217602165968505 4.388286719526885 255 255 255
1.002042298409162 0.30586100036323705 4.573586875346299 255 255 255
1.2350744340787303 0.5645529950876397 4.3574536603558345 255 255 255
0.8710591623535051 1.1280509088410595 4.632587484353447 255 255 255
0.744295010507976 -1.5296880668025996 4.96566359175306 255 255 255
1.0212566807829064 0.7459711897881768 4.544027974448812 255 255 255
0.9760134111997324 0.7169824652023271 4.562991715947081 255 255 255
0.9592737340026068 0.15375286703329583 4.624481495518741 255 255 255
1.2023868783762695 0.35910631615456307 4.408134109281101 255 255 255
-2.066104251813527 -0.9989664171610462 7.21977612326756 255 255 255
-0.6229079060559524 0.6091146703955199 5.299853814492001 255 255 255
1.0712191888612965 0.5944889522579058 4.512732052293236 255 255 255
1.0782285459731953 1.1157149712393586 4.46415803188208 255 255 255
-2.1275695285994205 0.9972591460795632 7.110940696772778 255 255 255
1.2386791955948664 -1.166411618425384 4.518217245171256 255 255 255
0.8293774385566777 -1.249879999856303 4.866104743515803 255 255 255
0.42693138573267725 -0.9000356594502872 5.157560500310449 255 255 255
0.2782224475394918 -1.1756794031551825 5.288052398340779 255 255 255
0.6862311092506593 0.36474690909088714 4.830403343441411 255 255 255
1.0456689543588427 -0.9700210595680276 4.656868263244225 255 255 255
0.8670932334591821 -1.5705857014480211 4.858147783880753 255 255 255
0.25997285482105625 -1.1733681560145277 5.312109636378184 255 255 255
-1.5989926687209683 -0.12411327282369884 6.727247318508578 255 255 255
0.9060616924913316 -0.4349799249856623 4.730011892555446 255 255 255
1.153639215774854 -0.41634895717417586 4.5128831940281176 255 255 255
-2.1055431371168134 0.5158759440100761 7.120053403543431 255 255 255
-0.16416097673108712 0.7919535304808828 4.823647058168941 255 255 255
1.1518992063760798 0.26266696147227997 4.458493248932967 255 255 255
0.583559040319937 0.47381141357540957 4.893769290531328 255 255 255
0.6050101941885196 0.9479838370987193 4.864966537001295 255 255 255
1.0455167924149784 -0.38736032973487894 4.598243498723974 255 255 255
0.9277111455708943 -0.5833386120520129 4.7184445164758895 255 255 255
1.1532833507549862 0.32302959520914215 4.459289855238319 255 255 255
1.070592017444318 0.58324999446697 4.503182306474696 255 255 255
1.2265115689552928 -1.1942102907287946 4.5422928656583 255 255 255
1.0824385053341952 -0.29022140587515244 4.564813913663688 255 255 255
-1.9198836106717545 -1.6659393007508925 7.147964405458068 255 255 255
1.181225866483133 -1.1581384233706435 4.572025892554317 255 255 255
-2.111946651499312 0.3311669964319988 7.140377044931861 255 255 255
1.0423830521969557 0.622271439505456 4.5187503878780895 255 255 255
0.916811012463357 0.4209523566850278 4.623275626898161 255 255 255
-1.4705485712457604 -2.0127278507565314 6.828084247507556 255 255 255
-1.2695916246369092 -0.9747055727135097 6.552528924046852 255 255 255
1.0884891736290436 -0.5904042001126795 4.5881913366224545 255 255 255
1.2898981366766622 0.13577940809422168 4.35820392911472 255 255 255
0.8389746433470759 -0.025320029431364566 4.746034448248686 255 255 255
0.5610267900701782 -0.9297409166940822 5.050567476278421 255 255 255
-1.1196772756659745 -0.43103046053358884 6.03689200729267 255 255 255
1.245534739564806 0.6889004280783854 4.347721425880941 255 255 255
0.8883536303938467 -0.4625342599152526 4.730408398564954 255 255 255
0.8363021879773318 0.4215935445852616 4.696892345518556 255 255 255
-0.41945029646241966 -1.1694670288459545 5.288109059224989 255 255 255
1.0934837562282969 -0.24159313537638055 4.558785916669087 255 255 255
-2.1178317927518564 0.580764931951999 7.138949097555706 255 255 255
0.8396409604239728 -0.010945501804781528 4.741102405482864 255 255 255
1.0383012820385324 0.5077571216757385 4.52984048715839 255 255 255
1.0693140770286973 0.37044761162118406 4.514641452343572 255 255 255
0.6369578699016466 -1.4739256166364698 5.042135489666335 255 255 255
0.7942222491659416 0.26971859084995625 4.751513384638021 255 255 255
0.8536165985167272 0.7391509462771293 4.663721344836716 255 255 255
1.2035728387964038 0.3868016531724201 4.391701463242234 255 255 255
1.1011550952342704 -0.9790593239733388 4.617168462485949 255 255 255
0.8455139568235632 -1.2718783261579558 4.860545150789567 255 255 255
1.2987339489341254 0.8646535123776425 4.2871985350390025 255 255 255
-1.1888870139185719 0.1712220922560013 6.154622104896079 255 255 255
1.190647213500583 -0.879765394796281 4.532802788598322 255 255 255
0.7510426616708294 -0.016731817212422083 4.8246672977558305 255 255 255
0.8987127748071889 0.4474043376595373 4.662037050850169 255 255 255
0.20221872887129422 -1.832996985657291 5.4452801900570424 255 255 255
1.244089008344159 0.20990129614126032 4.398634023015091 255 255 255
0.4602920822723425 -0.3501032247252031 5.086527389687743 255 255 255
1.1079085167995648 0.32232056198047265 4.483400164626929 255 255 255
0.5639607650503191 0.2462490650836044 4.927974024970942 255 255 255
0.17084110160612448 -0.40098344203205843 5.306952474823704 255 255 255
-2.117416779184654 0.7691445541014634 7.1236117461956185 255 255 255
1.2559765122642224 0.8626243267138438 4.325383031609538 255 255 255
0.5395560435972325 0.9206857888608725 4.906399820921307 255 255 255
0.883520122194618 0.6044168228156425 4.664573472795431 255 255 255
0.8526250301922976 1.0615207024120241 4.636973716003143 255 255 255
-1.4090315131798408 -1.2840009336416174 6.7032226802534245 255 255 255
1.1972888346825827 0.732987149304439 4.389279389842676 255 255 255
0.6823745601235397 0.2773368000498495 4.841407374362163 255 255 255
1.2298995759827092 1.0345007950247476 4.338546643454253 255 255 255
-1.1559965487709891 0.6696985660879746 5.75262534495946 255 255 255
-1.2627834217219152 -0.9854976821642601 6.541339749975465 255 255 255
0.573146703147104 -1.0321922601929374 5.049623832304462 255 255 255
1.1709166568175329 0.4048008192816011 4.4301831858585015 255 255 255
0.872035596836654 -1.5491945389057145 4.867691048598702 255 255 255
0.4141762103940468 -1.330006830829787 5.215345177731736 255 255 255
1.076086830051882 1.044915699278549 4.460348609957354 255 255 255
-2.0821397926725242 0.08114608189671693 7.147833026568932 255 255 255
1.2579339154369993 -1.3181454092424953 4.519906945409208 255 255 255
-2.3808279313126524 0.8017100450605639 7.2711842495326575 255 255 255
1.0800901113847923 0.10414019129781596 4.528064295128694 255 255 255
1.0883390002610827 -0.26899681423493255 4.5531440715606974 255 255 255
1.1859874024411978 0.49784614329429105 4.412332630573356 255 255 255
-3.260389169996956 -1.6751462131013197 7.298171927549945 255 255 255
0.7939882219554075 0.16735641394816142 4.759979124881094 255 255 255
0.23981437539639414 -0.18781779035982452 4.842028662759725 255 255 255
0.8890045513781033 -1.2297378613187167 4.811728104851708 255 255 255
1.1363057953918443 0.73820133382119 4.438154645100377 255 255 255
0.5321687104769979 1.2517732927500371 4.797325698411135 255 255 255
0.6387473194085028 -1.4613478291915865 5.049542828966811 255 255 255
0.19566191518851755 -0.3632519296298779 5.277303814843374 255 255 255
0.5055275544286597 0.5227881177872876 4.9594540120507595 255 255 255
1.1827589572696036 -0.43513911104438036 4.4959837358064725 255 255 255
0.8755495560454206 -0.21667349498193184 4.7295015732133905 255 255 255
1.091755744243541 -0.96698273689738 4.625085655488414 255 255 255
1.2513648788958456 0.29949842982428876 4.379750494711192 255 255 255
1.2659210941793193 0.38724041272033705 4.359395155023061 255 255 255
0.09187869584508405 -1.8562624285330382 5.525000617351554 255 255 255
1.0906765477744427 -0.9959408402795994 4.62080781493481 255 255 255
0.6133661331908483 -1.0534491909118133 5.0179714250490655 255 255 255
1.1762873188228427 -1.6282693079973 4.622617604649018 255 255 255
0.8389746433470759 -0.025320029431364566 4.746034448248686 255 255 255
1.2494697823476764 -0.6437932992418139 4.461650378192389 255 255 255
-1.2828970390400845 0.21073898476865907 6.17131769410567 255 255 255
1.0511977134464847 0.7256615257666591 4.501174280289779 255 255 255
1.2648669952702507 0.8080072156591808 4.319862674936476 255 255 255
0.6355447094257888 -1.6444633123490942 5.068813662116924 255 255 255
-0.05521458368777772 0.7472492053924065 4.818795722380488 255 255 255
0.6647403091011347 -1.3137545869990441 5.002031804872237 255 255 255
-1.4891286884392523 -1.289962752289379 6.773185991488104 255 255 255
0.864307251493067 0.6399775758763462 4.665749705781602 255 255 255
0.9777429526993024 -0.031151051635428514 4.642118038719229 255 255 255
1.2009536447665237 0.9288858271983897 4.362872438006578 255 255 255
1.0547447116002082 -0.9526909782051298 4.653638910682114 255 255 255
0.6478202548728784 -0.9297186397060273 4.988214673958604 255 255 255
0.8278004834133215 1.2509738120570564 4.542085975332907 255 255 255
1.054460072957842 -0.31876095066490173 4.584794378397308 255 255 255
-1.8884276073581276 -1.064092495438158 7.066120319120387 255 255 255
0.9314537867931734 0.7723630143757972 4.605475062708081 255 255 255
-1.47014474734361 -0.6915014093443529 6.69495126103125 255 255 255
0.7878396262494274 -0.9126506027670962 4.8628587597164605 255 255 255
0.8568191803071836 -0.7550320688262703 4.791019085380128 255 255 255
-2.086663863302613 -1.4023336169648637 7.270165934084603 255 255 255
0.7357497557591725 -0.623353966206706 4.8804084189875585 255 255 255
0.9689808867236164 -0.5929390853248611 4.6791366342625 255 255 255
1.294183029059529 0.29307780827124363 4.339351468241791 255 255 255
0.7956778635833793 -1.5245087455110586 4.934184583188027 255 255 255
1.0649575221896466 -1.3990877436773 4.687824525255168 255 255 255
-1.4596334093692611 -1.2725674978378239 6.744166714820628 255 255 255
0.4489609564153179 -1.1816764548100023 5.163682104014345 255 255 255
1.237520168723718 0.23851063023237795 4.39138051302882 255 255 255
-2.033384504676918 -0.8103729048491529 7.162608495108668 255 255 255
-1.8059808430171562 0.1854656461672462 6.89833803156415 255 255 255
1.153639215774854 -0.41634895717417586 4.5128831940281176 255 255 255
1.1969192041364831 0.5961939108960523 4.401183131837769 255 255 255
1.2447245359731605 0.31001973936362187 4.3832701863428225 255 255 255
-0.5666393482531633 -1.131692408867168 5.3549279756697885 255 255 255
0.7064538944935214 -1.7181935036420224 5.017268566767572 255 255 255
0.9846102920023786 1.056070933185844 4.541037576751201 255 255 255
1.1106388710430217 -1.3689027892873114 4.662806681891892 255 255 255
-0.3604591706868496 -1.7662233296502001 5.866558055913086 255 255 255
1.0068549265480404 0.44605902004137177 4.573998300816811 255 255 255
1.1610561788413452 0.5605190006198074 4.426645082929454 255 255 255
-1.6424020875219307 -0.39355858787458287 6.808323672006542 255 255 255
-0.6321678063251279 0.32931154538178325 5.431823833976766 255 255 255
1.1425221061165922 -0.07721999904041148 4.499717057523182 255 255 255
0.6110648861211688 -1.6616663420598345 5.088360851553379 255 255 255
1.2661991094167382 0.32933695354603404 4.362772084572891 255 255 255
0.9473824146251043 -0.44216828668539154 4.698815635119541 255 255 255
1.103728767005228 -0.29437859468635147 4.538424917330345 255 255 255
0.8323709730841754 0.13728884715481168 4.736758765318109 255 255 255
1.1313233136365675 0.3591827293418547 4.466022623050094 255 255 255
0.7939882219554075 0.16735641394816142 4.759979124881094 255 255 255
1.0879519663160409 1.0474849446303136 4.446998284731833 255 255 255
1.1596761842805134 0.09534136834408766 4.4688280692659745 255 255 255
1.1479988180471383 -0.112149487513006 4.499454702477633 255 255 255
0.14244386099203843 -1.7291332697968256 5.476781112819977 255 255 255
0.5591262228731908 0.5858184156738321 4.913541277314927 255 255 255
0.6590784618456238 1.1518174850341236 4.801828152026675 255 255 255
0.6655776676406778 0.17759757103051949 4.859067907141178 255 255 255
0.9694469181004068 -1.3562225961379248 4.767596653563623 255 255 255
1.0173949188764015 0.5460452982869314 4.5482349335629175 255 255 255
0.8351369668044092 -1.4758259950879722 4.875856115261181 255 255 255
-1.4909427167098945 -1.6671575713339377 6.820418150733542 255 255 255
-1.8221314092519936 -1.0724974569630592 7.010516970550983 255 255 255
0.5677181947112825 0.9316771224680162 4.8981916005123525 255 255 255
0.7828055493224679 -0.7339998786757684 4.848422400311736 255 255 255
0.8901195824152756 -0.034297921936132625 4.706636071268088 255 255 255
0.9784049036675877 0.16541407159045693 4.613399726662228 255 255 255
-0.9893266351343462 -1.7496853218127593 6.399681272918682 255 255 255
1.113995998134356 -0.44883714668784985 4.546160535814815 255 255 255
-1.3244397673165282 0.9590188087510065 5.783898721085213 255 255 255
1.2179151222712152 -0.23095414824344643 4.448679826639078 255 255 255
0.7472061501978677 -1.5447062619711784 4.963725771651788 255 255 255
1.1876205868916696 0.13689543486790798 4.4478249525744395 255 255 255
0.946250996883512 0.6203804406035679 4.614602736968876 255 255 255
1.000621037497889 -0.9633807136440048 4.691874160655886 255 255 255
1.1382140682307014 0.8734760281537347 4.426191776208082 255 255 255
0.8942337911988897 0.6126213799225333 4.661430278959811 255 255 255
-1.58392212873812 -2.013309482849257 6.915777278027833 255 255 255
1.2497697604400546 0.8335486638653251 4.333038133457097 255 255 255
-1.299298004732886 0.17385543437792322 6.148194074313624 255 255 255
-1.6741449315676715 -0.09908694224839026 6.809151974369211 255 255 255
0.40226525767240506 -1.005372420017201 5.186804655345867 255 255 255
0.4282789862980042 -1.6826588904319029 5.23149432555446 255 255 255
1.2179965858110504 0.2885263185114775 4.401433906134348 255 255 255
0.9801610682985255 0.4354595186893149 4.591625500005298 255 255 255
1.0592133334905627 0.6792392595075867 4.5032475846929545 255 255 255
0.80951884883891 0.628594236585333 4.717718792466882 255 255 255
0.8462134696874188 0.15191486986159156 4.727916469777047 255 255 255
-2.1162304970567614 0.6987404626706558 7.135595014421123 255 255 255
-1.0469659115225074 -1.7306755021299474 6.4340132666728165 255 255 255
1.1366140982591695 1.085756871966329 4.413275062898097 255 255 255
1.247797848259328 1.213088494385058 4.190966781666335 255 255 255
1.263919477299956 -0.6297332513863936 4.44703693128724 255 255 255
1.0002081309323527 0.26684766076241845 4.575511633792978 255 255 255
0.6624455826370991 1.056765776186407 4.79609487149497 255 255 255
-0.6921660136010712 -1.2841975733383482 5.525043904593989 255 255 255
0.34356238711401943 -0.9834165476221222 5.219833929015399 255 255 255
0.3839623573366927 -1.1612471329621339 5.212504394275635 255 255 255
0.7514950942191215 1.0633163930641116 4.728557012914509 255 255 255
1.2641654972167242 0.36439734209359476 4.357217160137451 255 255 255
1.1907511030727198 0.34752672764896636 4.418084682780863 255 255 255
-1.3887116952906318 -1.5838314245494318 6.711012757011049 255 255 255
1.1762873188228427 -1.6282693079973 4.622617604649018 255 255 255
-1.627388340565031 -1.2782321572771524 6.874664104420442 255 255 255
0.8771546317910768 0.6234632626355697 4.663964614035699 255 255 255
0.4882566976688209 -0.9646349585742737 5.104851252838112 255 255 255
0.7143105858203599 0.8587384454713001 4.780465623522069 255 255 255
1.1911048979483667 -0.8997003824335916 4.532668791022315 255 255 255
-2.0793533857185387 -2.204121397931729 7.332513211686202 255 255 255
0.44950459084308025 0.37268607836149154 5.015683541363171 255 255 255
-0.16408326369279916 0.582235595932716 4.924353059283154 255 255 255
0.905886251630592 -1.5065845171816294 4.8122496020442025 255 255 255
0.693312902673408 -1.211123556864403 4.981053906183935 255 255 255
0.5112680753145853 -1.0905675438786318 5.106216290976888 255 255 255
1.2883315572742178 -1.2655498230211022 4.492449149482783 255 255 255
0.7052076392094901 -0.9439243338948694 4.933396779314263 255 255 255
0.6304936454810954 -0.2059648696518221 4.9298377784218275 255 255 255
0.7954983670525169 -0.5604847907624594 4.832636625469167 255 255 255
1.2235039178921645 0.3652985325991159 4.3904973711751705 255 255 255
0.7256492622871727 -0.591550769289735 4.886686743120926 255 255 255
0.9119716395945224 -1.5566899524395013 4.835866164407269 255 255 255
1.095212255166059 -1.5743434405250223 4.690510599008942 255 255 255
1.1877238177523313 -0.8889757654899106 4.5341000100443845 255 255 255
1.2504050287782373 -0.19840877934984813 4.418909866307845 255 255 255
0.9810590906019349 0.17457559768142122 4.603313564755066 255 255 255
0.6605430478640856 0.7676629806114015 4.822661626110875 255 255 255
0.8814185178954641 -0.7753701510963672 4.787572250885823 255 255 255
0.38075398963820567 -0.6425857138741348 5.174401262900334 255 255 255
1.2517397378435138 0.22634154123113037 4.382682510144917 255 255 255
-3.126534887178799 -1.7007449537403798 7.445723421157696 255 255 255
1.1409176049040237 -1.178528183500262 4.611581837248771 255 255 255
-0.187496542721009 0.7712516539587492 4.8267028808280985 255 255 255
0.9799082735603697 0.45708867274256837 4.588460051273127 255 255 255
0.8593644423940533 0.9209685877126835 4.646767515948209 255 255 255
0.5618646859087136 0.30186434706697524 4.9453854326205535 255 255 255
0.6647591272660707 -0.949051718129088 4.977119108003607 255 255 255
0.6849235359882464 0.1714429704683355 4.854828318218878 255 255 255
-0.84652148547718 0.6538475444096314 5.4784881721837495 255 255 255
0.6458854931395457 0.008797310273686566 4.894675937608188 255 255 255
0.8579076329603411 0.9341937193247555 4.652201101230022 255 255 255
-1.6200071863624566 -1.1184012667175196 6.854476036949081 255 255 255
1.112573923864617 0.39994125619199317 4.479753933389699 255 255 255
-1.9024470761649679 -0.3795330086555198 7.005310682842123 255 255 255
1.171976065069939 0.22498841391568175 4.449745698923743 255 255 255
0.7521083685652488 1.1037971599889989 4.719329670119285 255 255 255
1.013246390812417 -0.5597248226748578 4.65118658522238 255 255 255
-1.593486552928483 -1.1276765460758962 6.842781134624388 255 255 255
1.073692258320841 -0.21162338405422584 4.561608461344166 255 255 255
1.2847346615994895 -0.24564922905231054 4.391318158879625 255 255 255
0.18700702441647846 -0.7084300318401878 5.331460034553744 255 255 255
0.7675403163070289 0.15028759712450018 4.795155220954013 255 255 255
-1.277056917537103 0.12346001674394881 6.129218963177889 255 255 255
-0.8263745704874139 0.6956278648956312 5.466983950947428 255 255 255
-2.1441669898180757 0.8956863860044498 7.084077766889544 255 255 255
0.7768455488011944 0.1491309389700921 4.7806630561652605 255 255 255
0.8436598514473707 0.5465245572353358 4.683338760865856 255 255 255
-3.005027608747049 -1.6766483744778173 7.5724131957289025 255 255 255
1.0719120291181907 0.8555062662577977 4.4805038170924725 255 255 255
-0.39403481235787013 -0.31749479122583335 5.29628160190308 255 255 255
-0.3250189935215764 -1.7583894286709798 5.8492397189916 255 255 255
1.1636759986973773 -0.18480219347724716 4.489053260474218 255 255 255
0.6109775810852167 -1.3201624036452362 5.043611796947399 255 255 255
1.2680718947724203 0.3517601185241504 4.35685564334947 255 255 255
0.8724125188096767 0.24559006296565353 4.686711458609158 255 255 255
1.030753349404241 -0.9503141506367505 4.669229420276266 255 255 255
-2.1235053770752885 0.8870402809081243 7.110747128710702 255 255 255
1.317853812651517 0.7248483309387136 4.290598148407069 255 255 255
1.0614184043026595 -0.28914504027324106 4.5770005976875945 255 255 255
1.2035728387964038 0.3868016531724201 4.391701463242234 255 255 255
1.1812519908277936 -1.5814727225548675 4.622399379107061 255 255 255
1.091906028924993 1.1029361731368794 4.450053279875097 255 255 255
1.0630647468849341 0.25951680288239 4.540585904639335 255 255 255
-1.958406318031485 -0.6957501614958416 7.085189796480396 255 255 255
-1.319189505462838 0.4046848825861372 6.238328144429555 255 255 255
-0.6210044942868513 -0.1455701388408576 5.601602332103203 255 255 255
1.206560144537753 -1.0166425109847037 4.528590721204479 255 255 255
1.2987339489341254 0.8646535123776425 4.2871985350390025 255 255 255
1.1609758548299376 -1.5415400852372225 4.622205439395877 255 255 255
0.7093246366007322 -1.2795454204265588 4.958848593762161 255 255 255
1.284732187881476 -0.022688690436495823 4.370191924306668 255 255 255
0.7954473157903955 0.6231512557422445 4.729450856261749 255 255 255
1.255981291650829 -0.48337091591874565 4.441509298648994 255 255 255
0.8775448018181907 0.6151010890412724 4.67085528037962 255 255 255
1.165597517940447 -1.0233311789866344 4.563902574875636 255 255 255
1.095583896587203 -0.02552338275356965 4.533624981193386 255 255 255
0.370987556594358 -1.7699740344477426 5.30391375194375 255 255 255
0.8896319528924739 -0.7697827530977663 4.778496313088899 255 255 255
-0.08331421782693106 1.0177605959377376 4.805577912315644 255 255 255
0.4282789862980042 -1.6826588904319029 5.23149432555446 255 255 255
0.20045705518149087 -1.8518293710654918 5.437108180798547 255 255 255
1.2447245359731605 0.31001973936362187 4.3832701863428225 255 255 255
-0.003413514800130401 -1.084071758955907 5.525710672499165 255 255 255
1.085891882900151 0.6153767894117154 4.484487672061107 255 255 255
0.2644534996142017 -1.1377213187150375 5.317537469324617 255 255 255
1.2730916100390115 -0.9734249140705463 4.477934156157743 255 255 255
-1.7803218784024113 -0.37740174261280224 6.900261229438805 255 255 255
1.2944331945666574 0.2131432139504918 4.3462748699904115 255 255 255
0.5588480445469981 -1.8128857626273758 5.152744658885442 255 255 255
1.090117038530735 -0.9592451208358886 4.6171442848844375 255 255 255
1.079790473669102 0.0942414495894469 4.5333698503984765 255 255 255
0.7006908024104026 -0.100445109776806 4.866167872233913 255 255 255
0.8546764157727073 0.9550211512590574 4.647284543715993 255 255 255
0.39908800371706765 -0.34636776207847675 5.1326919646034925 255 255 255
1.0333845422675392 0.2911329271171334 4.543219847248499 255 255 255
0.020003729106866014 -1.59225323860875 5.560147405705757 255 255 255
1.300809969128613 0.5950212865314126 4.308329186374999 255 255 255
-0.8651164046303885 -0.2422367561063713 5.6543924529020515 255 255 255
-0.7334453459234508 0.7993286062239626 5.3796200430709895 255 255 255
0.7921838125785715 -1.3617115927105603 4.907909440342204 255 255 255
0.5770905542003036 0.6346655961094718 4.903879617969364 255 255 255
0.8935080090800414 0.16118953978547848 4.692332193620303 255 255 255
1.0295587655417036 -0.4269402137382225 4.634275779310967 255 255 255
1.0388366315981565 0.6032230495158754 4.533400555647811 255 255 255
0.9155358328510351 -1.5390013956833601 4.839826610387121 255 255 255
0.32529044052207423 -1.0716814534706134 5.250344612132644 255 255 255
-3.0793077662035544 -1.6496747109258418 7.199897032123586 255 255 255
-1.130277146065281 -1.9332016098227545 6.529801829365509 255 255 255
0.11575284710886433 0.6518517314328013 4.681411910378664 255 255 255
1.1085848697744773 1.1314166927917855 4.427770894525088 255 255 255
1.2729955525111825 -0.4188932262599888 4.418238638739473 255 255 255
1.046238523013132 0.2577631359035598 4.550712766059034 255 255 255
0.6173167353022906 -0.14140832736744038 4.920681549770658 255 255 255
-1.1888870139185719 0.1712220922560013 6.154622104896079 255 255 255
1.12605886718307 -1.1859625631537993 4.613557175073152 255 255 255
1.147201688638916 0.8987202793008862 4.416445483442989 255 255 255
0.4051327838131001 -0.5113958145552504 5.131969917248248 255 255 255
1.218999860524955 0.7400187688547181 4.365362855902309 255 255 255
1.2936358277928282 -0.06987013285687103 4.375077999064219 255 255 255
1.0300011645541767 0.4209290006778755 4.55395799804474 255 255 255
1.1657511200010588 0.31128334540075814 4.437319604201767 255 255 255
0.7496472443781441 0.31534948235754395 4.777711314386096 255 255 255
0.33522068307031944 -0.9928833502855344 5.229056353934296 255 255 255
-1.7630963489728406 0.5980103155703393 6.822330021834776 255 255 255
1.1746789607710577 0.5908499600598798 4.427117037860428 255 255 255
1.0467323501916266 0.6999946747467428 4.507220347036339 255 255 255
0.5955804984396182 0.20211647114378103 4.912634851238626 255 255 255
-1.942578747080124 -0.8482831709903105 7.085891356515994 255 255 255
1.1630885852708297 0.5996720683964506 4.432532684812456 255 255 255
1.2730916100390115 -0.9734249140705463 4.477934156157743 255 255 255
-0.04983321545783807 -1.8159150437490998 5.625204132815345 255 255 255
1.0491438803777775 0.17918242579428656 4.548460207271062 255 255 255
0.11332631541174788 -1.1021059813728242 5.430517344801743 255 255 255
1.0973711540556679 0.8963064338069304 4.450293495201157 255 255 255
-1.2579583055184569 -1.6752079948280898 6.60958861456958 255 255 255
0.5956528140778863 -1.0374061927701226 5.035971704535912 255 255 255
-0.6352365533418755 -0.9476236092713864 5.537017042847058 255 255 255
0.7753673501761653 -0.7459847433331044 4.864277615749849 255 255 255
-1.1666845054274915 -1.5675316579716196 6.520924889609576 255 255 255
0.540916756035406 -0.3650340400652227 5.010882225445051 255 255 255
0.6793242951504637 0.0007976063875732323 4.869849589823326 255 255 255
1.2874573878950892 0.17617912065747718 4.357456418486683 255 255 255
1.254324660592641 -0.1657478105806602 4.411802642286977 255 255 255
0.9484096085486168 -0.09102813217496039 4.657605710123655 255 255 255
0.7974449692442058 1.101957564281863 4.6985521633259 255 255 255
0.7169806198965184 0.7740924192732943 4.782964260455256 255 255 255
0.9440958990177184 -0.2565113919420226 4.674995697390473 255 255 255
-0.1308324873190121 -1.1634383666917056 5.368613357271288 255 255 255
-1.9728380386050384 -0.7749299672741252 7.1134591414843245 255 255 255
0.8475451860587535 -0.801412477186442 4.807398395412978 255 255 255
1.0552155143480013 1.1127998647904547 4.47543464963564 255 255 255
1.130053168688651 0.7876824060235804 4.433141144355228 255 255 255
1.0779336235567594 0.8399872422363389 4.47677389956923 255 255 255
1.2928442978077557 -0.037759079712280014 4.373306817024162 255 255 255
0.7913643406602442 0.7865777424867864 4.722898512767017 255 255 255
1.2730916100390115 -0.9734249140705463 4.477934156157743 255 255 255
-2.777228977934885 1.3979823972751024 6.341397718921487 255 255 255
0.596162189234258 -1.6589185724671531 5.100958064401597 255 255 255
0.86494674056644 0.16682801212253875 4.700551904481011 255 255 255
1.2309630182429983 -0.09204735127751115 4.428486296144314 255 255 255
-0.10294349494203085 -1.828316850966332 5.69517095132187 255 255 255
-0.7463116249231561 -0.40161819440810925 5.696776541691459 255 255 255
0.4575087718730928 -1.822680225210598 5.224796198504914 255 255 255
1.2160752909761041 -0.5924584282153746 4.482672060889825 255 255 255
-0.26255760579569054 -1.0511164272447604 5.3430430324268015 255 255 255
0.770558240141892 0.851172174393279 4.728957603859056 255 255 255
0.8066443502109689 -1.6839457200880055 4.937082294037998 255 255 255
0.9569152072778568 0.2794692719516772 4.615807908948559 255 255 255
0.7644371289115369 0.2210474883428425 4.772213062231884 255 255 255
-1.1210968299581223 0.08218822133468504 6.125197442734278 255 255 255
0.8165086801025607 1.3179717835292075 4.54035840031076 255 255 255
1.1587413790472905 -0.6123024973069721 4.53894855354113 255 255 255
0.556633039613457 -1.3859192823862603 5.102553594564925 255 255 255
0.7215333601764689 -0.562204510303262 4.88840780010184 255 255 255
0.8032909864974911 1.0712620703017295 4.670925432345799 255 255 255
0.9169024623542775 0.8812278869886968 4.608971840744218 255 255 255
1.2430544081633093 -1.4133202910151228 4.542273387893924 255 255 255
0.4205942055116468 -0.6611610229543223 5.1382431792834975 255 255 255
0.7612142449676815 0.6356145863969999 4.741839319585223 255 255 255
0.562560011002679 -0.9812962683069911 5.053733654358987 255 255 255
1.2705281012079042 -1.035058271547976 4.482105016215701 255 255 255
-0.12300047023983351 0.1593015302557247 5.210522331911469 255 255 255
0.5395560435972325 0.9206857888608725 4.906399820921307 255 255 255
0.9258561210103188 -1.4494839929809895 4.802771241555597 255 255 255
1.1914471340645916 -0.7759201113120535 4.520915409584948 255 255 255
0.7498931952976068 0.1377815519458193 4.8077060153253095 255 255 255
0.9238065173358835 1.0395278018893104 4.583516420514587 255 255 255
1.1380676540549983 0.6679534653198471 4.430888446920425 255 255 255
-1.4894190814583215 -0.12217865234049166 6.660182262290537 255 255 255
0.9542652505777103 -1.2620518582832412 4.763426248005836 255 255 255
0.5726212653474528 -0.9421638357945881 5.047045868176006 255 255 255
0.9933340877379695 0.7598034604080807 4.559539831495468 255 255 255
1.079482678329424 -0.27892185456525326 4.5632035778745985 255 255 255
-0.3577049929602239 0.5031148710254862 5.243271687619032 255 255 255
0.5881783579426514 0.30778164102399974 4.935090359960129 255 255 255
0.7215333601764689 -0.562204510303262 4.88840780010184 255 255 255
0.008145646116096528 -1.7315971241077788 5.579920711816443 255 255 255
0.9044121549570844 -0.80249388699127 4.766761051364101 255 255 255
0.2924514518536337 -1.6235881611411722 5.345612747884779 255 255 255
0.7317652112257591 -0.5757344721659299 4.88087945731531 255 255 255
-0.6164948414155899 0.3598356965632105 5.41818838845395 255 255 255
-1.5732364091016533 -1.8231839978075137 6.880209803722103 255 255 255
-0.35982396513495596 -1.1674795773246553 5.267946031735509 255 255 255
0.6719102140013612 0.7503383573749507 4.812629701085122 255 255 255
0.7755501087191684 0.9211994859528035 4.718383996304802 255 255 255
1.0971486558525188 0.9226102662136338 4.447190784131192 255 255 255
0.297184525895345 -1.170410807987528 5.285535688007052 255 255 255
-1.8438201749225287 -2.1044025864465126 7.131452220923636 255 255 255
0.39908800371706765 -0.34636776207847675 5.1326919646034925 255 255 255
1.1303458601012912 1.1149258978861498 4.416770011286944 255 255 255
0.6890507799653667 -1.2633846472583365 4.9709121318423355 255 255 255
1.2221129165563522 0.16719999111944592 4.406916813149375 255 255 255
0.1166618345539443 -1.1159568505984327 5.431515179153737 255 255 255
1.2798022691031128 -0.3537800936835616 4.406580331200176 255 255 255
0.4974883810137942 -0.6909072123608572 5.080859469470247 255 255 255
0.8703209524806585 -0.9871403254267298 4.795340622010116 255 255 255
0.6519385392970655 -1.1081853756557585 5.005265495161562 255 255 255
-0.10294349494203085 -1.828316850966332 5.69517095132187 255 255 255
0.9664549184226643 -1.3411391263710666 4.765028612043474 255 255 255
1.0540515885658954 0.10376989165672691 4.555776354801753 255 255 255
-0.14054870596201513 -1.827350458978496 5.71526636698879 255 255 255
1.0100762281569953 -1.0241662985090958 4.689844370579421 255 255 255
0.5552269348212004 -0.05848915596508225 4.967475295598935 255 255 255
1.2729955525111825 -0.4188932262599888 4.418238638739473 255 255 255
0.7777259777213631 0.1702043247115042 4.768358530767718 255 255 255
-1.7106307792881823 -1.5064755459688204 6.964697247233655 255 255 255
0.8341115422991745 -0.5665753289618479 4.79037373983765 255 255 255
1.2914911473312034 -1.1872049196248855 4.485568596985665 255 255 255
-0.21665013978549053 -1.5070755416522017 5.740722223811776 255 255 255
1.061366990625554 -0.9728397032595588 4.645753826309885 255 255 255
0.6992505043076245 -0.6163245737445103 4.895876843358228 255 255 255
1.0851688821991747 -0.6214318860477608 4.590709326486231 255 255 255
0.549590417278439 0.309864495845828 4.952863570781785 255 255 255
1.0811315682471354 0.7498809104412902 4.475966859439265 255 255 255
0.7257473769894904 0.3399609725630131 4.796958211954991 255 255 255
0.9599665732103612 -0.27458333474938756 4.658450544686873 255 255 255
0.6643189049240229 -0.9068570805745771 4.965429050011632 255 255 255
1.0471268462043883 0.29638918937817393 4.534491189450723 255 255 255
1.2785912839794256 0.7301631795521221 4.327283005342113 255 255 255
0.6625514226436989 -0.2936131389102921 4.909772708806041 255 255 255
1.197814050331873 -1.2184362115229213 4.562685565502397 255 255 255
1.02139126553582 -0.30481391755332166 4.617769826305272 255 255 255
1.203501396749845 -0.04329473971394612 4.439580275324975 255 255 255
0.7894496855613913 0.9959082797633778 4.700781572194301 255 255 255
0.7660403086392095 0.3205195278210185 4.766691323473346 255 255 255
0.6973484959045293 -1.4939028046758023 5.009378325311469 255 255 255
-1.8530593759857128 0.2900671994975793 6.91236639605104 255 255 255
0.13956509187913485 1.2201617095272879 4.553509735867227 255 255 255
0.9983164683408344 -0.2800994882875446 4.635463262119605 255 255 255
0.6566895516831608 1.1038530028159061 4.813130622774641 255 255 255
1.1739149765487369 -1.424951769354191 4.60328916347124 255 255 255
1.2358875229348996 0.18517903188271825 4.39954483454302 255 255 255
0.46672844148683473 -1.507610818773185 5.185544355434081 255 255 255
0.8754541290012121 -0.061473361098454034 4.721340750996486 255 255 255
1.0809250804295858 0.6250311477858492 4.481842239547264 255 255 255
0.6179790559787299 -0.09241072804684053 4.925973406470028 255 255 255
0.9588861791824576 0.9116085142349732 4.560798279097485 255 255 255
0.9488686727889948 1.0975984706760429 4.581525797248644 255 255 255
0.010153355543559223 1.2673054438662275 4.644011140397409 255 255 255
0.8751718737381331 0.4108403883673304 4.668096727369271 255 255 255
0.747912721989892 -1.181215324773119 4.922622710081514 255 255 255
0.9979114333907536 -0.5783799567661728 4.660653243274236 255 255 255
0.9176876348026113 -0.46466816101619635 4.712113848095418 255 255 255
1.0176578461301284 1.1226961637971888 4.504838060161102 255 255 255
0.8878010005584874 0.6314882969858084 4.661972767612933 255 255 255
1.0925804458783361 -0.4370025325009193 4.581526252157197 255 255 255
0.09326451695981211 1.1811964646793414 4.641657209482341 255 255 255
0.642561516064012 0.4275454215062092 4.846538938751405 255 255 255
0.8929650473567401 -1.4084138622161633 4.826354496550681 255 255 255
1.2865062519482997 -0.9564891928074649 4.467365218489653 255 255 255
0.9635718967631547 1.1157872097588868 4.555328205387453 255 255 255
1.196146524360803 -0.8412917135709613 4.528581824843207 255 255 255
0.6719346626716788 -0.9552262905275414 4.962016904718036 255 255 255
-1.0982156479330254 0.6618645586093823 5.687509455514222 255 255 255
0.9888666794487299 -0.5611513716933509 4.672073920646745 255 255 255
1.090262361758582 0.16636906420030467 4.519986661574465 255 255 255
0.6989976557804414 0.9242903558175035 4.791534298542801 255 255 255
0.8829485888928683 -0.8480208765319571 4.777424705254105 255 255 255
0.1020035593314527 -1.109553161635512 5.439344140560544 255 255 255
1.2110302702983902 -1.1556196775749705 4.543995543965708 255 255 255
0.8335382540768753 0.6161969847017958 4.705571296541409 255 255 255
0.816580587637895 -1.6224719555867506 4.9153662597356815 255 255 255
-1.5400948953630698 -2.423243003748322 6.944979814568303 255 255 255
1.0075821186839733 -0.3656941157703582 4.627611914343799 255 255 255
0.09816194931850195 -1.2322568936396827 5.442794351297921 255 255 255
1.1321836029439902 -0.4256630984353115 4.538275637653627 255 255 255
0.7522254435763702 -1.1036485885116813 4.924147471970407 255 255 255
0.8780415314534324 1.1072791427137245 4.623927378076419 255 255 255
0.2359581146226693 -0.9794163251905713 5.320008922881055 255 255 255
1.0339920729974803 -0.38564346635020635 4.61579823007515 255 255 255
0.9371347477169953 -1.5194154431870235 4.810911984315627 255 255 255
-1.5000011659044536 -1.3027558742934715 6.769664587975073 255 255 255
1.0991882232923078 0.18283080358464984 4.50717256677889 255 255 255
1.2683107183942048 0.7394907079570746 4.32800729868079 255 255 255
0.7679422811945642 0.23452647178963051 4.770990091939977 255 255 255
0.9762072139618444 -1.5252644502992416 4.77149406619678 255 255 255
-0.8263745704874139 0.6956278648956312 5.466983950947428 255 255 255
0.8919821023852428 1.2369672517720944 4.490504098917855 255 255 255
1.1198091496153062 0.37484188934840235 4.471765134233748 255 255 255
-1.2381056584408718 0.1021161207860648 6.138562225540585 255 255 255
0.3969519767710611 -0.36279142759891353 5.131137014060575 255 255 255
0.9799895487200063 -1.399674717825696 4.752596261585095 255 255 255
0.8409734667452264 -1.69730901070076 4.903854867646992 255 255 255
-1.4855400507793073 -1.5594970709203266 6.773358998036964 255 255 255
1.0036129652461494 0.4925534491220118 4.559299408310093 255 255 255
0.6826821052697128 -1.0535339476244607 4.968331009615632 255 255 255
1.153110287315313 0.7428774914143793 4.428049268257519 255 255 255
1.262787431878534 -1.5974285010778961 4.553306231221795 255 255 255
1.0590634637340188 -0.5520495577313131 4.603953691061593 255 255 255
1.1807809388617794 1.296807917517289 4.248611114427697 255 255 255
0.6502631219828318 0.4690644490158638 4.849922302476261 255 255 255
0.8082667756118749 -1.564268033647966 4.918283939006813 255 255 255
-1.8687396158255518 -1.3302914946353177 7.073483753377192 255 255 255
0.3405177541955118 -0.739275321062636 5.2049388643788745 255 255 255
0.8278004834133215 1.2509738120570564 4.542085975332907 255 255 255
0.4739721060252281 -0.923689870513068 5.113499728130276 255 255 255
0.6369578699016466 -1.4739256166364698 5.042135489666335 255 255 255
0.98577139005543 0.6137656797181974 4.588398240023451 255 255 255
1.0696063407064202 -1.3592608070737309 4.681801592999938 255 255 255
1.2673145375451385 -1.2175632599415982 4.507498421000766 255 255 255
1.2883315572742178 -1.2655498230211022 4.492449149482783 255 255 255
-2.101524306818178 0.007756112163091874 7.166404449623003 255 255 255
0.7264927588962199 -1.1162990688531218 4.926083736581182 255 255 255
0.8361048484236474 0.736651023009469 4.686047360830719 255 255 255
0.9505414343714714 -1.289140252619823 4.768280990963458 255 255 255
0.7927470633552757 -0.4040094167801701 4.817881367006877 255 255 255
0.0109980971214687 -1.6853570240933027 5.577875694403614 255 255 255
1.0117648823881684 -0.3815444108462677 4.6275184011780865 255 255 255
-0.1559489092679571 0.35307113564160286 5.31208086308968 255 255 255
0.5976274218143219 -1.1446832525636421 5.0362573404306215 255 255 255
0.853887553083169 -0.5886610093132284 4.767130724769568 255 255 255
-1.493878566249139 -1.7571493902374569 6.818777350687362 255 255 255
0.5976274218143219 -1.1446832525636421 5.0362573404306215 255 255 255
1.2326638101794964 -1.4677517569385201 4.570618057566117 255 255 255
0.8491740869439928 1.1662007435072785 4.628307036858568 255 255 255
0.648375500390869 0.1934191332379459 4.8693968586334355 255 255 255
0.9951809058361177 0.24417264462871952 4.589045388763042 255 255 255
-1.1681968296267804 -0.07234243442540515 6.147529966695376 255 255 255
1.0751636866353795 -0.45518743020618585 4.580984293152433 255 255 255
-1.8507849484350969 -0.06854436145163546 6.959590849048116 255 255 255
0.8333082965728704 -0.4385166086256022 4.77588526782861 255 255 255
1.0693008333565335 -1.2798968312259944 4.677791659229228 255 255 255
1.1586512846240855 0.012860691944336628 4.470820440036836 255 255 255
1.1796616873370587 0.5620398698454829 4.410314058192662 255 255 255
1.0741855849623672 0.8673746075841492 4.478953593734862 255 255 255
0.4617905387233203 -1.1447852634061626 5.149299905896138 255 255 255
0.7753673501761653 -0.7459847433331044 4.864277615749849 255 255 255
0.12871083793100774 -1.1044392518156152 5.4158827075086355 255 255 255
0.06123345985445231 -1.1505918009645428 5.470560885339489 255 255 255
0.45791208134181405 0.19693156034390516 5.040458041415633 255 255 255
1.2473678450979615 -0.6583382032976501 4.46563243464563 255 255 255
0.5362322419576208 -1.0939292386105162 5.084270730333323 255 255 255
0.9792932997988953 -1.4140916237812184 4.759352946984089 255 255 255
0.8959973431980551 -1.338315554562121 4.817737010961898 255 255 255
-0.6887817971294231 0.07163697812486149 5.531942060971328 255 255 255
1.2192459560286573 -1.5435882773802734 4.578724563878482 255 255 255
-1.1286259323591907 0.4513999806819884 6.121891805562775 255 255 255
1.0357702911491364 0.17779343492541594 4.559837830713138 255 255 255
1.029017367363212 0.7238610064141064 4.52772756018693 255 255 255
-0.4090477679034863 -0.1563224167309277 5.374846099848015 255 255 255
0.5594773808680484 -1.0158561125407013 5.053479019244635 255 255 255
0.08347931399270243 0.34366595068994615 5.108221724785904 255 255 255
0.9807622810083636 0.6593396246701478 4.566328919714148 255 255 255
0.44950459084308025 0.37268607836149154 5.015683541363171 255 255 255
1.2542240828674418 1.0620864107206183 4.307499304043246 255 255 255
-1.1098849728098619 -1.9247195088089797 6.511762524495982 255 255 255
1.1951464786706694 0.07839608466339086 4.438411167806783 255 255 255
0.9442634049666824 0.5412297299871548 4.605469934963639 255 255 255
0.9005950572741342 0.7743407711672292 4.629172748895019 255 255 255
0.48066294857818825 -0.9464886619078239 5.115881439275417 255 255 255
-1.182248233760264 0.15401117304508977 6.1479334126952105 255 255 255
-1.7344148295843138 -0.2594478991216949 6.870823323691396 255 255 255
0.583559040319937 0.47381141357540957 4.893769290531328 255 255 255
0.7334208756738153 -0.7420855208457222 4.897258233655032 255 255 255
1.059306593432274 0.39217627507648123 4.520495327966764 255 255 255
0.7510248864005175 -1.6905268356573786 4.977945278102972 255 255 255
-1.096078253157627 0.12706682939441152 6.117034223662164 255 255 255
1.002305612066122 0.10934075133989393 4.584708736677044 255 255 255
-1.2756394534681788 -2.055274922766288 6.669575236741906 255 255 255
0.8003297866091039 0.6140939546447166 4.733003419178725 255 255 255
1.015342010589971 0.3389664920345735 4.562515288296154 255 255 255
-0.7312384413302968 -0.4294144994892398 5.685188597047749 255 255 255
0.8988911543716701 0.8823137436196616 4.622078247602774 255 255 255
0.48165399823418603 -1.5130809743207851 5.186590409791468 255 255 255
1.2283266448036834 -1.3129843853860226 4.543118676108335 255 255 255
-2.3654978760316085 0.8826798793589756 7.263836450852886 255 255 255
1.153110287315313 0.7428774914143793 4.428049268257519 255 255 255
1.2254158472222474 -1.1272597397061015 4.527218784100352 255 255 255
0.5976780895167324 1.343701069655434 4.734805163246691 255 255 255
0.7505736597869364 -1.5555713538126528 4.959761818481298 255 255 255
1.0132112332885186 0.15645674369155144 4.580228072421186 255 255 255
-0.4513746285845346 -1.870599849050936 5.869703024127561 255 255 255
0.1841293657771151 -0.643331679186975 5.331987765791826 255 255 255
0.4122165241860198 -0.36170310647920584 5.11182525946958 255 255 255
0.892482064825679 -0.927254293516333 4.788204680664183 255 255 255
0.9781451889779552 1.1233230913624361 4.537129465053375 255 255 255
-1.8584361338020228 -0.3584448888997318 6.981854048836253 255 255 255
0.7273893005136131 -1.2959631876533277 4.957190316789598 255 255 255
0.0767549446824045 -1.7677617888029509 5.516289603154687 255 255 255
1.2256006892546858 -0.8759193848784005 4.503962631885745 255 255 255
1.2159465706458037 -1.4787867062726125 4.581680455878377 255 255 255
0.9046856508835603 -0.4530751554167538 4.71886205390504 255 255 255
0.3991633574558555 -0.6688025632424162 5.154147744681078 255 255 255
0.8632933720458307 -0.05016118776676002 4.7300718242588236 255 255 255
0.006523984922746988 0.7396573389149041 4.77414449553277 255 255 255
0.8302967038139525 -0.03396396868903307 4.752248652281612 255 255 255
1.0966925766930433 0.3686133801696267 4.491551784251742 255 255 255
0.5058551130034947 -1.3330985592949811 5.134028673941817 255 255 255
1.2159763430613593 -0.12442145532101301 4.441451411600424 255 255 255
0.8172640079422183 -0.777944234835764 4.831309712312295 255 255 255
0.5658039066824151 0.5207526205249408 4.919465928751309 255 255 255
0.5301492404600086 -1.2397648342740843 5.095248054439271 255 255 255
0.7791460383972694 0.730060139848553 4.732251384445842 255 255 255
0.5256095672559874 -0.7524319508974489 5.0557496020844335 255 255 255
0.9255267047301281 0.9007269606407098 4.596130821566059 255 255 255
1.2819220394588389 -0.5864189304595261 4.4304317092153465 255 255 255
1.0641102824427386 -0.3341825495764738 4.583381640377347 255 255 255
0.4349944798231481 0.39045932379173737 5.0222405459995105 255 255 255
-0.2559634129568974 0.683383003255311 4.990489944848715 255 255 255
0.3909452125625054 -0.908051856339069 5.1895963704162185 255 255 255
0.8850912864483629 -1.3738155968367303 4.8391276319465835 255 255 255
0.15164466899444026 -1.1206871110927215 5.395679001272378 255 255 255
-2.0974754480585576 -0.3726844778210578 7.182559513695808 255 255 255
0.7033661233821161 0.13799770319294113 4.836755343901009 255 255 255
0.6304562546278674 -0.9380421912222782 4.990180571434127 255 255 255
1.1541949984000877 -0.4641541304729842 4.527070954418481 255 255 255
-1.5498587731820115 -1.4180986075478756 6.82737812208249 255 255 255
0.8673376311302924 0.782079917561062 4.653089735510144 255 255 255
1.0919543311441624 0.25935340492317654 4.517051167168242 255 255 255
1.1121121477302902 -0.6675003751465464 4.580484722876901 255 255 255
0.4141762103940468 -1.330006830829787 5.215345177731736 255 255 255
-1.1681968296267804 -0.07234243442540515 6.147529966695376 255 255 255
-0.8645486366772552 -0.5430327472020907 5.732560404453426 255 255 255
0.6591312824654857 -0.9654239234254554 4.968266384713089 255 255 255
1.2507481444713027 -1.5504491226520885 4.557929269427847 255 255 255
1.131633583419631 1.2287073848587846 4.28879514414773 255 255 255
0.9522315059753268 -1.3855663513498564 4.774443525981846 255 255 255
1.0348749120079623 -0.8034965569949196 4.657490876726575 255 255 255
0.4499518215009017 -1.0882392832186827 5.154528604824444 255 255 255
0.5625522333706114 0.3193542033574205 4.951224401918425 255 255 255
-0.25628336405485636 -1.899897075852641 5.812726261286512 255 255 255
1.2513337693905409 -0.010947585145688004 4.398599735166143 255 255 255
0.5245833688639016 0.4432637806117575 4.950904864502098 255 255 255
0.8138130828690664 -0.3866923481556917 4.786980985587425 255 255 255
0.5808751278383621 0.6421698416534686 4.90271281651787 255 255 255
0.8911143682983631 -0.4554585434381837 4.73061408408942 255 255 255
-0.051172828608991416 0.8952915790137953 4.780492751715532 255 255 255
0.7536581345475359 1.286504100870781 4.603950275338548 255 255 255
0.8330776477708621 -1.1682823502733422 4.851715719308002 255 255 255
0.5927413913054537 0.2766325501772309 4.915694013423168 255 255 255
0.8709890609777651 -0.8563071259549292 4.786106942427277 255 255 255
1.0540515885658954 0.10376989165672691 4.555776354801753 255 255 255
0.9720723083958194 -0.5630443621256429 4.68037293399975 255 255 255
1.1811119250818256 -0.2088398015682587 4.4769457333857305 255 255 255
1.1918045751681485 -0.6566573092350307 4.51013396100098 255 255 255
0.21749778637739184 -1.7327630919333843 5.409807008810481 255 255 255
0.37789561600890986 -0.7234440355283939 5.174157433447541 255 255 255
0.5799985805536861 0.3196028908463927 4.938803177373311 255 255 255
-1.871005346710552 -1.5791698669186471 7.088331852363645 255 255 255
0.18156701704337347 0.4218705443427549 4.848640020408677 255 255 255
0.5238231515766933 0.1781400332676417 4.980900281775031 255 255 255
-1.8286220063520668 -0.3814143160888658 6.956547568956113 255 255 255
1.2682577047822186 -1.0580215409970308 4.488597053963256 255 255 255
0.43530686141096764 -1.6127249481243258 5.222572025008154 255 255 255
0.7992584405485371 -0.5773922947988416 4.830410482458113 255 255 255
0.7483517224405676 -0.7615176913977613 4.876035258113984 255 255 255
-0.5540335624808878 -0.7972929650413458 5.408119994869977 255 255 255
-0.23971648341393806 -1.78258850088948 5.78331321845016 255 255 255
0.47112726247827114 0.4530131557287035 5.005779777024199 255 255 255
0.46581034291645107 -0.9034125097048186 5.127737286708444 255 255 255
1.261542427762803 0.2181348228118523 4.373654699009079 255 255 255
1.0656431098204608 -0.2476378843438697 4.579079659472263 255 255 255
0.11858235233917756 -1.1232676202249456 5.422607241276803 255 255 255
-2.3763642680248904 0.6682969171361869 7.281217467657861 255 255 255
0.6685764207570511 -0.093125750997021 4.8820913336435385 255 255 255
-1.844932653965541 -0.8031023265846432 7.005471659182336 255 255 255
1.0660517088664236 -0.9446906737128966 4.635134719226927 255 255 255
0.007534980804971555 0.9031088722271694 4.739818075887962 255 255 255
0.2759034726953397 -0.9082043968642929 5.272275836648276 255 255 255
0.7610652116349399 1.1279513324694792 4.713223912681794 255 255 255
0.9140355985238543 -1.04083014907026 4.769614032107166 255 255 255
0.7232859806473526 0.41689174509044885 4.797117809962387 255 255 255
1.1954833461923098 1.0162955293127731 4.369025926878539 255 255 255
0.6551142280696616 0.42309038666530047 4.845257255431227 255 255 255
0.5641119107194382 0.531999463110813 4.9208873844864 255 255 255
1.1969785786078504 0.0686533239254441 4.435607959968165 255 255 255
0.6456013599712711 -1.6627176723992094 5.0651288282484 255 255 255
0.9778156529747062 -1.1853950512511098 4.736685121489282 255 255 255
-1.0486848251634342 -1.8296757593671509 6.463604825156874 255 255 255
-0.7035903580971202 -1.793989142943761 6.156570739682794 255 255 255
1.2091329188460604 -0.4784807567422441 4.474543812324106 255 255 255
-1.3853707879261958 -1.9360112626911419 6.743286352504757 255 255 255
1.0497804500757377 -1.5083917110577427 4.698275054625088 255 255 255
-1.7921412381204334 -0.866479316175129 6.95138588183883 255 255 255
0.8232862277569094 0.9316712021212011 4.67160230413099 255 255 255
1.2268260592690683 0.6479461174381841 4.357750937412585 255 255 255
0.6248747325311468 -0.779730269091743 4.979443321812229 255 255 255
1.0545820832777646 -0.27497362872507314 4.591749349452942 255 255 255
1.0001334974007692 1.1091224238979147 4.50905049462059 255 255 255
-0.7360458594829984 0.051437312814375975 5.552620934673301 255 255 255
-0.631395769617737 -0.5008986923731442 5.605040806784954 255 255 255
-0.8414030283482319 -0.16824434574682803 5.737659524014733 255 255 255
-0.5771347700703 -0.9591352787132068 5.482331061248147 255 255 255
1.0656174510362866 -1.4839218304450894 4.691820228682353 255 255 255
0.9502216601049592 0.1291940373704014 4.630333804236884 255 255 255
1.011227836170908 -1.0130645337062234 4.68408500816554 255 255 255
-0.5799967168438157 0.340900548966006 5.402265058072816 255 255 255
1.0005644035357821 -1.5640739111875224 4.765200990703615 255 255 255
-1.8331857000579093 -0.8448025311791396 7.007480395019747 255 255 255
1.28779497870306 -0.3068499342322666 4.397265995355375 255 255 255
0.7442843937039224 -1.163458934342675 4.9212511951406865 255 255 255
0.8290473107634464 0.8897178077918788 4.678428558333071 255 255 255
0.88510742620162 -0.016588510742628404 4.712607789819395 255 255 255
0.6840011408299149 1.2439719098870272 4.663848261988144 255 255 255
-1.6880373520265446 -1.3903702008307628 6.938948233974798 255 255 255
1.0641102824427386 -0.3341825495764738 4.583381640377347 255 255 255
-1.5945786629432996 -0.23436443911006796 6.749037826877098 255 255 255
0.4645251205903488 -0.6797896300588845 5.117911113323365 255 255 255
1.2041679597987753 -1.5424528804676367 4.583596996809284 255 255 255
1.0176578461301284 1.1226961637971888 4.504838060161102 255 255 255
-0.32535357110658236 -1.7808726906679715 5.846978877229698 255 255 255
-1.5444305616884002 -1.2857258199954646 6.816824374600183 255 255 255
9.756522833224751e-05 -1.795457288578458 5.586491616203899 255 255 255
0.2033583634557743 -0.6570923154904723 5.321681108787562 255 255 255
0.6495400859230905 -1.267886182666365 4.995448868626494 255 255 255
0.9332505933599132 0.6102236303823849 4.626723224706763 255 255 255
1.1802939539897908 1.1109334641591138 4.3733262854008705 255 255 255
1.204784091290426 -1.2989455006684671 4.573144754483697 255 255 255
1.2392976784937415 0.5597995499560269 4.3676025110696335 255 255 255
0.7366870877506975 -1.6626490606685789 4.991727684063588 255 255 255
0.8935080090800414 0.16118953978547848 4.692332193620303 255 255 255
1.2266973635837533 0.7738282295254372 4.3624819118145775 255 255 255
0.6714747791869511 -0.11942569195485524 4.87994735734722 255 255 255
1.0485500456045291 0.5129388896502877 4.5306459183545105 255 255 255
0.9018699495451392 0.6585139219107735 4.627393861041697 255 255 255
1.1195449216669333 1.2075038500936601 4.303352262370902 255 255 255
-1.6200585001993197 -0.09906272199801079 6.764686070060103 255 255 255
1.0261330833346316 0.2593736825087538 4.556328962742941 255 255 255
1.0387326829506458 -0.3369805667152492 4.59938694319441 255 255 255
-0.5933110931844092 0.7550804705621337 5.271141045528916 255 255 255
0.6050805739095113 -1.6547209953962323 5.0917408616746815 255 255 255
0.5354290223322765 -1.6661102357600355 5.142307411359947 255 255 255
-0.1703233695534762 0.5684054116012859 5.185581628636189 255 255 255
-0.6719997154295607 0.6133042572914046 5.331157567880868 255 255 255
1.2471725932306954 -0.20586779958832463 4.419963435374044 255 255 255
0.0718452315279105 0.4645471012398018 4.904590625360605 255 255 255
1.117892119299938 -0.29515527692956284 4.53425738379025 255 255 255
0.6908588352193852 -1.416641367902517 4.985068971971911 255 255 255
0.7996518815167689 -1.3182173179729721 4.8965089352365245 255 255 255
-0.07752068639169407 0.5837574286007498 4.842370507812454 255 255 255
1.3039201055715433 0.5677352551882822 4.306231495467654 255 255 255
0.6162197190256637 -0.5627598997407525 4.987132279414021 255 255 255
1.2875338632425077 -0.6463723393556251 4.4317485367749505 255 255 255
0.5301492404600086 -1.2397648342740843 5.095248054439271 255 255 255
0.8528723341931742 -0.20815428748272433 4.75075104181455 255 255 255
1.2795682969118198 -1.3366179674616634 4.509618810317995 255 255 255
-1.4520084954764914 -2.05958474860416 6.810954864776559 255 255 255
-0.46099496546590174 -1.8679282592483601 5.877796906836032 255 255 255
0.2120137954529508 -0.9631215267330668 5.337024380276196 255 255 255
0.04327525789196699 1.2971573385026933 4.61883971573951 255 255 255
0.12293341086341276 -0.966583279705769 5.409476061294658 255 255 255
0.4319853153847459 -1.1819152889032576 5.173110114910264 255 255 255
0.7855375818504894 -0.3100145422321868 4.80646348263985 255 255 255
1.2566710112778128 -0.9479074887734525 4.487039834617191 255 255 255
1.1758396490493195 0.28409560359536035 4.433666935729975 255 255 255
0.6411502727531349 -1.6732051950010198 5.05745580374858 255 255 255
0.5533457353105931 0.5140783854890447 4.927294591165251 255 255 255
0.7578958103865839 -1.1422482020845406 4.90848279528599 255 255 255
-0.7467458894838725 0.02838958769929781 5.574423558661331 255 255 255
0.7272182515241146 -0.5459497089247229 4.8844917084958 255 255 255
-1.3365048515361646 0.5918904460506124 6.191077447141577 255 255 255
0.12296074558545039 -1.4615097049771755 5.459742798119617 255 255 255
-1.0989624233943318 -1.625716523130804 6.478568096491937 255 255 255
1.1514756619043995 -0.7751872512247726 4.5448827362938955 255 255 255
1.2618845673950758 -1.5882250234818227 4.554305275480134 255 255 255
0.9050604491709046 0.6324875461691171 4.634137775694682 255 255 255
0.8331262052558703 1.0967095486349263 4.667653000412996 255 255 255
1.2453300997769143 -1.3830691842433904 4.540340038288662 255 255 255
1.0788357920699887 -0.051844153311480505 4.5562133141566745 255 255 255
0.7295060693357339 -0.9601858561159169 4.919489697666474 255 255 255
1.2527198773586254 -0.3936607449603898 4.434503061684267 255 255 255
0.516515033391445 0.41882169342059883 4.958203059294505 255 255 255
0.9055944797460702 1.0573017649289753 4.599250424949616 255 255 255
1.2261402767516087 -0.07241782603250099 4.426263714615677 255 255 255
0.019758187802316547 -1.7071030048588793 5.567053339547036 255 255 255
-0.04236532436906456 1.3111510662216248 4.687555241661714 255 255 255
0.8486551217245487 0.18889649411189985 4.7156382864676605 255 255 255
1.2044505832279342 1.089156248697808 4.3543312855051 255 255 255
0.7225996688536298 1.2495536811998893 4.638346050207097 255 255 255
0.5818532708423516 0.1744340755317612 4.946971231642455 255 255 255
0.7505736597869364 -1.5555713538126528 4.959761818481298 255 255 255
0.062075745134737695 -1.8277767354960157 5.5452582125190615 255 255 255
1.206560144537753 -1.0166425109847037 4.528590721204479 255 255 255
1.1926254891347547 0.0861702768938181 4.439160477732854 255 255 255
0.45612732630616915 -1.0477824441416619 5.137041279212397 255 255 255
-1.16204125150642 0.12367828278584374 6.151481691572112 255 255 255
1.0475510937012555 0.41542541265246896 4.5369750390109935 255 255 255
-1.7623638620795234 -0.3864794328289405 6.897339334093849 255 255 255
-1.6489697403733432 0.32734185550265515 6.761696669854837 255 255 255
0.7652850105056461 1.238419031085708 4.5977038216412165 255 255 255
1.092617932189182 -0.6393369663247869 4.591136427406298 255 255 255
1.2912446784833158 -0.1638758786723678 4.383078421279682 255 255 255
-1.5783704004448886 -0.1177990354687264 6.731740213408964 255 255 255
0.9124285359093297 0.2840142729723558 4.651620111828454 255 255 255
1.2936468383642827 -0.4487794059945388 4.411964563259799 255 255 255
-0.14033243990988276 -0.3273047174613705 5.343983063876219 255 255 255
0.35401568345470047 -0.750133224425363 5.190561180800632 255 255 255
0.8274772733779395 -1.2013792988847025 4.859159321241188 255 255 255
0.7305204204012307 -0.2581475620424626 4.853132716826566 255 255 255
1.0578575286926415 -0.5058935584485751 4.601127818934658 255 255 255
1.0737306884579283 -1.2535292389786865 4.663556804158321 255 255 255
0.4564794060303434 -0.4496524421263505 5.087055867489288 255 255 255
0.15204023363250482 -1.7364874494555227 5.475357652028496 255 255 255
1.1323603507174065 0.09045380715324526 4.487560456008248 255 255 255
0.6376117577611593 -1.2371464579802338 5.015890285160027 255 255 255
0.7548128323228183 -1.1287023996006482 4.914081343444178 255 255 255
1.1625727203812708 0.49682435921709467 4.427682202735869 255 255 255
1.2283266448036834 -1.3129843853860226 4.543118676108335 255 255 255
1.045904009027222 -0.939241766161188 4.658618000073469 255 255 255
1.0980595766837788 0.24233742826390933 4.51071540451098 255 255 255
-1.8209980541200126 -0.8548575294429217 6.990987618841291 255 255 255
1.2073000404618035 -0.3114158592824058 4.4605252193508536 255 255 255
1.275435425365088 0.3010483049220615 4.350108758086612 255 255 255
1.1838775409961213 -0.8319462713894366 4.533234492048697 255 255 255
1.232597470869344 -0.4608379287544335 4.462769441874018 255 255 255
0.008535908992284706 -1.5552178150534874 5.572470111229297 255 255 255
1.2406082215227745 -1.1065353323639426 4.509732365124039 255 255 255
0.9804571860295178 -1.0092198536392794 4.705472406328334 255 255 255
0.7604632176381099 -0.6522694402166181 4.855795854748877 255 255 255
0.9407471572421685 -0.7937836602239915 4.735383186315529 255 255 255
0.48596057050000263 -1.298314259231881 5.150955391689527 255 255 255
0.6029551980802399 0.7753735559567122 4.8778616063703595 255 255 255
1.1548612785024626 -0.7014492668165547 4.538869192773396 255 255 255
-1.2002517988462098 -1.9732671596697926 6.585262390679436 255 255 255
0.7975602179092746 0.5058354969561257 4.706646795494469 255 255 255
0.9217908135481745 0.857466221814611 4.604735407235029 255 255 255
-0.25613097782853833 -1.7015319617192275 5.788745116878811 255 255 255
0.43634453203911433 -1.0769888066769941 5.167395554776915 255 255 255
0.33804555921445517 -0.9346490402061548 5.233838257379479 255 255 255
0.09582932280158056 -1.5619329607527945 5.494438856014041 255 255 255
0.9750192260771953 1.2217545687294817 4.423774516753921 255 255 255
0.573146703147104 -1.0321922601929374 5.049623832304462 255 255 255
0.07595068607899956 0.7497207139197081 4.621434230822697 255 255 255
0.9344502823105616 -1.3040442864463544 4.78259833221229 255 255 255
0.49614005245342085 -1.0113895492021772 5.1121829114123045 255 255 255
0.859828199440446 -1.671855324156559 4.890042502798853 255 255 255
1.185421898459805 -0.8152619991375407 4.53029644976389 255 255 255
0.4884546946152664 -1.8184296164779752 5.200029191857386 255 255 255
1.0004974548204266 0.25778603476998446 4.584579290590042 255 255 255
1.2272956429968878 0.7611392533052785 4.355765225285263 255 255 255
-0.6066440984280116 0.6186890765954811 5.28227880035407 255 255 255
0.04326346105056813 -1.8330155346001948 5.56885697963534 255 255 255
1.0806061270430798 -0.4840122552408098 4.582840460526371 255 255 255
0.5485758839833048 -1.6663463093692734 5.137714199439863 255 255 255
1.1834682374780745 0.0985299422429144 4.451955911339771 255 255 255
1.2222192303729753 0.9985102473814709 4.348005606419803 255 255 255
0.6682191371614926 0.4219089152251098 4.843212053594556 255 255 255
0.865110572539992 -1.509556141546247 4.8719583349120885 255 255 255
-1.5526129001365419 -0.39403408364943543 6.730004032271374 255 255 255
1.2573765774145396 0.2970386495732976 4.3651164550987644 255 255 255
1.2768553639870581 -0.7312523623717379 4.444158958981113 255 255 255
1.0421430557280933 1.1036131954147181 4.4843653900499545 255 255 255
-1.7674014729303027 -1.5250901230962906 7.0062005524049455 255 255 255
-0.21495710342003171 -1.792652390930827 5.766697536197331 255 255 255
1.0575849498944025 -0.6107911471151195 4.62014795940106 255 255 255
0.613863768730561 -0.7605743300620441 4.98460456625753 255 255 255
1.1838775409961213 -0.8319462713894366 4.533234492048697 255 255 255
0.16605100058344782 -1.7297897211724809 5.456705342931359 255 255 255
0.3193631403704839 -1.625016549727302 5.30985560420837 255 255 255
0.916811012463357 0.4209523566850278 4.623275626898161 255 255 255
1.0360668185940145 -1.2019003063331477 4.692731246336741 255 255 255
0.8953885509502497 -0.7416171840640189 4.7719342387181145 255 255 255
-0.1451382636201569 0.5668482272379306 4.89571147015566 255 255 255
-1.3369313732350345 0.9068711201142181 5.758760884302466 255 255 255
-1.6013476322019415 -1.106678639876612 6.8360977248061285 255 255 255
0.5873055142403587 -0.3852620298545342 4.974438763658895 255 255 255
-1.7803218784024113 -0.37740174261280224 6.900261229438805 255 255 255
-2.028543984218674 -0.7762069187327495 7.152922174951762 255 255 255
0.5052057843409642 0.614421258363124 4.9668190421083125 255 255 255
1.123965946523787 0.7203531582786792 4.450499699999179 255 255 255
0.5641991743581779 0.606198739102813 4.910924773265906 255 255 255
-0.017959980138662467 -1.455376898756947 5.564384396531083 255 255 255
1.185884764527114 -0.6933821795015875 4.510401867899235 255 255 255
-2.0784456289493027 -1.250734955195644 7.243518236670191 255 255 255
0.7238958521338253 -0.28942144041850687 4.855397775429641 255 255 255
0.6097870937666172 -0.7397294397478421 4.976049408945394 255 255 255
1.0165203514231267 0.6429024053298813 4.540123742207796 255 255 255
1.2033482264179258 1.0626368681397675 4.359283182875948 255 255 255
1.2794509310715603 -0.502620195568035 4.420162973321734 255 255 255
-1.3715161576255748 -0.604942329258948 6.612779902368135 255 255 255
0.9869053835874649 -0.11430522229481006 4.622034452461722 255 255 255
1.135900857379694 -0.35058480045760115 4.521807890369735 255 255 255
0.8682478649436604 0.8866648407345841 4.645162017802186 255 255 255
0.9824986426105246 0.9703916621011933 4.5435125888586 255 255 255
1.2674029384816843 -0.8342472418972978 4.4706103893646585 255 255 255
1.074302186411476 -0.07435115672221757 4.552259185827959 255 255 255
0.7415831358805393 -0.3560339701023508 4.8429954415890375 255 255 255
0.6135546320640496 -0.7923621574501587 4.988606597878054 255 255 255
1.262945717629997 -0.6292591014189696 4.445223386312586 255 255 255
-3.0116927002850713 1.4455830657380653 7.045970203508655 255 255 255
0.7263807342170883 -0.7756092908361326 4.898341041488462 255 255 255
1.2242592645648616 -0.24622951589419118 4.438700177998146 255 255 255
1.0924700694747242 0.7729520024309199 4.4694267107360215 255 255 255
-0.20367542476759018 -1.423069470232488 5.713432185652468 255 255 255
1.0325755740380096 -1.4103498044796348 4.712473362394146 255 255 255
-0.8978127228063865 -0.9097389478018876 5.763183463626123 255 255 255
0.5835202611726347 0.031277509100887724 4.934341858019248 255 255 255
-0.18550558282080343 -1.991578154551742 5.774220412242596 255 255 255
-1.5681677356300077 -1.5356063691337611 6.848213067669087 255 255 255
-0.25244826612721755 -0.9422683287516624 5.323023190257686 255 255 255
1.1401873371641962 -0.6058396081013944 4.547773892830455 255 255 255
0.38148091062045086 -0.666463323673023 5.171584879172838 255 255 255
0.46236678139998216 -1.0383873344100407 5.133945731883358 255 255 255
-1.7617095114482384 -0.2138823263217272 6.859471053606622 255 255 255
1.0035605408728148 0.569176642553828 4.556286511328845 255 255 255
-0.08111347501028811 -1.7877940938710164 5.660212888776322 255 255 255
0.9091187009031212 0.1604899048243772 4.684101814430834 255 255 255
0.6519590358435015 0.7723436976809902 4.829352596767861 255 255 255
0.9297780229369031 -1.31979724071948 4.798768019658768 255 255 255
0.9044357795998191 0.9295593266160458 4.606106534570983 255 255 255
0.794577152565186 1.3526995564175819 4.569793185483339 255 255 255
0.14760646185430057 0.7668694393363438 4.547962792220956 255 255 255
1.2756796526595382 -0.7054501030888316 4.444495133427532 255 255 255
0.6202333822394628 -1.0407300456320474 5.0158729104981505 255 255 255
1.0309008450271584 0.0337399746500556 4.574101042990157 255 255 255
1.0178912533400823 1.2494710737665904 4.383144781088822 255 255 255
0.5859976865761393 -0.9105791925755035 5.0506015763409735 255 255 255
1.0275101851439028 0.45327299380789654 4.5534932436658275 255 255 255
0.6591312824654857 -0.9654239234254554 4.968266384713089 255 255 255
0.39524959687648614 -1.5773837490467706 5.2472155138450445 255 255 255
-1.4676595471855094 -1.5542363053887538 6.766075832928318 255 255 255
0.9433665643160422 0.4095132864829956 4.606396231930152 255 255 255
0.9184815659472098 -0.7474463075521766 4.752605298255629 255 255 255
0.8308635813000027 0.24113726793515047 4.717154280385603 255 255 255
-0.6082456107081475 0.7634446135852606 5.280863824569337 255 255 255
0.45553135358634855 -0.8824824516896016 5.137828476883118 255 255 255
1.1474083084699078 0.22392085784238058 4.466307825766421 255 255 255
0.9094259703636757 -0.9477144830386434 4.76430858048507 255 255 255
-0.7629382913573065 -0.4128349880716635 5.705272523014512 255 255 255
-1.7681120029559765 -0.6685119362154799 6.932049276387908 255 255 255
1.0880920077960807 -1.5980586973173925 4.680451101422126 255 255 255
0.21317564809726716 -1.13082069479497 5.3474142505541735 255 255 255
0.6645933056044021 -0.1290409994732685 4.888293476218916 255 255 255
1.1455614355895791 -0.043701185967844704 4.4967901729035455 255 255 255
0.6506233312011614 -1.7038361096805326 5.0558860264479355 255 255 255
-1.3686619494420482 -1.9162603134396077 6.730960148649097 255 255 255
-1.6014887990052777 -1.259824699411379 6.863728490537731 255 255 255
1.267481331434251 -0.7606861800003976 4.459486700187278 255 255 255
1.2961569571538787 0.38888670015646826 4.332641039364866 255 255 255
1.2471725932306954 -0.20586779958832463 4.419963435374044 255 255 255
-0.6897564535051609 0.23147206898804826 5.443038085331475 255 255 255
0.9951809058361177 0.24417264462871952 4.589045388763042 255 255 255
0.8012404410351629 0.08469745007910162 4.76470279326971 255 255 255
-1.7914707392167395 -0.36204294044868146 6.90831657444784 255 255 255
0.014766914549160846 -1.918389602851479 5.606772080370559 255 255 255
0.8705099392226859 1.0985095528831188 4.633363196744045 255 255 255
0.47398872529977737 -0.8791262828033143 5.12215566157794 255 255 255
-1.7401566768650363 0.1448119442663494 6.857029041369096 255 255 255
0.20387817910517272 -1.8413941642974783 5.435984592651114 255 255 255
0.9683839058141496 1.3379337755187852 4.419911596290953 255 255 255
1.2661991094167382 0.32933695354603404 4.362772084572891 255 255 255
0.3337465824182678 -0.8996898847838897 5.232318371264637 255 255 255
0.7634788806939371 0.012873852750556103 4.796458008041459 255 255 255
0.9045649943126552 -1.3268307939742892 4.816482697430396 255 255 255
0.8318101188656161 -1.1490700844571935 4.855251785701865 255 255 255
1.2795221476175396 -1.1141096902976313 4.483290450321176 255 255 255
1.0825174239962407 -1.2160746022624769 4.662068781633954 255 255 255
-1.3934832008057314 0.5940891714382506 6.088661725278781 255 255 255
1.0544557309363751 0.9302560331708747 4.4838956590502965 255 255 255
0.22953815019964388 -1.2241646843995324 5.3495790511546835 255 255 255
-1.9105863739036646 -1.9689102589949852 7.162947607261958 255 255 255
-0.7334030163665 -1.8290027353333993 6.197455858285788 255 255 255
0.5162669579162659 1.2505629476676763 4.805636213986019 255 255 255
1.1393919823766483 -1.33462444118423 4.6213306793503595 255 255 255
0.6302846325327887 -1.488424409947445 5.055587280391167 255 255 255
0.9756399800663647 0.9929890016468751 4.546815864050558 255 255 255
0.7672189875466183 0.7749697393001379 4.742755861947847 255 255 255
0.9822675258483248 -1.0166515515648713 4.7047989712344735 255 255 255
0.8917415368723738 -1.3298617887435822 4.8298824466938095 255 255 255
-0.6471737837730599 -0.9850099826650023 5.54927413695283 255 255 255
0.5894300986498879 0.7575157776012674 4.88219844961017 255 255 255
0.6504646436601038 -0.23318449973853536 4.9154847104059565 255 255 255
1.279118752738308 -1.0004227882781547 4.4765437501762255 255 255 255
1.2214762472286231 -0.556559120460113 4.469024516543155 255 255 255
-1.505688978325124 -2.0298690674624904 6.856768452559368 255 255 255
0.8974888264222038 -0.7533392399289061 4.7566896389769475 255 255 255
0.519200317070431 -0.3826990131095058 5.026203778387737 255 255 255
1.052210489039913 -1.4075962530179618 4.697408485923516 255 255 255
0.9941167768354326 0.7076185719001503 4.545963834539 255 255 255
1.0471944625995255 1.1248264147394322 4.47797655119035 255 255 255
0.2962847944413295 -1.7754379615010236 5.351189738280953 255 255 255
1.1087241251404676 -1.1791942733275813 4.643761265189666 255 255 255
0.8671436717810644 1.3429109931799168 4.5055007055570275 255 255 255
1.1811216649394787 -0.8485093283876932 4.535681539377262 255 255 255
-0.01179409373759556 -1.8030894821238934 5.606596992582793 255 255 255
0.8027965823231639 1.0496211596726435 4.676508304425647 255 255 255
0.9032721131553582 1.1537069936097157 4.598472529778226 255 255 255
-1.1975039636089178 -1.9587663222301523 6.5848958792864964 255 255 255
1.2243584203680151 -1.4070375887438893 4.5557696637713505 255 255 255
1.3152387495464732 1.3566879553857278 4.119525054754676 255 255 255
1.2395475697377718 -1.0215259919228954 4.504740298427742 255 255 255
0.5939698988822795 0.5185417373947873 4.896456772908087 255 255 255
0.888100152512279 -1.2857686723758488 4.823435218617517 255 255 255
1.2285631238020123 0.7472725504076838 4.355355599897003 255 255 255
0.44113939359461174 -1.8199142502880432 5.235203249442593 255 255 255
0.3926919415112578 -0.9840742584018451 5.189819791966872 255 255 255
-1.0835661999867534 0.8586029475029228 5.5835506696656765 255 255 255
1.062047433040669 -1.3526007444667496 4.70571574352272 255 255 255
0.8670640102316713 -0.6370309038404552 4.767083379940831 255 255 255
0.4797768606165871 -0.9951782635203088 5.115821531383153 255 255 255
0.11028079774662687 -1.2638060730088436 5.441675665456437 255 255 255
1.1143479103911795 -1.4060954694247938 4.654698609542328 255 255 255
1.2414208289704578 1.2335961382931622 4.199269781657575 255 255 255
1.2311497021072244 -1.2323432667323417 4.559342453229795 255 255 255
0.45304573627198075 -1.8104715595882273 5.233569236996127 255 255 255
0.8245810570812238 -0.4002305347711796 4.78711330757799 255 255 255
-1.392142747961236 0.6684665188434645 5.937997867747014 255 255 255
0.8057088962853876 0.8784925234574168 4.696528971711847 255 255 255
0.9267749122509634 -0.4739532567207258 4.703807627375508 255 255 255
1.1908029049438362 0.3621447995986851 4.415525263982904 255 255 255
-0.11639516511075507 0.16694392714770337 5.210872891222729 255 255 255
0.4008939062104435 -1.624021535375023 5.252905822673613 255 255 255
0.8723793268690035 0.22635088590822489 4.689066308298008 255 255 255
1.222108508857111 -0.9028732059587719 4.514678445018848 255 255 255
0.0767549446824045 -1.7677617888029509 5.516289603154687 255 255 255
1.2031610046019767 -1.4769897582131202 4.584159041092875 255 255 255
0.5685241629131075 0.30926694866439464 4.948593115635035 255 255 255
0.8922765246970368 -1.2667269657913938 4.823489348391871 255 255 255
1.206927740693618 -1.2217917675592107 4.553123030761772 255 255 255
0.3110009690684323 -1.875753158438346 5.350795168847969 255 255 255
-1.7125316317541606 -0.6859710092034913 6.886195009126643 255 255 255
1.1616741353405833 1.1972484966097432 4.2757568133885595 255 255 255
-0.015314721071215145 -1.5635566029878707 5.593260871216898 255 255 255
0.7817458783436463 0.7756792223895332 4.735378321018555 255 255 255
0.7166585959032397 -1.7255465875888947 5.006470416934408 255 255 255
0.24088196855250177 -0.9002820985425624 5.293949900895543 255 255 255
1.1913306641303338 -1.2562820936495462 4.570665230415192 255 255 255
0.955204396265536 -1.6905960856242068 4.811150363437085 255 255 255
1.012953042019215 -0.8314280674752825 4.668936976767068 255 255 255
0.017769991254770863 1.3010172862552538 4.6424442868933316 255 255 255
0.4716146373004683 -0.5261636468514881 5.079769335829405 255 255 255
0.6009806720296595 0.055964258857412755 4.9231049120713966 255 255 255
-1.7970379554542355 -1.0628662845634833 6.990625788743565 255 255 255
1.2748951103767783 -0.9043499090067559 4.46611769946607 255 255 255
0.21550237482546242 -1.8378681899656752 5.437957894639957 255 255 255
0.09316032486000682 -1.764317583618326 5.513791939685033 255 255 255
-1.5989207126561593 -1.294460471286131 6.847524658065857 255 255 255
-1.0212076587438437 -0.37076904064212635 6.043727913031939 255 255 255
0.7958978037216868 0.15088442319484183 4.77035153140734 255 255 255
0.678620338941452 -1.3403801026598476 4.995241421097656 255 255 255
1.052601489458808 -0.036334039226865754 4.574167664298397 255 255 255
1.0337975139139537 0.7154272597644328 4.5098148436300445 255 255 255
1.0803839579341734 0.1478674184589087 4.5257201693650035 255 255 255
0.9833815125722317 -1.2068639331888686 4.731885791500166 255 255 255
1.0891551314137966 0.06107846333575018 4.5307876459712535 255 255 255
1.2035529105937086 -0.23625579966985386 4.458971408851422 255 255 255
0.7007965782308626 -0.9149209997466323 4.942994185800131 255 255 255
1.2075953825141899 -1.5014846321072433 4.582471752760116 255 255 255
1.2830183638440145 0.8078231094363622 4.301843047448722 255 255 255
0.7496472443781441 0.31534948235754395 4.777711314386096 255 255 255
-0.862582040610799 0.8222139958275165 5.401712395945784 255 255 255
0.739632031839961 1.0026865912043545 4.740949446691828 255 255 255
0.49771934925924005 -1.5202114301963148 5.158544769083645 255 255 255
-1.197195260462313 -0.045558029620216205 6.140726495437975 255 255 255
-0.12899333223345366 0.17492503875872834 5.2170207190527895 255 255 255
1.2322038031436886 -0.08262184457369606 4.420737371772345 255 255 255
-1.367884373036634 -1.4499524682709688 6.686142555908222 255 255 255
0.8154479543998178 -0.20364144131489642 4.778606407590259 255 255 255
0.8268069696783128 -1.1347600427178905 4.858121302384661 255 255 255
0.6728824056824031 0.8067850696039326 4.8054888683080845 255 255 255
-1.7621815068399294 0.5792857896342722 6.824909332174313 255 255 255
1.2312997764570155 -1.3046216404874564 4.549518298432632 255 255 255
1.2816851197612922 -1.2350398752684957 4.499853253083994 255 255 255
-1.5205938657738753 -0.7346332951023821 6.741896871969041 255 255 255
-0.12997575144760928 -1.5528887091416916 5.662318262032668 255 255 255
0.8567930171561255 0.6109744516795602 4.68541216742299 255 255 255
1.0534475624015387 -1.4461449010926006 4.702313548109974 255 255 255
0.851755670227976 -1.5609715735731395 4.883751938876701 255 255 255
1.1457494627177385 1.2352434786768083 4.2760835292250965 255 255 255
0.9853151485282668 0.47884076020598326 4.572827679171636 255 255 255
1.1335136377647388 -0.29351364005883834 4.532174257758261 255 255 255
1.0299931577505688 0.2644595647035437 4.557100438804881 255 255 255
1.1748135461674964 -0.1280238734635625 4.477383170728948 255 255 255
0.8099888871805184 -1.2884269403569042 4.891769887208119 255 255 255
0.8804141121898665 -0.6662526374135559 4.7585419185406845 255 255 255
0.7150464161457553 -1.0037725434983218 4.93222043376081 255 255 255
-0.16408326369279916 0.582235595932716 4.924353059283154 255 255 255
0.9437819682847784 -0.7695091636637433 4.725830898110745 255 255 255
1.056393474915718 0.7605645763279032 4.5012913970237936 255 255 255
1.0500747233348087 -0.6617969409792062 4.626471566594432 255 255 255
1.1399194125058314 -0.5131600879380812 4.532062367236842 255 255 255
1.0584189751120925 -0.5592165652369044 4.607391508568767 255 255 255
1.0780692303420527 -0.78052657831918 4.611348895274125 255 255 255
0.72289050001144 -0.14626321864970926 4.840332809966554 255 255 255
0.37318181003147355 -1.7381836717584285 5.302469150583199 255 255 255
0.5488027324606013 0.23936834511450036 4.956162221833995 255 255 255
1.2735113587974456 -0.2602285981056009 4.401729200602296 255 255 255
0.4627615582441226 -1.7291986226614589 5.206084001221967 255 255 255
0.9515125916569275 -0.30459751804051394 4.670779521869156 255 255 255
1.131716967030886 0.13969912880204732 4.4898313064582265 255 255 255
1.2338708491739194 1.071164235380753 4.341902750646563 255 255 255
0.6133248136232691 0.9138771836027018 4.860177983793526 255 255 255
1.0246914299091054 0.9587171472197276 4.507236928217845 255 255 255
1.0277949316448172 0.0076179371384656434 4.581630927607816 255 255 255
-1.6196571600487744 -0.21741327983295516 6.760719475174794 255 255 255
0.7138227057709396 -1.6653421590929256 5.0030725956200035 255 255 255
1.1682108790230072 1.1202906602501286 4.377623645349198 255 255 255
1.3076874850495213 1.3180950512524412 4.136811604932983 255 255 255
-1.4043722634364382 -1.9187034236454423 6.759677753061991 255 255 255
0.9386529732363634 -0.5998704727880189 4.70296040853797 255 255 255
0.0767549446824045 -1.7677617888029509 5.516289603154687 255 255 255
0.5819952610467525 1.0563729816361171 4.871937678317907 255 255 255
1.0924604417752828 -1.500011678222602 4.67361265514176 255 255 255
-1.250248321117994 -1.7379837937533977 6.607226179103372 255 255 255
0.4838250989756898 -1.1883403854165535 5.133989940103361 255 255 255
0.48948226901573083 -1.2355130607370433 5.1364077419176075 255 255 255
0.6321959473733343 -1.1220055713135078 5.013740335051427 255 255 255
0.8568191803071836 -0.7550320688262703 4.791019085380128 255 255 255
0.11722775006921342 -0.9908002890217877 5.406818349677704 255 255 255
0.9048913020750452 -1.2337265786458445 4.806138560242263 255 255 255
0.5958844445846819 -0.19456547158792595 4.966316530261758 255 255 255
1.18344928072015 -1.0400452096856074 4.543876614566137 255 255 255
0.4262800194185211 -1.6353234419371705 5.233596059153329 255 255 255
0.9427424774093353 -0.9547336777043384 4.745167722903548 255 255 255
1.263230916113696 -0.2606832208610964 4.408705514568587 255 255 255
1.151226420637747 0.32253998619247953 4.454581668781922 255 255 255
-1.1594687073599492 -0.08186670646581805 6.142206810886695 255 255 255
-1.6006086272891271 -1.8448677726781686 6.910321018534463 255 255 255
1.2025807485735869 1.1337907780688312 4.3467389730751025 255 255 255
1.0804437962004554 -0.9468441835376212 4.626931038568495 255 255 255
0.8557902874564386 -0.2334979911531822 4.738074554295574 255 255 255
0.8992242356315993 -1.5968045422506782 4.852100920550781 255 255 255
-1.1069707498260786 0.004327827026118744 6.125812459047069 255 255 255
-1.9458281665893058 -1.3590238365584675 7.137581389552544 255 255 255
1.1872677533393563 -1.2799875886451484 4.578598560736195 255 255 255
-0.04063477447802683 -1.784910542291336 5.621067619289652 255 255 255
0.32582424168107366 -1.3988826871806166 5.282248527263239 255 255 255
1.05513517581354 0.5796237303008415 4.516145858553873 255 255 255
1.07845773892699 0.4275118348707606 4.503376231219123 255 255 255
-0.22833586862254052 -1.1853262219168004 5.244511827459605 255 255 255
0.9951327724461217 -1.3195389704510656 4.7325174725165855 255 255 255
-1.337068174647266 0.6833335854577335 5.885321378247902 255 255 255
-1.080064117275264 0.8591993882563477 5.570890358648331 255 255 255
1.1548612785024626 -0.7014492668165547 4.538869192773396 255 255 255
0.5639607650503191 0.2462490650836044 4.927974024970942 255 255 255
0.9471347361694074 -0.4532543505791764 4.692357939338701 255 255 255
0.5219205163569012 -0.015982120630338114 4.996037959633901 255 255 255
-1.1854470722244808 -1.9676357725137374 6.580639302385433 255 255 255
-2.033539728244621 0.9616395984548786 7.033225773973622 255 255 255
1.2242592645648616 -0.24622951589419118 4.438700177998146 255 255 255
0.5952071053503931 -1.1953681738870352 5.045355695419399 255 255 255
0.5660358465899312 1.2365619380144317 4.763220046329168 255 255 255
1.2131816753431919 0.967691768778928 4.3578188790268895 255 255 255
0.5746625388857436 -1.1896843510040418 5.067080489802745 255 255 255
1.2607713220441956 -1.529939094598317 4.541081458143454 255 255 255
-1.9342836608209795 -0.7737449326467339 7.065665974317262 255 255 255
-0.5818839248376665 0.6916071443395129 5.2556380876893005 255 255 255
0.5991779054128004 0.9280818379623021 4.869885274564255 255 255 255
0.7634854787956161 0.35401664928391263 4.769656155024657 255 255 255
0.09689962868220889 -1.4112122295361573 5.4711099524874465 255 255 255
0.7272189772612468 -1.2703192854101326 4.950885527954007 255 255 255
-1.5058479174434183 -0.4110226996381265 6.692661082989852 255 255 255
-0.9493177394489936 -0.9661428367324797 5.783436180083485 255 255 255
0.8013141275671926 -1.6749480143669773 4.942298403306132 255 255 255
0.5628740677322163 1.1779902475074548 4.86191137767242 255 255 255
0.6935861101891412 -0.40912911002602825 4.900970584570727 255 255 255
0.5473335670272841 -0.3507299023934598 5.007216530693566 255 255 255
1.0118654475666307 -0.6688529907266209 4.659116204293582 255 255 255
0.5710138991105281 -0.09226027234499305 4.9606684481017 255 255 255
0.799588009687798 -1.6049745538063187 4.925456124863681 255 255 255
1.1896504317896068 0.14577511518467354 4.437306421075503 255 255 255
0.7445921652213752 0.3577367410458969 4.777190973775843 255 255 255
0.7014568469534649 -0.575059576653579 4.896032211267326 255 255 255
1.0139423687986133 0.011861254081883111 4.5855410424153815 255 255 255
0.6021478713407549 -1.3254961428006278 5.054473417575165 255 255 255
0.8880474475718979 0.24549736943098804 4.679402314929701 255 255 255
-0.18577861356113382 -1.8143232255500723 5.745885899029303 255 255 255
-0.6275583822282674 0.12376564499337653 5.580267096973057 255 255 255
0.5726722087587892 0.8345289100313489 4.887220239826783 255 255 255
1.0931781296065968 0.678174501630714 4.483182372520725 255 255 255
1.2206005234500374 -0.06311836124991456 4.432628406403563 255 255 255
0.5233721977871091 0.4404515460583263 4.959679050506395 255 255 255
0.4498401009425834 0.312596942160066 5.034493111092438 255 255 255
-1.8376360740297437 -2.1920724218430356 7.14059764640328 255 255 255
-1.3257580413370582 -0.4986710148252255 6.553397159217918 255 255 255
0.6854698627733095 0.16094605930376046 4.854676713305791 255 255 255
1.108647289597009 -0.3992918112601691 4.555355795119762 255 255 255
0.16814684605878025 -1.4089841492650292 5.418842557221655 255 255 255
-0.1514585829825505 -1.7811027961049621 5.7066967147259815 255 255 255
0.05777394694830468 -1.3899762308921795 5.50263087265653 255 255 255
1.0994878886806807 -1.4963542640483725 4.668546538144218 255 255 255
0.6725398672632851 -0.9662749945792833 4.964191224357453 255 255 255
-2.1183443576767456 0.11007003439162481 7.164905780543807 255 255 255
1.2122903530372902 -0.7530778027654039 4.500154649257383 255 255 255
1.0994582050498656 -1.0504917407666337 4.615792009384089 255 255 255
-0.9065817152427028 0.3811864169349816 5.780026577020167 255 255 255
-1.3143840917216656 -2.058722386820115 6.691793424566039 255 255 255
0.7277290406273798 -1.2391039465297098 4.954684049024082 255 255 255
1.03042212599892 -0.4124766385672007 4.618656502074079 255 255 255
0.8034308210077268 -0.7482134851585968 4.832122775054942 255 255 255
1.1070606277514283 -0.8139805536238263 4.59964769742937 255 255 255
1.115877889413023 0.2866755840770221 4.482839806548487 255 255 255
0.56523244203767 -1.557527312850043 5.11032160580998 255 255 255
0.7480152275600207 -0.815006055727534 4.88345749912403 255 255 255
0.11575284710886433 0.6518517314328013 4.681411910378664 255 255 255
0.9462551710157622 -0.6507141890595581 4.701667630195622 255 255 255
0.45165386084216497 -1.4615549089743458 5.202071259600292 255 255 255
0.966482948268309 0.20961240794255226 4.609563049683792 255 255 255
-1.6618233637240722 -0.6915684503254468 6.847296691415071 255 255 255
-1.6776728677338206 -0.36362690394482006 6.819099992986317 255 255 255
-0.028507024482914638 -1.812839790663228 5.615613107210287 255 255 255
-0.06444239559980161 0.5552472956604096 4.838698279853782 255 255 255
0.01723505018355814 0.17200724642855908 5.187676773047797 255 255 255
0.8866390472202238 1.0855307100432097 4.622585123725357 255 255 255
1.155376160608569 0.9603592274391585 4.411208063772412 255 255 255
0.5902513709157857 1.016974136325477 4.864704221833217 255 255 255
0.6343614735957187 -1.3729825155772521 5.031104703759461 255 255 255
1.1378993478204473 -1.443440715599394 4.630972409314943 255 255 255
0.7072945294094918 0.764043993127263 4.791334545269093 255 255 255
0.29252687538594974 -0.9762024939082624 5.270414726018693 255 255 255
1.208837889896466 0.09569457839851056 4.425481431850317 255 255 255
1.0262649317886277 -1.439045151304915 4.722698760611839 255 255 255
1.061278415315419 -1.6122592561905507 4.714517326092219 255 255 255
0.9939978906161349 0.8981148670722437 4.542918513670457 255 255 255
0.7027035999472838 -0.5952812328107169 4.902272749591518 255 255 255
1.0629486867097848 1.0343639614499593 4.476488797505181 255 255 255
0.8181369767172966 0.12612854811276844 4.7435543225922014 255 255 255
-0.2462053962620842 -1.89514872005795 5.811307455876485 255 255 255
0.8012640545585172 -0.012530109390021185 4.7746093125978515 255 255 255
1.286211868809369 0.0668574400700484 4.365067480962149 255 255 255
0.543147946069229 -0.2637828650016368 4.993430226256768 255 255 255
1.2288030375335879 0.09391585308217261 4.411141327625174 255 255 255
-1.2392886977399176 0.26320149714283897 6.1873507496121 255 255 255
0.8401170619232352 0.40486955082176634 4.6954956047598815 255 255 255
1.122895107819041 0.5674435822121026 4.453082710763222 255 255 255
0.6657946462887782 -1.2991842753766876 5.012072318590131 255 255 255
0.7657356486454073 0.880952937152144 4.734835860889047 255 255 255
-1.0630446024648608 -1.7420543595114037 6.459906860748327 255 255 255
0.2595226823063535 -1.5552623948529325 5.35169481702371 255 255 255
0.5642434205472211 -0.9423121250137313 5.050250495677875 255 255 255
0.9911060155069411 -0.6091018699521841 4.662656679811276 255 255 255
1.012520245071034 0.6301080269288398 4.540025893868194 255 255 255
-1.0345823443983928 -2.1827716841048312 6.477340472938814 255 255 255
1.0574022411469883 -0.3666254362610134 4.587349488511126 255 255 255
0.40226525767240506 -1.005372420017201 5.186804655345867 255 255 255
-1.2067912888392403 -1.510218668078186 6.550330307456953 255 255 255
-0.922518133369623 -1.9485518555985155 6.37274365701894 255 255 255
1.2442152003338056 0.705727720746922 4.344227100237007 255 255 255
-2.846985480019351 -1.6039956524197103 7.583036053517623 255 255 255
0.5038594879890076 -1.3211605728994442 5.137548058352349 255 255 255
0.2814079798947934 -0.9296696075638928 5.278496803622759 255 255 255
0.7710996960239752 -1.1387457657135818 4.897482488242067 255 255 255
0.1389500517891616 -1.838735882836223 5.482335537361136 255 255 255
1.0202608574618668 -0.7432291956542496 4.66286775943664 255 255 255
0.9986911693681121 -0.648097910302184 4.665603257935836 255 255 255
1.1431909878995687 -0.30315945612373435 4.52185901411544 255 255 255
0.265137868624624 -0.31967482476236325 5.23491868211576 255 255 255
0.527376876139757 -0.9171305751972338 5.074319027709488 255 255 255
0.3224705076184472 -0.9708022105959264 5.249446067175312 255 255 255
0.8856615777302966 1.2263535749399102 4.496944969547078 255 255 255
-1.8622640490632023 0.4551881038569234 6.935312384842363 255 255 255
0.5585258214108589 1.2574062079055857 4.768504036247904 255 255 255
0.6034962256256851 -0.35762790035954983 4.960236157313685 255 255 255
1.0103855032174243 1.05147971409555 4.5128250649099 255 255 255
0.7895781157917309 -1.509436554033218 4.93784117983986 255 255 255
1.185154769997392 1.0131057488219555 4.378345206574758 255 255 255
0.05777394694830468 -1.3899762308921795 5.50263087265653 255 255 255
-0.049852143605653446 -1.4518397132141765 5.588562917998216 255 255 255
0.15775051653102037 -0.6127686340051987 5.349394799011777 255 255 255
1.1159675212450688 -0.30390294438183363 4.539155758287898 255 255 255
0.11008481768987406 -1.8599631730405106 5.496886264800425 255 255 255
0.5383072221576222 0.7061548229717096 4.925925263399318 255 255 255
0.9488122645206042 -0.2853220775888564 4.668516389666798 255 255 255
1.2403843888548018 -0.8295332806231714 4.487464718089311 255 255 255
-0.06784476073066006 -1.43429496727729 5.604773889199614 255 255 255
1.2803514735031012 -0.09595357896477254 4.390879024170238 255 255 255
1.2739533697227086 0.21469968198900305 4.360723321691116 255 255 255
-0.07316893127326803 -1.344325014587949 5.603772831385452 255 255 255
0.15403573026431733 0.9884260151521129 4.612969549003405 255 255 255
0.13432706190741753 -1.7408965372989456 5.473439695267231 255 255 255
0.9735557220005916 0.21949696596071816 4.598731274269966 255 255 255
0.7350921292383529 0.053758309743678984 4.821281822134172 255 255 255
0.6772365735948928 -1.4072939986405424 4.99518097081359 255 255 255
1.0174816193809844 0.9425692707207546 4.5171937866273435 255 255 255
0.7194818203520484 1.1619659508499376 4.742013631683376 255 255 255
0.9900268430586013 -0.7634865598260117 4.688831097073196 255 255 255
1.1971519383323694 -0.08595658919417062 4.4543200147407305 255 255 255
0.9070770497758948 -1.4915079815754806 4.823648510816788 255 255 255
0.57911876119593 -1.4455244730042964 5.089641087844416 255 255 255
0.7058284835092108 -0.647908309656438 4.901768409066229 255 255 255
1.0681761150133517 -1.2872436080077183 4.678276465951928 255 255 255
1.0351118651398612 0.0048797139362423865 4.57068708859404 255 255 255
0.9182936532714464 0.2670134898020088 4.647224127681062 255 255 255
1.134513035690857 -1.4397843640857955 4.638802921413143 255 255 255
1.2797791488577897 -0.16938604207173885 4.391908046515147 255 255 255
1.307592088222768 0.8986615822834304 4.282104519120567 255 255 255
-1.5548987320910517 -0.40670822607542995 6.746512286324105 255 255 255
0.37755881926868384 -1.6996276701395403 5.275441664610887 255 255 255
1.1100825440861246 -0.16969150216916568 4.5269540744817 255 255 255
0.6342559716797785 -1.5742860469176683 5.067146349718032 255 255 255
0.6005948636073584 -1.0753216401156032 5.0323416602819755 255 255 255
1.0054844138593082 -0.6213215139600393 4.653242916109927 255 255 255
-0.5581871867234108 -0.4455879638241191 5.541457941893719 255 255 255
-1.162362740309133 -1.9720678424700087 6.566215191596682 255 255 255
0.3839623573366927 -1.1612471329621339 5.212504394275635 255 255 255
-1.2211148957247597 0.2354663455514112 6.176256902543949 255 255 255
0.22047477549093883 -1.9007886702239183 5.426546490769707 255 255 255
0.9161410874952688 -1.3950268135313275 4.809855690359295 255 255 255
0.16421512422448203 -0.9842944651981475 5.372787893503739 255 255 255
0.9301492495760151 0.4023286701074371 4.615730541842395 255 255 255
-0.4143231560543215 -0.21306160856493836 5.361160042551818 255 255 255
0.1699280113909812 -0.40091648170048755 5.302857532686157 255 255 255
0.4214831063798705 -0.9249278953816679 5.168804729902569 255 255 255
-0.6677836818657678 -0.49065508916797307 5.6379685986435275 255 255 255
0.32869077156699233 -0.47847705519231193 5.189760353082652 255 255 255
1.0807889035440867 -0.8741645746085388 4.6197168716135755 255 255 255
1.1450894824054816 0.7805907879193693 4.427292011402772 255 255 255
0.6436823306414039 -1.692946468277333 5.066045571600539 255 255 255
-0.14059926386502716 -1.5282807994445533 5.678112834854736 255 255 255
0.019199420415792947 -1.5530471619793018 5.566479771160996 255 255 255
1.2179151222712152 -0.23095414824344643 4.448679826639078 255 255 255
0.5312643048479345 0.2679908130355128 4.959028751948183 255 255 255
1.0969646091574807 -1.4830947892837918 4.670048486493841 255 255 255
-0.07394694061103448 1.3139168388937779 4.7176843834895665 255 255 255
0.33644319935929795 -1.6082645901692696 5.310088069917343 255 255 255
1.0500747233348087 -0.6617969409792062 4.626471566594432 255 255 255
-0.9019706025176808 0.6341329209732911 5.529621433521442 255 255 255
0.8344789679986977 -0.7722813547269906 4.814812689971955 255 255 255
0.9109858492861831 -0.8251557018848893 4.763825666892707 255 255 255
0.6200321426923667 0.23872433598986725 4.884638203495311 255 255 255
0.6471285624493728 -0.5510435367624584 4.965078961213236 255 255 255
-0.9565976377511712 -1.7437702797361263 6.368067944321925 255 255 255
1.2566710112778128 -0.9479074887734525 4.487039834617191 255 255 255
-1.6261611827500864 -0.2729795807561264 6.782583124231264 255 255 255
-0.08239297383618266 -1.4328591891717308 5.6157483618518915 255 255 255
0.8564664137988581 1.2515089386028642 4.517389493316048 255 255 255
-3.340615209462158 -1.7200616708546461 7.32577739511959 255 255 255
0.9554164651186974 -1.1288891950687328 4.74397097195471 255 255 255
-0.8159364940498242 -0.30059515499298495 5.7375016266639935 255 255 255
0.5419024359096983 -0.21048275281750128 4.997577129168815 255 255 255
-1.700987960896344 0.5549274299262932 6.792222491719603 255 255 255
0.4869270308884071 -1.6693633872467475 5.18713737405825 255 255 255
0.6588973498736709 1.1736418812266278 4.77924676391702 255 255 255
0.4995319922432923 -0.9034454694448956 5.101107111986781 255 255 255
0.5265699055948974 -1.643920097647097 5.166614644064584 255 255 255
0.6205300569121868 -0.9074446794262578 5.014232887699233 255 255 255
0.5779138637104437 0.8695810866544984 4.874839235494353 255 255 255
0.16315805306574846 1.2169062308291154 4.529448899744775 255 255 255
1.0004974548204266 0.25778603476998446 4.584579290590042 255 255 255
0.26290973188579464 -0.7037016313067532 5.271634616383604 255 255 255
1.222225674546663 1.1407520881659106 4.307190979496602 255 255 255
1.2567533666607702 0.849452441370851 4.323290020954789 255 255 255
0.5186278038980182 -0.12000961797307585 5.005535338608835 255 255 255
0.8980439495420717 0.33997435392215447 4.644687704788986 255 255 255
0.4241262798981182 -1.4568379373325708 5.223734548738109 255 255 255
1.2841736121425873 -1.0463430045220865 4.472800842027228 255 255 255
1.1150754543435464 0.005465435378894009 4.50349961318479 255 255 255
-0.4143231560543215 -0.21306160856493836 5.361160042551818 255 255 255
0.47356502388044586 -1.007067539890559 5.12190519315678 255 255 255
1.081171610669568 0.5893979041133028 4.491592823353358 255 255 255
0.4778980665448457 -1.8266211236034786 5.210595719382875 255 255 255
0.8932517712545366 0.9971276261826522 4.621864103300568 255 255 255
0.4948586347303249 0.18441843246719145 5.0105862971870065 255 255 255
1.1199892448585067 -0.6839776962972138 4.568395804598521 255 255 255
1.1748367757437792 -0.9296450335886802 4.5417129877082285 255 255 255
-0.08842683649657807 0.5732913951689275 4.848060608551933 255 255 255
0.9556461088765289 0.9259091624171937 4.563011041403658 255 255 255
0.3383519792744499 -1.5033770962609732 5.2879114274206875 255 255 255
1.0652637087407224 0.7780005116941866 4.4977109901762296 255 255 255
-0.25711291659946767 1.2213045568492389 4.738085225920655 255 255 255
0.9057686586627062 0.9160274847379449 4.60832451828763 255 255 255
0.013021331534494161 -1.339470307513761 5.527699862503312 255 255 255
1.042619600060143 -1.5108104024066076 4.715506205950036 255 255 255
1.0693008333565335 -1.2798968312259944 4.677791659229228 255 255 255
0.3737477826873579 -0.36162333173422173 5.154690305960741 255 255 255
0.7789005686873185 -0.5721743963765166 4.849107615890323 255 255 255
-2.0390097735387087 -1.0457005345835728 7.187754643483121 255 255 255
0.9830066445629175 0.4998768034627968 4.574521314015738 255 255 255
1.1073717156074165 -0.30167364814961073 4.54872318480006 255 255 255
0.9802509601191082 0.8871303369008064 4.557500625405802 255 255 255
-0.5658915039628309 -0.7714751013807504 5.406737240929013 255 255 255
0.6565991677729776 0.5914269504585415 4.839587865137506 255 255 255
1.287476801462854 0.7983127176238872 4.298719482994 255 255 255
1.2316439188725747 -1.348275072544406 4.543985046861599 255 255 255
-0.21681254113966575 1.2355948477153382 4.780006295893115 255 255 255
1.2137182589158215 -1.3117174659571569 4.560294124254982 255 255 255
-0.5313009013068559 0.5151262028829249 5.352248440844612 255 255 255
0.4174664822923114 -1.350864468830891 5.206766648951583 255 255 255
0.5420775581608451 -1.510563950138887 5.124366250006051 255 255 255
1.182389673774552 -1.6069308761676755 4.618398744042853 255 255 255
-0.06551675327928606 0.3993010780610795 5.237647354239952 255 255 255
0.45059938214821826 -1.6625892469626955 5.2209063729770255 255 255 255
1.0354366319058126 -0.7565781799726077 4.647954837869335 255 255 255
0.5298580918399729 -0.19184040343192782 5.026490702677917 255 255 255
1.082191827144934 -1.2082491815273821 4.662224282237126 255 255 255
1.099241535428714 -0.42292761511696364 4.571657958618368 255 255 255
1.2319152011226773 -1.4324250819264166 4.565897706422868 255 255 255
1.0807744026054316 -0.43335855385025657 4.58703514154259 255 255 255
-1.1349225591836622 -1.0793890100570076 5.808070305650632 255 255 255
0.20387817910517272 -1.8413941642974783 5.435984592651114 255 255 255
0.996127639978641 -0.7332952077616431 4.682309793795891 255 255 255
0.7519722011932203 0.3506621004887398 4.770267315987162 255 255 255
-0.45365500043089446 -1.9110464355180175 5.87774100507244 255 255 255
0.8224680549190174 -1.5313587245043059 4.911952207252191 255 255 255
0.9596126118505379 0.16512005163210952 4.625917891359503 255 255 255
1.039393798976633 -0.8741881193871728 4.657083862699782 255 255 255
-1.003218000232755 -2.037004172712009 6.434488997675137 255 255 255
-0.06582752285177666 0.17996885326697273 5.223149172179298 255 255 255
1.2451701838492069 -1.1602159257655191 4.51400070336567 255 255 255
1.2069913714413083 -0.7135631168803288 4.497638151042306 255 255 255
1.1675322341861794 -0.16062276552229846 4.482437870223369 255 255 255
1.2358291165493092 -0.9477031618389913 4.491018312436991 255 255 255
1.254835886279903 -0.9329989067233384 4.483850719122155 255 255 255
0.42206467566125466 -1.4723135517491548 5.222282854341182 255 255 255
1.206982845024493 -1.5174146427756399 4.5797290050684225 255 255 255
0.31673857110748677 -1.4666471939167771 5.297124638021912 255 255 255
0.7491901561654695 -0.18831448291966985 4.824038170838239 255 255 255
0.7843858961235595 -1.5792199029837564 4.937778500494 255 255 255
0.5147585380653852 -1.4034566697927529 5.132579938651625 255 255 255
-0.6651050955511519 -1.822767076738891 6.136446334827484 255 255 255
-0.01556614937784245 0.8863312934193991 4.750054409353607 255 255 255
0.22869425827380027 -0.6738200456444926 5.292128464268802 255 255 255
0.8143275941464986 -1.482119193707848 4.885843753947188 255 255 255
1.2834767448706386 0.5604687844576205 4.3245565548150235 255 255 255
0.78893379513864 -0.7174210234573557 4.846903439043851 255 255 255
1.2874573878950892 0.17617912065747718 4.357456418486683 255 255 255
0.624063783101806 0.516645581741584 4.88720405802139 255 255 255
1.2730535406602779 0.12726292136969655 4.381528641628379 255 255 255
-1.85166406175234 -1.5650182921714344 7.076752761201597 255 255 255
1.1099653972334376 0.8753959457917536 4.458784981854271 255 255 255
0.41658329925787463 -1.7879130875115867 5.262769271707968 255 255 255
1.0592133334905627 0.6792392595075867 4.5032475846929545 255 255 255
1.1440599429109313 0.7558565186710746 4.4268159907406694 255 255 255
1.1343075161615674 -1.042263641512861 4.593782929881191 255 255 255
0.2616802321461662 -1.7653480418198892 5.385799883228267 255 255 255
0.5160615145289552 0.45322136628255016 4.969694056453771 255 255 255
0.3195218318574516 -1.615662485011404 5.314445320313147 255 255 255
0.6606654218157426 0.6015010928186698 4.830039099808522 255 255 255
-1.7706252438209944 -0.5233362647014164 6.910373696440295 255 255 255
1.2332297540080044 -0.8653866659443944 4.501005296187814 255 255 255
0.0965673283632403 0.69503748859712 4.699147297661231 255 255 255
0.5090273416053338 -0.6997424516918713 5.078459413449792 255 255 255
1.0523291318239767 -1.0841344072810761 4.659819908932629 255 255 255
1.2417303587856698 0.3516044481103185 4.376189587497743 255 255 255
1.2661615978418566 -0.18262179566104123 4.403991653125638 255 255 255
0.5493640740252852 -1.2264827623118473 5.088458424719968 255 255 255
0.9568433169763769 0.7739047711433128 4.578307127218317 255 255 255
0.667713957828866 -1.0617349537267713 4.975228868038758 255 255 255
0.46419883294491743 -0.7070649430567192 5.116285400012707 255 255 255
0.4819636905000121 -1.7937568972378228 5.217695874897867 255 255 255
1.0231894490488909 -0.3627033717015867 4.614631730043998 255 255 255
-1.7815993661748137 -0.06127393770612745 6.88704350629354 255 255 255
1.0366881849955454 -0.2852729500922941 4.595330976973272 255 255 255
-1.0494255698475201 -1.8474335468210437 6.460609312355544 255 255 255
0.6379715413584048 -0.9124252420703777 4.985288860041696 255 255 255
-0.3924756949374297 -1.1891247934977554 5.290783775438635 255 255 255
1.911402237453708 -0.13015370798338943 4.609927221256426 255 255 255
0.06868017838748898 -1.1026038749738258 5.466066989644461 255 255 255
-0.2218109401273102 0.7656512225064466 4.810975577449411 255 255 255
0.8994009471928884 -1.6003271815909008 4.8490575572166765 255 255 255
1.2621875050947613 -0.9165051784642818 4.474705676321472 255 255 255
0.30576683644306324 -1.4412839378431264 5.30526757624826 255 255 255
1.156577541372108 1.1297977064504294 4.3751439699019885 255 255 255
1.2197590521561719 -0.8855492463815746 4.512124258785165 255 255 255
-0.34856824030326544 0.7329104347031218 5.069094541690487 255 255 255
0.6897981535956845 -0.3499783725784139 4.894640750179293 255 255 255
0.19228724347533432 0.06958678580929069 4.8895331958541375 255 255 255
-1.5777013257220223 -0.7032623215780136 6.782662626390441 255 255 255
0.7238958521338253 -0.28942144041850687 4.855397775429641 255 255 255
1.2276983194427138 -0.8053412543931338 4.498027784358397 255 255 255
0.7984070591394928 -0.23339761051891358 4.786101720839484 255 255 255
0.9999610031436014 -1.3887040508357917 4.740030681025033 255 255 255
1.1195764229733616 -1.4716674650944457 4.654203314368638 255 255 255
1.203191047598071 -0.7562625221424587 4.50771590924315 255 255 255
0.9556789330822238 0.725009458450549 4.573711848586082 255 255 255
1.2084010798234759 -0.7436096480774143 4.500080197898824 255 255 255
0.5216390481755862 -1.3292072897435494 5.123502055842449 255 255 255
1.207565637624061 -0.08943681006621121 4.4463185276599475 255 255 255
0.9136274793197549 0.46926446348298895 4.644732001519482 255 255 255
1.2041679597987753 -1.5424528804676367 4.583596996809284 255 255 255
1.000776044131936 0.5848820284474602 4.564698985908763 255 255 255
1.3067624356719725 1.1276757661534746 4.259015928702174 255 255 255
0.6196180032625502 0.9292130666220686 4.859133778289196 255 255 255
0.44568371856387246 -1.06206713059301 5.149776140238531 255 255 255
0.9951498187529206 0.19107136811261358 4.594195341111514 255 255 255
1.2753408837032134 -0.06726673234122046 4.398926598170296 255 255 255
-1.1666845054274915 -1.5675316579716196 6.520924889609576 255 255 255
0.9960520051458547 -0.30416141442476846 4.6380166126609215 255 255 255
0.8066443502109689 -1.6839457200880055 4.937082294037998 255 255 255
0.9814720011973307 -1.3113311676294823 4.747222840285303 255 255 255
-0.43271253947678284 -0.33167494812591164 5.294164357357336 255 255 255
-1.24131936112387 0.0630076368885403 6.131723890512724 255 255 255
0.8739688318592383 -1.3265124519179987 4.840022443235473 255 255 255
-0.7335643583603497 -1.772793074115028 6.189793853452841 255 255 255
0.2916683822548086 -1.733766066962868 5.352175413934417 255 255 255
1.1981706241719519 -1.352404014653801 4.575237963149303 255 255 255
-0.727035815686064 -1.8162029296971012 6.203654074190786 255 255 255
0.5581565595691861 -0.3126235228667044 4.991488385417285 255 255 255
1.1348766715761944 -0.2537356069926437 4.525343007801589 255 255 255
0.9589418203881801 0.9379289154536509 4.5619421551901596 255 255 255
-1.2033613674462151 0.1026081285731409 6.140413523721744 255 255 255
-1.4893025055997402 -1.5470799091817204 6.783915410672095 255 255 255
1.078464153749402 0.23430653740095828 4.52233790699591 255 255 255
1.287751582334446 0.04610809612711465 4.361064806149964 255 255 255
1.196146524360803 -0.8412917135709613 4.528581824843207 255 255 255
0.8284422707739454 -0.11324988049410357 4.75693464033549 255 255 255
1.098796646723381 1.0556470015504968 4.437166619813367 255 255 255
-0.8329312043129483 0.7599521575488006 5.471037930043241 255 255 255
1.195649067101752 -1.231544727715296 4.568821888708259 255 255 255
1.197814050331873 -1.2184362115229213 4.562685565502397 255 255 255
-0.22583520634010013 -0.33045413610795377 5.427252134181973 255 255 255
0.349830836897411 -1.0898329441008516 5.2332895294813895 255 255 255
1.0398141938592367 -0.7880801473563072 4.65744541582366 255 255 255
0.6815473764352517 -1.7181535628750517 5.036357458806417 255 255 255
1.1285379779439306 -0.4758426524873305 4.54516119163575 255 255 255
-1.664070465135405 -0.6695775656649401 6.844882376189484 255 255 255
1.1378118566945772 1.191856091724856 4.30220118776694 255 255 255
-0.19049808898982326 -1.421016652071761 5.705576508420194 255 255 255
-1.4525109815039776 -0.2812342272254629 6.651132889378156 255 255 255
-0.643124100485952 0.7757936774012126 5.304699413122417 255 255 255
1.0182598351672327 0.5570606456683785 4.54804760508206 255 255 255
-0.15612052235255355 1.237367977612468 4.785109231251572 255 255 255
0.8413782350374033 -1.3191242644791015 4.86306628319873 255 255 255
1.0937228750350405 -0.24865377180114634 4.5459182170453944 255 255 255
0.9161360499481237 0.76374918589602 4.6294156099468635 255 255 255
1.1612631862821092 1.065296223641604 4.38695428949151 255 255 255
0.7847873550639696 0.6080661618471743 4.736208757797995 255 255 255
1.1858866937598445 0.7411876685048189 4.401459725823628 255 255 255
0.8432464489162649 -0.955272918794792 4.822871558221836 255 255 255
0.09015751075985275 -1.8183430052445204 5.519714343065734 255 255 255
0.7330973810413366 -0.4096979957211373 4.87349430214358 255 255 255
1.0170186265206365 -0.8577918429215506 4.661292779642312 255 255 255
1.0347932804863906 1.2169165388568814 4.371777689381944 255 255 255
1.168387512511704 -0.0202381771576595 4.464057256125768 255 255 255
1.2401803705854484 0.3387707742235269 4.385051962432122 255 255 255
0.8368330546330873 0.47178911110876576 4.706600633489302 255 255 255
1.0483573572780918 -0.1687145177313249 4.577127831048812 255 255 255
1.22314478297113 0.9811889952509052 4.345988512648477 255 255 255
-2.1218166089078583 0.8108312761599136 7.1169340303377 255 255 255
1.2195183168336887 -0.3684431880377134 4.452077578378426 255 255 255
0.0731809672335778 -1.2201492147815427 5.461387196219784 255 255 255
0.7114101051058691 -1.0224869164357933 4.934598585939982 255 255 255
0.9563589230265056 -1.019140156068071 4.7321846088612025 255 255 255
0.5036923630855349 -0.5093076351139174 5.054924071055735 255 255 255
-0.37062410935917856 -1.8722203691757309 5.845202378402047 255 255 255
-0.16040539949451166 -1.7179145965532787 5.718398751670519 255 255 255
0.9283066815546329 -0.4288556355714117 4.714822180437086 255 255 255
1.1638226226572388 0.6893814190841842 4.418009279072303 255 255 255
0.44016745060986867 -0.6967655393766071 5.130963762716452 255 255 255
0.9265085736002086 -0.4416185285253294 4.7120621485007215 255 255 255
0.9756138115878553 0.6805892636624851 4.566622764150757 255 255 255
-1.788927964521276 -0.5371745197255463 6.934172916213683 255 255 255
-1.7743571776331784 -1.6896954733968383 7.02896224315258 255 255 255
0.5543167971829713 -1.7891804420767063 5.153437249087147 255 255 255
-0.8542328795444667 -2.09355066229838 6.327352480799626 255 255 255
0.4899422594789294 -1.1365569014416772 5.12860179819451 255 255 255
1.0846783829024018 -1.4607408238705062 4.672874757982852 255 255 255
1.2651351031457492 0.6555731109844715 4.333708293781889 255 255 255
-0.12555822657289767 0.31673736106207845 5.280598939584068 255 255 255
1.0670982135242728 -0.9644503141347219 4.643949450621409 255 255 255
0.5996370844144326 -1.2449340226048395 5.039907980593712 255 255 255
0.5647711650980092 -0.6884393048924567 5.022919478524014 255 255 255
0.6625514226436989 -0.2936131389102921 4.909772708806041 255 255 255
-1.4687600693227825 -0.2901095382630455 6.658639192892167 255 255 255
1.1652030217945306 0.44970782912501583 4.421661117583389 255 255 255
0.2099575338227456 -1.6144360499711756 5.391641242716172 255 255 255
1.1905014044336393 1.212396524052752 4.241571095517849 255 255 255
-0.4646720650319855 0.042848486907290054 5.4299153275204874 255 255 255
0.8120298401082541 -0.7657320853199756 4.8287705995869405 255 255 255
0.370562338687593 -1.7536786207702246 5.29519439571242 255 255 255
0.9836224838700537 -0.31378339893404206 4.6428184090702675 255 255 255
1.1187497395821586 1.233805482642144 4.299118117996627 255 255 255
0.9444482988312403 0.183479889632492 4.638593077204258 255 255 255
0.6936800647712034 0.3327251160372049 4.824304089536954 255 255 255
1.1745714144554744 0.29310655898587973 4.437596105607884 255 255 255
1.2310850157190438 0.8542302477564842 4.345370533458644 255 255 255
1.1012761121356542 0.23313631683078948 4.50919266051889 255 255 255
-1.117353123094866 -0.164913022533194 6.117357818049681 255 255 255
0.13663897047463547 0.733838289527903 4.658480462453055 255 255 255
1.0121047966681902 0.24608866667472484 4.5718696086532455 255 255 255
1.1058762855379243 -0.9732165392792221 4.60950019938514 255 255 255
1.16986373992465 0.1987132819946997 4.452141673049827 255 255 255
0.6597770992662685 -0.3091839436766278 4.90871063303794 255 255 255
1.1070606277514283 -0.8139805536238263 4.59964769742937 255 255 255
1.1592498112451393 0.08164099227658725 4.469074712525845 255 255 255
0.5540506956898361 0.9080934044609251 4.908234285935287 255 255 255
0.844915494731319 -0.7841862505470885 4.797358352366875 255 255 255
1.1333143231750922 -0.4032414167509511 4.529547602311648 255 255 255
-0.11921618056098766 0.5663920026850565 4.885140626996982 255 255 255
-0.343766101022449 -0.9788962786789338 5.41387929267735 255 255 255
0.3326949191594264 -1.3139310470287067 5.271210659465108 255 255 255
0.7303853189950976 -1.5406634742446363 4.973228082671184 255 255 255
0.363703627909436 -0.8785995819489396 5.225049307981622 255 255 255
0.8698211971747618 -0.3628885983929291 4.744723159884491 255 255 255
1.2782973256544192 0.0953688743703197 4.3642505799894815 255 255 255
1.0287031480539313 -1.4307756619587213 4.721439360998826 255 255 255
1.0672691912685612 -0.298591882182762 4.577116188873839 255 255 255
-0.4486564100887841 -0.6885345949108035 5.3469887027978125 255 255 255
0.6757222674417808 -0.9035387484137827 4.959638751700387 255 255 255
0.20427382511111825 -0.8484309055335493 5.338580881041661 255 255 255
1.1430489851233923 -0.7300436673258902 4.547418257555997 255 255 255
0.5407053172311777 -0.03887763905266249 4.974457916521483 255 255 255
0.6792939498613939 0.2266694464869411 4.850881622329577 255 255 255
-0.044157355371580526 -1.9998956212666184 5.654775365747855 255 255 255
0.5438163087011892 1.1638534706980153 4.889979112421108 255 255 255
0.9749604755152534 0.723589413555724 4.55790400651435 255 255 255
1.0740305616078611 0.6469909633707227 4.490541641724952 255 255 255
0.9907046748658467 0.41423026496769133 4.581598450312085 255 255 255
0.24429684868266274 -1.254736501460713 5.3371930676562 255 255 255
1.2735113587974456 -0.2602285981056009 4.401729200602296 255 255 255
-0.10547648178861013 -1.8049827904716709 5.684025848199712 255 255 255
-0.1840811278761631 1.2063609008841678 4.809711247256553 255 255 255
0.8143782056786207 -0.5410351581845092 4.800320442367429 255 255 255
0.07377967637361314 1.292141241871532 4.606830334646673 255 255 255
0.5991847130491864 -1.158982985891447 5.034101418025175 255 255 255
0.7347012551562456 0.8391538712702133 4.771939946828879 255 255 255
-0.5414185666349455 -1.1217752138582726 5.364313250962835 255 255 255
0.6063319496996871 -0.25197366205502036 4.941765863950953 255 255 255
1.998172559491815 -0.4443066509839978 4.61503360133225 255 255 255
1.190885064799735 -0.2296397288750025 4.469196115740321 255 255 255
0.9534501241295467 -0.7386326522929121 4.705347321273745 255 255 255
0.5990165980426213 -1.3518707122811722 5.063660886024501 255 255 255
0.28565599561139 -1.0488595299097776 5.287806153472319 255 255 255
0.01393070933772167 -1.3616518517246978 5.535499621726815 255 255 255
0.6698074001988584 -1.6561929248825533 5.047561699661881 255 255 255
-1.3939886149576368 -1.608768847483725 6.713781712486756 255 255 255
-0.47769282854300393 -1.7733771837253542 5.884664952140976 255 255 255
0.9516963700731591 -1.2790033115730435 4.767278648201082 255 255 255
0.9748344507245854 -1.3912884123744675 4.757758188844885 255 255 255
0.8978412532152196 -1.2231846620970293 4.810570380494361 255 255 255
0.4722598212385674 -1.6715270729998644 5.197429536544047 255 255 255
0.4665152035219662 0.4707309849664509 5.007513603567183 255 255 255
0.9952406410219252 1.0558612139761654 4.5196844168759025 255 255 255
1.1625727203812708 0.49682435921709467 4.427682202735869 255 255 255
1.0441040057026336 -1.4116216099145718 4.701793104389468 255 255 255
1.2573765774145396 0.2970386495732976 4.3651164550987644 255 255 255
1.2662015884399083 -0.41303369344334984 4.422917510328902 255 255 255
0.5789101482290716 -0.930117341126393 5.047648604260108 255 255 255
0.6719102140013612 0.7503383573749507 4.812629701085122 255 255 255
0.7836699967092084 0.43105320571282185 4.738467803213551 255 255 255
-0.11945646999517122 -1.7926694649009416 5.700116778934442 255 255 255
0.6586457116890174 -1.7087180589877509 5.047319409099068 255 255 255
-0.20446451630468535 -1.5805308442676504 5.730302202672052 255 255 255
0.7464500420793113 -1.374695802556672 4.939838421006656 255 255 255
1.08561923017404 -0.3219602849930057 4.56701532470178 255 255 255
-1.4192776756230383 -1.575861995639968 6.741987230777676 255 255 255
1.2600567164975711 -0.5076068979953359 4.439900213647028 255 255 255
-0.08239297383618266 -1.4328591891717308 5.6157483618518915 255 255 255
0.27596206075477075 -1.7585083382215276 5.369868480628238 255 255 255
-1.8500039341919956 -0.38119528283866455 6.970343674201628 255 255 255
1.0876381858992694 -0.7755131961059409 4.609133512236857 255 255 255
1.3251955259083015 1.1986734773845964 4.129561734386737 255 255 255
-0.3530656025223751 -0.22544228408138606 5.364274358953439 255 255 255
0.2846966431496961 -0.3344027543700437 5.22264614076261 255 255 255
1.0216060373431446 -0.07779787139485915 4.58799731099387 255 255 255
0.7559086516618978 -1.6109046050455993 4.962006585139829 255 255 255
0.8823818958956435 -0.2549838668410286 4.721379491558247 255 255 255
0.8820985156037073 -0.9814900671490872 4.785843582014024 255 255 255
-1.4734323871904351 -1.6559748842893207 6.791429363515125 255 255 255
-0.02702656841549286 0.9054149103400225 4.76234483079578 255 255 255
0.7495596797536123 -0.2588173984404352 4.8320374957021 255 255 255
1.203433577361603 -0.3611125318630846 4.471572993725644 255 255 255
-0.8981822457211275 0.6234814778011155 5.541909923036891 255 255 255
0.14724334289016064 -1.6212498149535421 5.453028652013944 255 255 255
0.5839803979103878 -0.7629831433079988 5.012520314265778 255 255 255
1.1701940234073238 -0.1448029152614873 4.4817491374112155 255 255 255
0.889456471833013 -0.8226236629854873 4.77638877861679 255 255 255
1.2287311837305503 -0.12632190988800018 4.431286418932803 255 255 255
0.8817218142765397 -1.304225929996211 4.8275275916724105 255 255 255
-1.6711700729181727 0.24677256262204045 6.7748341471878275 255 255 255
1.1459054187871516 1.3273113109668444 4.271356223233314 255 255 255
0.55261762442995 0.06330069920295849 4.958302735231083 255 255 255
0.9723949691954906 -1.5027889293791208 4.76690924432576 255 255 255
0.7015443312324164 -0.566465614990119 4.893709526415054 255 255 255
-0.16781522382821606 -1.9167848054645955 5.74554827364484 255 255 255
0.3255453978818634 -1.8858912219346373 5.349741900034009 255 255 255
0.4861021074114846 -0.890550003377911 5.112081077537772 255 255 255
-0.0195972109805425 0.7449412267910339 4.787928769657706 255 255 255
-0.2963401813343651 -0.9935599528510016 5.371593881351384 255 255 255
0.0965673283632403 0.69503748859712 4.699147297661231 255 255 255
0.30694049103375404 -0.4455715571782265 5.201805109735893 255 255 255
1.2940188662929584 0.7437071066277896 4.299512748006827 255 255 255
1.222108508857111 -0.9028732059587719 4.514678445018848 255 255 255
1.0139423687986133 0.011861254081883111 4.5855410424153815 255 255 255
1.0467581709091218 0.3910618358773376 4.529421730978625 255 255 255
-1.5407770612779428 -1.5500465793243499 6.826552189758952 255 255 255
0.47100937042834995 -0.9146220244550205 5.118388215838323 255 255 255
0.57911876119593 -1.4455244730042964 5.089641087844416 255 255 255
0.511093075532769 -1.4114920380381188 5.13608349405894 255 255 255
-1.5958544280704585 -0.20514768047506624 6.737187699008575 255 255 255
-1.3469161689280054 -1.9356812510959374 6.728215980817414 255 255 255
1.151418674266331 1.0832913405386508 4.397619519776362 255 255 255
-0.5657743402128916 -1.9474916958010196 5.969714606733843 255 255 255
0.998687512663607 0.18092526161846462 4.587018792280611 255 255 255
1.3030807079042972 0.16207320203083986 4.347461024757983 255 255 255
0.5104234388883556 -1.0583039450471812 5.0932223263099905 255 255 255
1.1166178666805109 -0.3335525676158191 4.541255253880057 255 255 255
0.39778535032649615 -0.7274823490225267 5.1593119505766 255 255 255
0.5753536741088103 -1.459698137932678 5.08685413711929 255 255 255
0.6608436390219201 -1.480706759899922 5.029962042907457 255 255 255
1.0262649317886277 -1.439045151304915 4.722698760611839 255 255 255
1.185629740352489 -0.8633232892089442 4.534533571405565 255 255 255
0.5793067038802989 1.2371535083215501 4.7510974393550205 255 255 255
1.0609410580506924 -1.280550387827666 4.682264225471765 255 255 255
0.7456909413403113 0.17371587816142664 4.800561549177962 255 255 255
0.6789242686605386 0.6278829934943297 4.825894503439082 255 255 255
0.8546398956775417 1.0957750401818878 4.646344642960919 255 255 255
0.9335379881736819 -1.4614050377325054 4.799401508559295 255 255 255
0.8864458838408743 0.9126922507866021 4.626203260894394 255 255 255
0.7484738047484641 -1.074917984437376 4.913348189688035 255 255 255
0.8895761045596646 1.041593369172197 4.614039904710278 255 255 255
1.2945256313164257 0.14875754511192132 4.3508503580189615 255 255 255
-1.7553339769186629 -0.3447500826921175 6.8857954225764635 255 255 255
-1.5783704004448886 -0.1177990354687264 6.731740213408964 255 255 255
0.3155198093260551 -0.4349617282168658 5.1988655262128 255 255 255
0.9497174001861362 -0.21267507506753797 4.668788645605836 255 255 255
0.6744408998278596 -0.9759143873937036 4.96153779539238 255 255 255
0.7655890271396555 0.28769412190754523 4.784330049496432 255 255 255
-0.8437282555237107 0.0829899009034514 5.744942237419205 255 255 255
0.8420713723119634 1.0329470677996937 4.647547185777762 255 255 255
-1.407406656875819 -1.70813428368575 6.729643645540466 255 255 255
1.0831481144455763 0.40574765775557176 4.4997151204144705 255 255 255
-1.0732650153690355 -1.716470856301607 6.474448490535033 255 255 255
1.0613278757742919 -0.3505147915114165 4.587664473531913 255 255 255
0.4471072195881614 -1.167841139521333 5.172572423283507 255 255 255
1.1415054527714656 -1.313567961072663 4.616845722003802 255 255 255
0.25457978286629784 -1.4184216427109486 5.35265130906351 255 255 255
0.08730621223660168 -1.5768599636646186 5.49887042209697 255 255 255
1.2673804218474454 0.566211883763649 4.3339051359321275 255 255 255
0.9720780123251821 0.555700942235188 4.57515159145184 255 255 255
-0.1654517285448414 -1.1804883543124596 5.307916427469741 255 255 255
-0.08460291469678034 -1.944419279800455 5.677421887048416 255 255 255
1.2232317079623216 0.14550512268895824 4.410155670407682 255 255 255
-1.604646527204497 -2.01562471773516 6.948548053448867 255 255 255
1.0071050746879389 -0.46827239781643054 4.641606757436663 255 255 255
0.8544144906854112 1.0072013977764076 4.644505619206541 255 255 255
0.05382271160857699 -1.4073083972288254 5.507007445220578 255 255 255
-1.8338450992408264 0.5895786082959922 6.898565300137573 255 255 255
-0.2471376001028412 -1.531594550404508 5.762376807445376 255 255 255
1.2025807485735869 1.1337907780688312 4.3467389730751025 255 255 255
0.5144172887512889 -1.0132437312260627 5.093153131937949 255 255 255
1.0389869870123478 1.0420264207240622 4.493306103336867 255 255 255
1.163516337551579 1.100417399581237 4.39069961189779 255 255 255
-1.985318278184217 -0.044325954996078436 7.05402444760931 255 255 255
1.247660038250401 -1.149469516697526 4.51419800541408 255 255 255
-0.6321863361719492 -0.47616535656942344 5.6078741103313625 255 255 255
1.1802939539897908 1.1109334641591138 4.3733262854008705 255 255 255
0.9653552577630694 0.7124584455891787 4.574993425700563 255 255 255
1.1609758548299376 -1.5415400852372225 4.622205439395877 255 255 255
0.6529886283878045 0.15442852414814767 4.872457418645209 255 255 255
1.2654172053232176 -1.1810457401448946 4.512282818515793 255 255 255
0.7478582888211314 -0.5576421698939201 4.876610955222967 255 255 255
-1.6454338258644465 -1.2582613762263626 6.9093158209782946 255 255 255
0.015252073090352942 -1.7140608023625434 5.559344066272612 255 255 255
-1.2657926993186643 -2.06490389578348 6.649679282153953 255 255 255
1.0910806905754236 -0.9505926512277565 4.620653930092137 255 255 255
-1.646644990815182 0.5807021501596622 6.737975013032038 255 255 255
1.1579777859286764 0.8275487641256145 4.409151251191517 255 255 255
0.7597819995016363 -0.29807855609979794 4.8027957124622 255 255 255
-1.4384712641837571 -1.296728945429629 6.714034676915188 255 255 255
-0.47947292315130635 0.6408303776599926 5.197726212948771 255 255 255
1.127273477053627 -0.6912145742477227 4.565194742254949 255 255 255
0.4339030010121402 -0.5335714042744341 5.101185017465686 255 255 255
0.6085706341160173 0.0009976143580743403 4.923787160331194 255 255 255
0.396784863551154 -0.3237055460303746 5.138925805291738 255 255 255
0.1659754709851488 -1.297436769853454 5.396394182476001 255 255 255
0.95756840319571 -0.03698495559301799 4.653204751682477 255 255 255
0.16303731292458187 -1.6974780929053663 5.446122791165078 255 255 255
0.7013285560508531 -1.3495860559951933 4.979044516143 255 255 255
1.057259909392701 0.7795705713200747 4.499690199833957 255 255 255
1.25991630686586 -1.035269190458492 4.489217236156458 255 255 255
-0.8404741583872001 -0.7220730509195572 5.749573038543885 255 255 255
0.7538046421764582 0.3004876549200884 4.78319370719194 255 255 255
0.39753349616543343 -0.4918651194943821 5.134810973196569 255 255 255
1.0522025615730999 0.09312888896951015 4.550767370909658 255 255 255
0.9249351381319346 0.6269082299518549 4.636350356426331 255 255 255
0.24337702978610123 -0.6699577560710471 5.275971544049075 255 255 255
1.0799632832946355 -1.0222396423816762 4.635895175574315 255 255 255
1.096805339417044 1.2113863688317448 4.314101167313286 255 255 255
0.4689841116117224 -1.1929162973642358 5.148637656911928 255 255 255
1.2131559724795309 -0.9626362432604058 4.518008404753059 255 255 255
0.7467188696842413 -1.7475852630851876 4.9860273188305975 255 255 255
1.1130617477684552 0.9377552769528676 4.43696354973367 255 255 255
0.9906599494232278 -1.4967695233554927 4.753989660069415 255 255 255
-1.6731063574092648 0.31503271834188123 6.770693161995456 255 255 255
1.0024868692663327 -1.1723649158033742 4.721020941065615 255 255 255
-0.11735053230468775 -1.7398428419430252 5.678334307553944 255 255 255
0.8053489470861722 0.15675613481343373 4.766541152989045 255 255 255
-0.28207367806820577 -2.0419624414391264 5.860115722733863 255 255 255
0.724731152759561 1.2888409221691104 4.624497110992698 255 255 255
0.47162829412521856 -0.7754582205454837 5.095036592795915 255 255 255
-1.5724273493153231 -1.1119562253446695 6.81356088424578 255 255 255
0.823188179237941 -0.3403604896955827 4.776357079190787 255 255 255
0.9523630640104906 -0.8624551464118839 4.731043481390637 255 255 255
-1.4917393537211585 -1.9020298737178152 6.828274181755053 255 255 255
0.21262286304078984 -1.5742114516574608 5.391081332288613 255 255 255
0.8504621610652697 0.8494839562933167 4.6572089283776625 255 255 255
1.2894403997409032 1.2753426629074096 4.147154397467187 255 255 255
0.44492663542237226 -1.5852065565202842 5.213015067323404 255 255 255
1.2543508572662934 -0.9209096730067133 4.485855676436237 255 255 255
-1.7951791140201534 0.14610117393006247 6.896617449513568 255 255 255
-1.704487615872336 -0.7737773778223997 6.8845314283568 255 255 255
1.0377658518134354 -0.8895499048419011 4.662014683460404 255 255 255
0.2641498163631481 -0.8670092964931959 5.28938536335823 255 255 255
0.44492663542237226 -1.5852065565202842 5.213015067323404 255 255 255
-2.3541693380787354 -0.9933941011398264 7.394478592565503 255 255 255
1.2060969934754313 -0.3755522658032839 4.471242611485695 255 255 255
-1.8376360740297437 -2.1920724218430356 7.14059764640328 255 255 255
0.6748688471527745 -0.9140990350782986 4.962271757602746 255 255 255
0.21953120214586602 -1.5925719251877521 5.395671020868041 255 255 255
0.7329798026705349 -0.584558091483092 4.879801305525558 255 255 255
1.0461229795919358 -1.3981558959826994 4.705826391860367 255 255 255
1.051219213919072 0.7525709582190677 4.5080782090874285 255 255 255
-0.3621427336653455 0.045021377901252976 5.34339688162746 255 255 255
1.1608681136432404 -0.7272775172094621 4.5456167671742325 255 255 255
1.045338426864474 0.8622309528751073 4.503429606353706 255 255 255
-1.1072520107206034 0.09187943078475062 6.115830045166606 255 255 255
0.6103245922245734 0.5365126036803989 4.886216134610843 255 255 255
-3.0928388035635517 1.4369764942556338 7.045521395130099 255 255 255
1.175160677532736 1.0979533021084364 4.38091544693186 255 255 255
0.5780284461470477 0.5296318576232322 4.9133184054892505 255 255 255
0.6099807199156053 0.7463070016762847 4.87321047312646 255 255 255
-0.026300494592839462 1.1197764929529732 4.752600151614864 255 255 255
-1.1218350066074612 -1.6326198312949407 6.501978842356762 255 255 255
-0.25665074260576526 -1.8988287292023556 5.809750846505778 255 255 255
-1.731465135790294 0.5805179324537828 6.818830810594267 255 255 255
0.7924893159752137 0.9494750573251564 4.6981248752085545 255 255 255
0.8700858603629724 -1.469373615277601 4.853311985812886 255 255 255
0.9504042805575107 -0.41959630354601757 4.690090925531169 255 255 255
1.0111773210822033 -1.5991273909030295 4.750670107703433 255 255 255
0.24392889410091476 -1.2647342158613246 5.33796685963806 255 255 255
1.2521036861742656 -0.03180543905514042 4.400334822033036 255 255 255
-0.44775777954663354 -1.7652966766687426 5.881385177520256 255 255 255
1.030672445895587 0.16322633427422417 4.560311804673713 255 255 255
1.1356182165315005 -1.0178510943790595 4.588900500131178 255 255 255
0.927917917014064 0.2554348686671058 4.635895405555175 255 255 255
1.025605244968843 -1.1993917880012515 4.700139921353973 255 255 255
0.1371856252232508 -1.0908251457819564 5.401731690568066 255 255 255
1.2021142219077507 0.6231990499596188 4.388819628825189 255 255 255
-0.1503078087587841 -0.037053089730810375 5.324724608826652 255 255 255
1.065034706785588 -0.8881698636860005 4.638849850830968 255 255 255
1.128760189907259 0.021759422285300208 4.499547607509512 255 255 255
-1.7743571776331784 -1.6896954733968383 7.02896224315258 255 255 255
1.2898715549846382 -0.3472027967098762 4.398243531562663 255 255 255
-0.3584687332649347 0.7423477172143409 5.056524098699809 255 255 255
1.171810120891194 -0.011078374260784535 4.460951368600601 255 255 255
0.21262286304078984 -1.5742114516574608 5.391081332288613 255 255 255
0.807368143393811 -1.1954653972741105 4.871068390870319 255 255 255
0.5269654956477852 -0.15395253205626558 5.003034092885431 255 255 255
0.9050496311213536 0.31689623394097105 4.6449890222681915 255 255 255
0.845215218586344 0.993006248301594 4.6518946473382305 255 255 255
-0.36889352588364466 -0.5352666331580018 5.381608495674577 255 255 255
-1.5337499669715127 -1.6150613441240356 6.827708666267513 255 255 255
1.0347483039883059 0.9104375164628412 4.505713053568035 255 255 255
1.0227277954521214 -0.09506814443933079 4.591735251559912 255 255 255
0.18139285354989382 -0.6688083915432972 5.328454293561769 255 255 255
1.1833569810511235 -0.31081376562894353 4.4834595266005515 255 255 255
1.20007245444131 -0.9619254345360054 4.530615325850475 255 255 255
-1.2641099801679345 0.29069163868726083 6.2046706948432515 255 255 255
0.6754784525136047 0.95612662202678 4.788189498880543 255 255 255
0.7538619770901144 -1.5121449756038776 4.9624743577521 255 255 255
-0.0467866888152618 -1.5339808030533966 5.609041441980562 255 255 255
1.185884764527114 -0.6933821795015875 4.510401867899235 255 255 255
-0.11325738991401946 -1.39465419455704 5.635240291395869 255 255 255
0.9697590456786723 0.47571825162935266 4.59537434372946 255 255 255
0.475857382193783 -0.6892687018747932 5.116014497131425 255 255 255
1.1481321835891913 0.20818890065731957 4.467286688699468 255 255 255
0.10403814847844936 -1.1214483418366175 5.429836726443608 255 255 255
-1.549025128077311 -0.9285428521505364 6.78356103889858 255 255 255
1.1724489584218347 -0.8594044199832057 4.542804869529309 255 255 255
0.5922646276455855 0.6830707348523224 4.883610211754781 255 255 255
0.20652448940757603 -0.682495710802902 5.312300115690057 255 255 255
0.6844285391721455 -1.040875350819743 4.959010224227891 255 255 255
1.2338272411445046 -0.9567849796731284 4.498487121250314 255 255 255
-1.317272254881971 -1.3507797956480267 6.614697390524876 255 255 255
0.9528592582864341 -1.3930595388236457 4.769278450787986 255 255 255
1.0721316980549669 -1.105500112783408 4.6487478254434755 255 255 255
-0.6137311008684945 -2.101026770127062 6.127020360859009 255 255 255
1.2447561102271731 1.1335114908963932 4.30931135907568 255 255 255
0.526342178461223 -0.9551459854301566 5.087545227954666 255 255 255
0.5737763533374542 1.1508547091024135 4.864731682647167 255 255 255
0.5795282507767124 -0.26167698883177415 4.972594351807426 255 255 255
1.3297850948669352 1.2312879095699523 4.116831556147804 255 255 255
-1.7951791140201534 0.14610117393006247 6.896617449513568 255 255 255
-1.392142747961236 0.6684665188434645 5.937997867747014 255 255 255
0.17931704050249436 -0.7374629245666403 5.331504942863541 255 255 255
-1.4924994178083926 -2.354801320611521 6.875031233070892 255 255 255
0.73689635951026 -1.34893634196072 4.9542513655839535 255 255 255
1.3020095949199955 0.841709378693739 4.28380551683252 255 255 255
1.150486098671528 -0.2348523041574422 4.507703056239281 255 255 255
0.9288224364226034 0.39094589832261356 4.618468521048992 255 255 255
-0.11303466984220605 -1.371607089431908 5.644424323678699 255 255 255
-1.8327300886778606 0.07337076373743137 6.9250537572226465 255 255 255
-1.7780497257540988 -0.2605521321822634 6.889620775744483 255 255 255
1.2889314994995364 -0.9356019991182957 4.457135759426578 255 255 255
-1.627012685346045 -2.024030218362844 6.94411761413047 255 255 255
0.932074695803121 0.8832155632755635 4.600230326890393 255 255 255
0.8460181239304747 0.9504114750842744 4.6547111125808405 255 255 255
-1.2733509357505648 -2.306824596777151 6.691389437975038 255 255 255
-0.13450120666942667 -1.3580980470731046 5.656083011820797 255 255 255
0.6971195642777047 -0.30598617477521106 4.877349849774244 255 255 255
1.0432741574748232 -0.2908374686213672 4.59252572694139 255 255 255
1.2549619827367267 0.6617561687785828 4.3412715577364525 255 255 255
-1.6296802571861433 -0.2610788166471972 6.783315732977176 255 255 255
0.9011703570125852 -0.209895154989429 4.7007884282476 255 255 255
-0.18550558282080343 -1.991578154551742 5.774220412242596 255 255 255
0.33840071061464505 -1.4371681168676178 5.282763861900301 255 255 255
1.2518646699685108 0.3470224950372787 4.370869095163873 255 255 255
0.41470557106233163 -1.4866478969870374 5.2286062900167956 255 255 255
1.289290455322972 0.5976562602306111 4.31466835976237 255 255 255
0.06456413167660956 -1.7059989275477372 5.537052667087456 255 255 255
-0.05960258972091313 -1.5395407584611298 5.611630813428182 255 255 255
0.5647458265944507 -0.9430198911786422 5.051845940523373 255 255 255
0.5354290223322765 -1.6661102357600355 5.142307411359947 255 255 255
0.3508693767026951 -0.9311770565300687 5.224560768383803 255 255 255
1.1892432628429404 -1.0656551838234483 4.546531793781037 255 255 255
0.3877751619720739 -0.5025726317106102 5.158943686581375 255 255 255
0.8398594953772117 1.2588688148796183 4.536497922484764 255 255 255
-1.6341373104763757 -2.1445194192940327 6.970222325697198 255 255 255
1.0061806555246253 0.9969570094158036 4.530031046503648 255 255 255
1.1055799950581693 -0.3865478975701803 4.545615027034891 255 255 255
1.2797791488577897 -0.16938604207173885 4.391908046515147 255 255 255
-0.08084251544724311 -0.028620108567123846 5.276847097691631 255 255 255
0.9558535623885042 -1.0044191469069044 4.741366543253885 255 255 255
-0.08038077063373746 0.16603021361478074 5.217370992583019 255 255 255
-1.3277120750041613 -0.4495856968226736 6.559881096983295 255 255 255
0.3953224331814217 -0.45992500124216745 5.1308455936878365 255 255 255
0.7256635539672971 -1.5845815831740055 4.9810568760824125 255 255 255
1.15389695042974 -1.150907918057594 4.5934110155216015 255 255 255
0.5330208535402678 -1.3457028717905137 5.116082274614366 255 255 255
-0.459511882891733 -0.7053968559965659 5.354549493036559 255 255 255
0.8203751807526236 0.592564019380024 4.7003430244068625 255 255 255
-1.7554225842090194 -0.6482388076355421 6.909363892419258 255 255 255
1.277653197168834 1.1924455321960699 4.179545117507693 255 255 255
-1.0929892447430485 -0.3877798095550928 6.047017680639986 255 255 255
1.245205160212185 0.8027139753589068 4.3364195205174605 255 255 255
-1.3675519090985886 -2.1958233580906823 6.746882108226175 255 255 255
1.0528233200627335 0.9421123248683883 4.480773578120595 255 255 255
1.0875708934444663 0.20704157480732205 4.520542252486514 255 255 255
0.05931151791854649 -1.0884229699863937 5.469441294250645 255 255 255
0.5582157931623739 0.18201066824975176 4.960716049957296 255 255 255
1.2088270163560266 -1.259225859648058 4.559103888919466 255 255 255
0.9183454101193925 0.20952078430472187 4.653173378915142 255 255 255
1.2897871394442653 0.5961920494760016 4.320238304207749 255 255 255
0.3260671478026776 -1.4449859294558174 5.291404673941814 255 255 255
0.7039437854940593 0.17026556170921847 4.835695593364801 255 255 255
0.9442634049666824 0.5412297299871548 4.605469934963639 255 255 255
0.9660631947399424 -0.05591220440127477 4.631812214549058 255 255 255
0.3435574513274083 -1.282732319325555 5.261482749176736 255 255 255
-0.25730521931779815 0.9706782428231011 4.812363715579201 255 255 255
0.16841710678573554 0.7373856381899748 4.556492630626509 255 255 255
1.1526563480056895 -0.020953764155767503 4.484016002995802 255 255 255
1.2472093658704828 -0.3518196910743988 4.43451110448897 255 255 255
-0.06673679451220269 -1.7966564515109587 5.640491092694322 255 255 255
-2.119966668891107 0.8634225010542032 7.10981532523847 255 255 255
0.8093025663303772 -1.7209966475825762 4.928114208469477 255 255 255
1.29303551059139 -0.10634937052068476 4.375695122321212 255 255 255
0.14006232764235668 1.2930717783788712 4.540700334876792 255 255 255
1.065034706785588 -0.8881698636860005 4.638849850830968 255 255 255
0.9800438521079214 0.19790636109085463 4.599520306752605 255 255 255
1.2559045324837503 -0.9003513690927609 4.485450245164249 255 255 255
0.7194411378336141 -1.0262905872100971 4.926522635918726 255 255 255
0.9994663728038092 1.0674877351601906 4.525681827931074 255 255 255
-1.3480007191837495 -1.8052815398288775 6.700460025294508 255 255 255
0.29747749963311765 -1.3235998471459145 5.299652937523064 255 255 255
0.44006044818509527 -1.5465759286596417 5.210644005172812 255 255 255
1.1382962456732584 -0.22075502413263728 4.505773874219514 255 255 255
0.9814431017954428 0.26728566694624517 4.602469934565301 255 255 255
0.7597819995016363 -0.29807855609979794 4.8027957124622 255 255 255
1.2131816753431919 0.967691768778928 4.3578188790268895 255 255 255
-1.4177687041912208 -0.6037199727347542 6.645066345877051 255 255 255
1.0430888339265587 -0.43215706825016675 4.624943361422363 255 255 255
1.2478024667474534 -0.3037082076790951 4.432043421182664 255 255 255
0.684272336395118 -1.1712296372125763 4.97502041780273 255 255 255
0.997684001248735 -1.5723489475735257 4.762500964397696 255 255 255
1.0528499429455707 -1.180299810989356 4.682084014042252 255 255 255
-0.39451606238285214 0.5721185407922944 5.2247457822639936 255 255 255
-0.09786711510789835 -1.9239212527247307 5.69092926586728 255 255 255
0.5955380132406664 0.7683931811428332 4.885246137918005 255 255 255
0.1344911138621672 -1.2396369672578034 5.424918502762296 255 255 255
0.37909768240305797 -0.6982878977047008 5.175169213026127 255 255 255
0.6708707661801201 -1.721274908154312 5.0494737408833394 255 255 255
0.8446178892217918 -1.3513301031518001 4.868376008150816 255 255 255
0.12784504826730347 -0.4855795636552841 5.3576826813036105 255 255 255
0.33609045917255737 -1.323252456950828 5.2674403008734805 255 255 255
0.8992799105588357 1.062674543844707 4.602294655227272 255 255 255
-0.11549967465223124 1.2956191694696046 4.75631143037414 255 255 255
1.1279849958734733 -0.3555717510198605 4.528362851531945 255 255 255
1.2313798226418784 0.2269592183690972 4.397166835534243 255 255 255
0.012981045166222147 -1.678613975766819 5.581545897401793 255 255 255
0.6088309736260094 -1.370596348976024 5.053620940037769 255 255 255
0.8773422067684024 -1.2041514587098128 4.826220281839633 255 255 255
1.0896563958644465 -1.507477618003002 4.676806329482902 255 255 255
1.1631748458621454 0.5095557838127153 4.42972436115594 255 255 255
0.6489431133672411 -0.15164179966441813 4.897991452630244 255 255 255
0.6741171744072236 -1.1109035141977788 4.98118553318914 255 255 255
0.9816958267683219 0.7074831296943461 4.561584993089746 255 255 255
-0.11501631026375683 -1.5399881222497065 5.659170394281474 255 255 255
1.2506743485718654 -0.8874673715076036 4.487144623951145 255 255 255
0.1792434754549102 0.31990210705774447 4.887341279531355 255 255 255
0.10221433125269094 -1.9430924425288059 5.532347264033076 255 255 255
0.7469823759649297 0.7698680008567391 4.7616655350619865 255 255 255
0.3383519792744499 -1.5033770962609732 5.2879114274206875 255 255 255
1.038394978529175 -0.8390642190050935 4.649280749935689 255 255 255
1.2603365562623459 1.2276127270755837 4.177784165940235 255 255 255
0.09971310225809056 -1.6365233114939468 5.496527198924694 255 255 255
0.415404315182545 -1.634641909327873 5.243189484643126 255 255 255
-1.9813312080981456 0.4113062510310132 7.027489657973456 255 255 255
-1.7233382921326608 -0.03524927607062793 6.832626333662028 255 255 255
0.8016977590687211 -1.1647262460323535 4.877566087352458 255 255 255
1.1524982254160672 -0.029495943411840475 4.480803071101285 255 255 255
1.150486098671528 -0.2348523041574422 4.507703056239281 255 255 255
-3.1192486586320745 -1.8683369633621651 7.4796986093769116 255 255 255
0.8922765246970368 -1.2667269657913938 4.823489348391871 255 255 255
0.6118101384781466 0.2699148697199003 4.901976640547805 255 255 255
0.7650200449721589 -0.24693091117952592 4.814053627896805 255 255 255
-1.91619789692854 -0.05377041707853512 7.0119488603833835 255 255 255
1.2665549839060812 -0.9306040351846696 4.475933528189982 255 255 255
1.16326333641761 -1.5195669837316204 4.624068551040875 255 255 255
0.8917446285251813 1.017930247327927 4.610536888762193 255 255 255
-1.2777288442151087 -2.2096918314156553 6.686375941481719 255 255 255
-0.16922133385966467 -1.9256688609898074 5.735639542514801 255 255 255
-0.05114445602968518 0.2629557572009364 5.220291334537306 255 255 255
1.1666933622796396 0.013821880309783591 4.460098963866614 255 255 255
1.1656710799205823 -0.9016931788188355 4.551157832301106 255 255 255
0.9785785181439541 -1.0253120309749337 4.7137360747123935 255 255 255
-0.6888148411039107 -2.1871050497786895 6.2134721782036735 255 255 255
-0.6670401147980001 -2.0735318114617454 6.17795954574249 255 255 255
1.2706944992865286 0.13132924089165768 4.367280227008747 255 255 255
0.7602655447113859 0.3766463166943696 4.763354122389972 255 255 255
-1.6429045860805205 -1.6347849273070085 6.921124250096048 255 255 255
-0.0633994252668337 -1.8538475815984594 5.650098088792216 255 255 255
0.7323643984812005 -0.018854685380337993 4.83385913264766 255 255 255
0.8729904831342576 0.6300936512805158 4.66623583176032 255 255 255
0.5219205163569012 -0.015982120630338114 4.996037959633901 255 255 255
0.4567355157242455 -1.2734378565704816 5.1719959577103305 255 255 255
-1.8833993546262386 -1.3472323787633647 7.081968120769745 255 255 255
0.8703209524806585 -0.9871403254267298 4.795340622010116 255 255 255
-1.9486813341557017 0.6101419431623615 6.986700595372245 255 255 255
1.2896177986499335 1.0732766973339916 4.283429543005497 255 255 255
1.1775354184554527 0.11011599761310042 4.457815867790587 255 255 255
0.7548128323228183 -1.1287023996006482 4.914081343444178 255 255 255
-1.7844144102285777 0.6109779999363778 6.845034687815431 255 255 255
-1.7175747067646812 0.033571843012399225 6.821327903230498 255 255 255
-0.08846569190576768 -1.8034875311574774 5.671838357920955 255 255 255
-1.519486627734466 -0.9351183181278475 6.752945276275503 255 255 255
1.2826458830263447 1.2187122136625472 4.16197137293257 255 255 255
1.0274253049240654 -1.6444357030192545 4.745659108410682 255 255 255
1.0994582050498656 -1.0504917407666337 4.615792009384089 255 255 255
1.0773012180313293 -1.0859922524261982 4.639298297301106 255 255 255
-0.9658292606981494 -1.8044704520775476 6.382199586962971 255 255 255
1.0754399637287386 -1.2229664191281582 4.667154977964975 255 255 255
1.1332712610352442 -0.787817569428889 4.576138165004858 255 255 255
-1.2555334658335848 0.12586538093145086 6.142516483316192 255 255 255
0.4903839542574262 -0.17838643047976752 5.039546273210002 255 255 255
0.8548028569062214 -0.1929181915909122 4.745827243859741 255 255 255
0.5292946908540223 -0.9318780409422712 5.077359057932164 255 255 255
-0.07394694061103448 1.3139168388937779 4.7176843834895665 255 255 255
0.3207617288072293 -1.0907987204214096 5.255290615479973 255 255 255
0.8036161949479257 -0.9293155393081163 4.8731851139458255 255 255 255
1.1291570126169845 -0.1474522488834692 4.5127090989355585 255 255 255
0.9087582069511506 -1.7013279739982567 4.855160744781316 255 255 255
-1.0385013078070509 0.2539121744877214 5.972542570236631 255 255 255
1.1149244010927304 0.9905298702680306 4.434824470096823 255 255 255
-0.16723003752174584 -1.566591013805652 5.710415897305801 255 255 255
1.0547877928952691 -0.8091201796062006 4.642920529313225 255 255 255
0.4899810496829269 0.46395679249800176 4.9900436980309655 255 255 255
-0.06918160880364246 0.6194114586335715 4.840039613512269 255 255 255
1.283762650125272 -0.7492317334595849 4.441795564832767 255 255 255
1.0353066050544173 0.859780746853974 4.520797653685699 255 255 255
1.1973449822016524 0.5309553341341241 4.405131264279038 255 255 255
0.8289770739202847 0.9670409497438032 4.667697112813064 255 255 255
-0.7623920348480154 0.6422472797752048 5.413985165659533 255 255 255
-1.576378079955225 -1.2463380851281383 6.813540631182721 255 255 255
1.2960486901498596 1.2193457119577547 4.151882823463272 255 255 255
1.2145904599329524 -0.5826179821327984 4.48247260809523 255 255 255
0.9476169175373068 -0.9054738401325239 4.7373105687900905 255 255 255
1.1168547709407741 -0.3461799592545265 4.542346431285156 255 255 255
1.107539594342976 0.9921455747534462 4.443551314591686 255 255 255
0.36589256569925954 -1.0735627329069108 5.215708978793943 255 255 255
-0.21791189472296765 -1.8162582941852026 5.7705503297089304 255 255 255
0.924799050057383 0.16289387105300102 4.664879251075067 255 255 255
0.5244211348422844 -0.39305178497903204 5.02830096336259 255 255 255
-1.6588330339768507 -0.11308353862287082 6.788059672179447 255 255 255
-0.4468275633321652 0.3259131404194586 5.399026614122921 255 255 255
0.7072945294094918 0.764043993127263 4.791334545269093 255 255 255
-1.8531727895450985 -1.5320052715965264 7.087094280165454 255 255 255
0.7027147307188275 -1.511668993243942 4.9969274076130885 255 255 255
-0.13748679762263114 -1.698224619587086 5.7005031013219964 255 255 255
1.074221662059862 0.3172911309033232 4.512518425606239 255 255 255
1.073393011049277 1.0489122271771754 4.462311515234891 255 255 255
-1.3033191368883503 -1.7569656589552076 6.64910859633608 255 255 255
-2.025426830135954 -0.8273203486285665 7.1550803061268144 255 255 255
-0.1684528740339572 0.7157167461698852 4.914804375268463 255 255 255
1.0735099723508839 0.5603765982026022 4.500650121692176 255 255 255
-0.35210168847407974 0.6903030379004836 5.065957230705742 255 255 255
0.5294798396920521 -1.4267358482250703 5.119637165647422 255 255 255
1.2380368620590536 -0.7498567763926315 4.4813917357073745 255 255 255
1.2454275041526555 -0.9685440406652187 4.49326063743437 255 255 255
0.9141698812555034 -0.7683693438466531 4.742248964570804 255 255 255
1.1675336938385352 0.47785194685376847 4.430305032863658 255 255 255
-1.7083434484525728 -0.45026976433948146 6.855607168738082 255 255 255
1.2981678441981082 0.19841225207089136 4.344897552598335 255 255 255
-1.7553222543601688 -0.9473362340526513 6.947803806311138 255 255 255
0.9532640613889769 1.3541884598391654 4.4229229287921505 255 255 255
0.2246840669130169 -1.1764309551231127 5.337945580305669 255 255 255
1.152596305450537 -0.17852491042992594 4.4962536737598 255 255 255
1.1491397024780508 -0.9591057711829202 4.5696789452965785 255 255 255
1.263947316045401 -0.42753408887282357 4.423641228852507 255 255 255
0.49796873780273376 -1.5072973956776612 5.177163884350465 255 255 255
0.3838654683705042 -0.8239012599387642 5.174407111968344 255 255 255
0.9223129075466056 -0.2804769639254767 4.695230676042499 255 255 255
0.6566895516831608 1.1038530028159061 4.813130622774641 255 255 255
1.1406283978852194 -1.2867512847416984 4.6132125892132 255 255 255
1.125837045250629 -0.3457857304912688 4.527650002504925 255 255 255
0.5494545496578143 -1.033751174596791 5.081207682299491 255 255 255
-0.18577861356113382 -1.8143232255500723 5.745885899029303 255 255 255
-0.5140569261601375 0.5478008555080142 5.3283986187887935 255 255 255
0.24929082032175037 -1.3241485626273348 5.332491547259634 255 255 255
1.0415729574649772 -0.9252242513403155 4.657187993171453 255 255 255
0.03301422438624215 -1.9077078372060134 5.583966225478111 255 255 255
0.3512074812324443 -0.6312123942932075 5.184743034350713 255 255 255
-3.365485621607221 -2.3364194031513157 7.459960346343678 255 255 255
0.7142242888963203 -0.8009321319301754 4.90922668590997 255 255 255
-1.6614202121524695 -0.37416391932066057 6.804509211943634 255 255 255
1.0170186265206365 -0.8577918429215506 4.661292779642312 255 255 255
1.168387512511704 -0.0202381771576595 4.464057256125768 255 255 255
1.2884428883742882 -0.8605443467594598 4.4554834264013286 255 255 255
1.15044871312161 -1.0549831712571571 4.579144739161759 255 255 255
0.85624674158012 -0.35176841631581507 4.752676646913922 255 255 255
1.0085397350737895 -1.191020466679407 4.715273295893235 255 255 255
1.0922703214695297 -0.33748662297838894 4.5596759005674565 255 255 255
0.7953186582389233 -1.2246806472866132 4.888291933874822 255 255 255
0.928041822824634 -0.6441739754578272 4.718707760993438 255 255 255
0.5679584923925858 0.23037298017260657 4.929794135502591 255 255 255
-0.06891896259151127 0.10783629507653417 5.227488760434156 255 255 255
0.35654683328171516 -1.0438618949355296 5.2296280174489755 255 255 255
1.038196883511211 -0.8487547303359577 4.649415699616364 255 255 255
0.23493727691113964 -0.33264689841743267 5.255346339660985 255 255 255
1.1855708418843665 -1.3787308848628896 4.58329195754872 255 255 255
0.9976914159729954 -1.2719892593304478 4.729157054840829 255 255 255
0.539061435985509 -1.196850131461668 5.1004537047242 255 255 255
0.6936462123703053 1.1710942181031132 4.756327485372608 255 255 255
-0.5335083824791261 0.5445516969212372 5.310392468897998 255 255 255
-0.8272678130770766 -1.7359909883450542 6.263818261212816 255 255 255
1.043145782512675 -0.49783489232725664 4.612867601497953 255 255 255
0.6063584035776823 0.5585173205689081 4.8750265047279795 255 255 255
0.8166475599471898 0.17868913027603603 4.739915708988534 255 255 255
0.9941197330269059 1.1504558315310023 4.5202021486677815 255 255 255
-0.8401900027300201 -2.1361573190665126 6.323266369911808 255 255 255
0.41658329925787463 -1.7879130875115867 5.262769271707968 255 255 255
0.696410601435007 0.029453705755583925 4.848713238698466 255 255 255
0.8671144773458037 -0.03976236101784524 4.729147002104553 255 255 255
1.1241872199159793 -0.5032386747178282 4.542620172701153 255 255 255
-0.5319291711690817 -1.9340292984767073 5.936008945810874 255 255 255
0.9456777686766017 0.8829997339577034 4.594411899059968 255 255 255
-0.4829731468226914 0.627741799027182 5.195113737599634 255 255 255
0.7729911669330954 0.24776780822079497 4.7697991440515315 255 255 255
0.5816147454983367 0.6778089070210733 4.897262365192898 255 255 255
-0.4238246856030322 -0.5628248723033114 5.380859733228778 255 255 255
-0.39195300463297456 0.3259321474045598 5.3538560974687845 255 255 255
1.070779489630468 1.2150928214243253 4.341122439448805 255 255 255
0.7869280029505766 -1.1494049539030236 4.894898126038106 255 255 255
-1.7001881898377607 -0.19979665401673016 6.838283900801017 255 255 255
-1.7511455627481263 -0.5896932128654621 6.898488850939562 255 255 255
0.6725398672632851 -0.9662749945792833 4.964191224357453 255 255 255
-0.6274936011974975 -0.1139721564073408 5.607953692237841 255 255 255
0.29456742135463737 -0.35067671931221644 5.216367071949568 255 255 255
0.9197787164709981 0.8126735513815367 4.605967725169858 255 255 255
0.701415565368968 -0.6042135533129589 4.898873609751285 255 255 255
1.2101584185853602 0.41288172039951654 4.395873041674927 255 255 255
0.5679226719414037 0.692441187326175 4.903197168013519 255 255 255
0.15753943150185853 -1.6845948700348528 5.446905978576148 255 255 255
1.1882879660931391 -0.3217481413155412 4.4773877409917215 255 255 255
0.8213193713409271 1.118308552031709 4.666520717809473 255 255 255
0.2765217721708868 -1.2489789902933028 5.313882538727212 255 255 255
-3.3692197378360538 -1.9384800280005967 7.418712758142784 255 255 255
0.9518397573259484 0.10714179797155346 4.626763086670606 255 255 255
0.3199099415589423 -1.2338992925525978 5.277608445993534 255 255 255
0.5504790466699957 0.6505501629139192 4.923477746751698 255 255 255
1.0347932804863906 1.2169165388568814 4.371777689381944 255 255 255
0.819680189020421 -0.1547541559539304 4.7654716746200645 255 255 255
1.2676423806953618 -0.16990827781989568 4.401823686380034 255 255 255
0.32476663247706655 -1.3789203877546607 5.2876827441459255 255 255 255
1.0728374873365092 -1.4189763822417765 4.685075458650356 255 255 255
1.243968257600542 -0.8892225560535543 4.498093056753769 255 255 255
-0.8970482418978984 -0.7242314625959265 5.6944416374229485 255 255 255
1.0636805739623338 1.3374521121876062 4.351342920158815 255 255 255
0.5089158386609187 0.666196286058486 4.947977283589057 255 255 255
1.1645333363844408 -0.3979410152696599 4.507876868501655 255 255 255
0.9513890694083146 1.2563322191261717 4.4442204189244086 255 255 255
1.0875332271222988 -0.29788067978470706 4.562291214770946 255 255 255
-0.4984405438421808 -1.8985717319104494 5.9124409543849845 255 255 255
0.44095550496815433 -0.49182015169541005 5.091641809559353 255 255 255
1.1087241251404676 -1.1791942733275813 4.643761265189666 255 255 255
-0.8299184370834577 -1.7895826588695354 6.270638178443821 255 255 255
0.7918150494128129 0.029394534061251677 4.771499814525365 255 255 255
0.8732528776836709 0.37248667207876507 4.680534951482589 255 255 255
0.0073644471259536074 -1.7100450059773435 5.5900682466194995 255 255 255
0.947461420129681 -0.7519869786897078 4.7307915347269045 255 255 255
0.07610048863088557 -1.3536989971558604 5.47359091101372 255 255 255
1.2130496429699145 0.2191353107245539 4.415147312944409 255 255 255
0.31127723224465903 -1.554510886047814 5.309735717604337 255 255 255
0.6793177680445704 0.6406546628998399 4.819270886943401 255 255 255
1.022332981055416 -0.050078469879174435 4.584438129942866 255 255 255
-0.8366513139992494 -0.7004656864016796 5.7782982826122495 255 255 255
0.16020025487961254 -1.5345425236136891 5.428352390415309 255 255 255
1.101185605328167 -0.94564436850457 4.616542846652691 255 255 255
0.7908687085436025 -1.404883212259806 4.905939016455746 255 255 255
1.1930569803705733 0.4476967227193243 4.399443914982095 255 255 255
0.8522176528879525 1.0406219854457985 4.6414285914477516 255 255 255
-1.6405143361956 0.43640107372924747 6.750961547335607 255 255 255
1.2706200217854864 1.319539042783335 4.165163099406857 255 255 255
-0.4796691439170117 0.0430916464722781 5.442274355685032 255 255 255
-0.16628402424853164 -1.9489618262570865 5.739863144550077 255 255 255
-1.3690589554228372 -0.9760674830557338 6.635767996328667 255 255 255
0.8987552695601069 -1.5697127073685606 4.852205524575008 255 255 255
0.5373474099416309 0.8753391940942047 4.911067977092252 255 255 255
0.3917591874923561 -1.3879127006321614 5.221207324342407 255 255 255
0.5561337590471206 -0.37369269002389843 5.002944246724705 255 255 255
1.1139398951788038 1.0219029873979606 4.42772438364587 255 255 255
-0.9260785541450848 0.7765358326569157 5.546983858100045 255 255 255
1.0960194718304652 -1.4008480157203598 4.656729486244263 255 255 255
1.1551954775638125 -0.5204530320834594 4.52520609512388 255 255 255
-0.30476894070250665 -1.1809428054277933 5.2390236047739585 255 255 255
1.182927721608456 0.08914457390586666 4.4493052222095635 255 255 255
0.8332734512387387 1.0612746827084991 4.652719954662766 255 255 255
0.9012238033161937 -1.1343174515674557 4.799008878052644 255 255 255
-1.4893246965524103 0.7312035940983619 6.010084423454674 255 255 255
0.3289648797594159 -1.3363854442464969 5.271396832623535 255 255 255
1.006428819616314 0.7644744295301347 4.540573611470194 255 255 255
0.7469823759649297 0.7698680008567391 4.7616655350619865 255 255 255
0.33667863908982587 -0.8680730416001907 5.23370362285288 255 255 255
1.2664133478811885 0.4450428285816114 4.345200667924314 255 255 255
1.0813892412884516 -1.1049362131178853 4.635753451165381 255 255 255
-0.14297088048197504 1.2259457093409567 4.782245282251308 255 255 255
0.7338082665179215 -0.6952079545225548 4.89043738267118 255 255 255
0.5444037404930725 1.2379257648720976 4.793358349181938 255 255 255
1.0556937300591687 0.7153966070979908 4.498466859268574 255 255 255
0.21051093975463592 -1.017264640724549 5.335752198777036 255 255 255
1.2741168963070992 -0.9362607519913095 4.468384523375903 255 255 255
0.6453521685021114 -1.2820783077066409 5.0182013400129355 255 255 255
-0.031174365271681694 0.8956057603279269 4.77480143764786 255 255 255
0.22343250559326877 -1.9086547152142663 5.420980558063961 255 255 255
0.7604197156098964 -1.6740131910663645 4.980941662131348 255 255 255
0.6822513980444543 -0.2181382375328826 4.899636715193226 255 255 255
1.0617267033505287 -0.4963195106861398 4.600080696973696 255 255 255
1.296043461180871 -0.12308584134370514 4.378023701850651 255 255 255
0.7264252118171578 0.3762018235324176 4.7947725227255695 255 255 255
1.1309652839696018 -0.18743723040707433 4.510901719289916 255 255 255
1.1903445801797972 -0.9618313119810117 4.534477322758493 255 255 255
-1.4102934479581157 0.8194040287846505 5.945099137423966 255 255 255
0.7120723864503783 0.8968532845186231 4.78408677478211 255 255 255
0.4436681950265314 -0.49354209285318074 5.10098320078391 255 255 255
0.9792932997988953 -1.4140916237812184 4.759352946984089 255 255 255
0.6691484220304839 -0.07478928619478563 4.883870520481276 255 255 255
0.2310134760823752 -0.7859054762841104 5.29502250507223 255 255 255
0.9770338099937478 1.06556722768465 4.539438584796901 255 255 255
-0.024047646784220247 1.1020667838047489 4.753794689172168 255 255 255
0.869426404018604 0.5391261466780108 4.665445783559406 255 255 255
0.7505288882567079 -0.3917768094125175 4.857751166262327 255 255 255
-1.6999858911110544 0.039004652628425424 6.813585643248676 255 255 255
0.4894950990740424 -0.39784575529729055 5.055561656362502 255 255 255
1.0986947620748504 0.9466803529803152 4.4437492216711005 255 255 255
1.2861505344195168 -0.9965634607350597 4.4601840286878485 255 255 255
0.17290498055157025 -0.5165204206850047 5.324861101291591 255 255 255
0.5657406293374398 -0.2692770527936517 4.981868563863935 255 255 255
1.2185422123128744 -0.9193288272213993 4.518488321245453 255 255 255
1.2267221046064718 -1.4871043986853885 4.573344905080543 255 255 255
0.4615806340696085 -1.1609301522539999 5.138764924076573 255 255 255
0.7597978426724837 -0.6423438111971768 4.860704086273939 255 255 255
-1.9110156761501977 -1.26447869280452 7.094662325684269 255 255 255
0.8965581464342246 -1.2419203889510488 4.815611119057509 255 255 255
1.203652273114328 -0.8809884189062714 4.522909938729677 255 255 255
0.9273627256424644 -0.30804299306652116 4.682476410577558 255 255 255
-1.6239464772623737 -0.6787820167243638 6.815907854955472 255 255 255
1.1558077625545025 1.2163186284885914 4.275696258978595 255 255 255
0.4291039203185856 -0.37732459653653144 5.096004150842031 255 255 255
1.2479883010671167 0.26315990659097527 4.383702875447192 255 255 255
0.8351369668044092 -1.4758259950879722 4.875856115261181 255 255 255
0.7764704377950591 -1.0415648390350336 4.887736445969999 255 255 255
-0.16794167921992215 -0.01643422521267896 5.333530242199393 255 255 255
0.9241500080640733 0.5347713860443141 4.619283776360236 255 255 255
0.8399412882880869 0.16810496809165792 4.7210781231807255 255 255 255
1.314099229213068 -0.8050197415632737 4.4374370255613735 255 255 255
0.8274507624348374 -1.4511961238913882 4.880487589245068 255 255 255
1.266884553685993 0.572261198323734 4.338156652306767 255 255 255
0.417405436360456 -0.9962261762765826 5.167231541783257 255 255 255
1.2891427816574499 -0.9869971128773061 4.474781600162872 255 255 255
0.8955100355017847 -0.0545251062183293 4.704333056494603 255 255 255
0.6917228667080032 -1.4042990563436863 4.9865976684294315 255 255 255
0.6973491887570228 0.12775459003168793 4.83403519808662 255 255 255
1.0768020765321082 -0.6095954960673261 4.597064975309346 255 255 255
1.0373271231127346 0.9451710985423201 4.505786939022803 255 255 255
0.7783514455203515 -0.43356450574319405 4.841731111073505 255 255 255
0.5127836410417537 -1.59731137243123 5.164593636629407 255 255 255
-1.2308572728129468 -2.1513773751017253 6.634656777685329 255 255 255
1.1629597923661894 -0.8733062630832115 4.550225873716868 255 255 255
-1.1072701135961116 0.107779111323997 6.123587365876216 255 255 255
0.11282331461816651 0.8192134770596705 4.620678927000088 255 255 255
0.9854892595037023 -1.3899822586710777 4.748400482028239 255 255 255
0.9856208698620534 -1.3284180669281775 4.747195577966925 255 255 255
-0.19803946297956068 -1.4014923062545512 5.7037582749134605 255 255 255
0.5756604067530798 1.129651921094129 4.865823666999587 255 255 255
0.6807908510757122 -0.041450389211947526 4.877424140622921 255 255 255
0.9864057330810427 -0.5764763670599522 4.6805365526482925 255 255 255
1.0247965829402366 -0.9295378605279808 4.674206169087506 255 255 255
-0.9094629519828105 -0.7580860561184409 5.699519057268485 255 255 255
1.022938157552451 0.9845117183301281 4.509660187147404 255 255 255
-1.8625931412683263 -2.082887139831831 7.143528191656313 255 255 255
0.9875224447056593 0.6693879911530332 4.561253105070039 255 255 255
0.7121563645518999 -0.6075793036809403 4.894271091132921 255 255 255
0.9710159536775919 -1.5707943263554 4.782290413124857 255 255 255
-1.1888870139185719 0.1712220922560013 6.154622104896079 255 255 255
0.20209467095322092 0.46371731530470817 4.7753220282664675 255 255 255
1.0937228750350405 -0.24865377180114634 4.5459182170453944 255 255 255
0.6457312979103998 -0.5788331767884637 4.95124885123668 255 255 255
0.6369827589066087 0.3144436246513095 4.887147206427721 255 255 255
1.2011520481108164 -1.2726917798746051 4.56936905009675 255 255 255
0.7072696632787697 -0.292648653513559 4.865020436602378 255 255 255
0.7570613201545668 -0.6291496308957802 4.855551765871 255 255 255
1.0624993433579384 0.4502636622865798 4.510060406418283 255 255 255
1.2492502542506825 -0.11122783046215587 4.414997596207253 255 255 255
1.047909326967827 -1.6233088216507383 4.720727820698997 255 255 255
-0.44340475344934344 0.4090765497976297 5.389855648003106 255 255 255
0.5428604028757206 0.3809533102267204 4.941983744065154 255 255 255
1.2366097079048555 0.3777623859471663 4.3827986390325915 255 255 255
-0.1531599436168484 -1.766837345041244 5.719188431319918 255 255 255
0.30003185076451827 -1.2592005041446297 5.285125234878437 255 255 255
-0.6677836818657678 -0.49065508916797307 5.6379685986435275 255 255 255
0.7282786308755348 -1.0299172773494307 4.933281771620281 255 255 255
0.6472149905281728 0.4820036736675609 4.850011472177381 255 255 255
1.0078772114589178 -1.623084173150349 4.756766661441846 255 255 255
0.9314538526003744 -1.0044464563303785 4.749399179815536 255 255 255
0.9860463937779482 0.37279805486823864 4.5901372330116 255 255 255
-1.4233689177723363 -1.6617835918034662 6.748333444508265 255 255 255
0.8473763506371977 -1.0934435253299253 4.836733727791108 255 255 255
0.5406603998918115 0.45672366345831183 4.948204557910971 255 255 255
0.7993534857239212 -1.6301147448241662 4.929697555449644 255 255 255
0.16929297495143195 -1.5298622580587184 5.422205947173756 255 255 255
0.6882561311949342 0.5253102581566792 4.831518995281593 255 255 255
0.3236374599920993 -1.2589482272504982 5.277565098797278 255 255 255
0.6942599847301326 0.9021052051534079 4.797518243975475 255 255 255
1.3270546296253678 1.2114687516449612 4.123563915747572 255 255 255
0.0827285676132327 0.7340217251178586 4.69945921413252 255 255 255
-1.5782804577063838 -1.9386974111276123 6.896993086031281 255 255 255
0.6502114447649309 -1.6939124347320516 5.052076273520343 255 255 255
-1.085472014240866 -2.265513552168569 6.534314430794378 255 255 255
-0.39345790985567086 0.20236073856540096 5.362176801215509 255 255 255
-1.4167692859666858 0.8050685149224986 5.95021069677324 255 255 255
0.18829014050358128 -0.6309592206733367 5.316159488163448 255 255 255
0.8191586327022802 -1.4274569420119767 4.885718389182535 255 255 255
-2.942575891455743 1.423799185106566 7.187038413007305 255 255 255
0.73435207211699 0.9489833382117502 4.744000351363793 255 255 255
-1.1460210600359928 -1.5109957395669231 6.50363698774423 255 255 255
1.2211636827080663 -0.2129948021708141 4.442602942442433 255 255 255
-1.0760248012587794 -0.2949818939561817 6.035753422158645 255 255 255
1.0160770994176342 -0.7627032209510013 4.676165967823045 255 255 255
1.0519924845973287 -1.2412134626670044 4.683733789890739 255 255 255
0.4100149916079393 -1.7721130120733521 5.267307243706494 255 255 255
-1.7866273377955768 -1.0848978114165693 6.987258398865064 255 255 255
0.5135721751121741 0.4736284758970329 4.9702272207335385 255 255 255
0.9865177806165084 -0.6994123002902 4.67676930656977 255 255 255
-0.14191102228610977 0.29751951454189607 5.288142075466689 255 255 255
-0.3031314925543353 -1.7443166294099681 5.8338484534177635 255 255 255
0.7735908348446131 1.1672949503993495 4.6966105324407055 255 255 255
1.2706200217854864 1.319539042783335 4.165163099406857 255 255 255
0.9174657945971433 -1.4205094856809308 4.808089562684623 255 255 255
0.650595151944707 0.2203643146023776 4.859188452131509 255 255 255
1.3141717251737366 1.2347828775157137 4.130460213402546 255 255 255
1.229358631495079 0.2726738106291879 4.389437522811004 255 255 255
1.120354892231184 1.035662943488871 4.433080845516113 255 255 255
1.2981678441981082 0.19841225207089136 4.344897552598335 255 255 255
0.6849187800118276 0.41788560772147987 4.8310099072483075 255 255 255
1.3062367894680667 1.3442101479191548 4.130621195887231 255 255 255
1.1595352235729708 -0.8669061563984067 4.55170494984419 255 255 255
0.6488145773339279 -1.381578771393337 5.014300859675985 255 255 255
1.1510924878655295 -0.9014179220961477 4.5556826884777335 255 255 255
-1.5681677356300077 -1.5356063691337611 6.848213067669087 255 255 255
-0.043897384965466066 -1.269051674830798 5.468643085880647 255 255 255
-0.036200217417989594 -1.9067014301261234 5.640001010510918 255 255 255
0.64919624887625 -0.4233891722170629 4.929195089984184 255 255 255
0.7972928882090231 0.5183998575025095 4.705670823410935 255 255 255
0.991851685782909 -0.7552843719925786 4.690846062383124 255 255 255
-1.6941790753139072 -0.6447730348888735 6.851720521567761 255 255 255
0.7897821330154172 -0.5717832353802591 4.829264002761948 255 255 255
-0.43617324177139055 0.7065848072749336 5.137806492831734 255 255 255
0.2687459267482078 -1.314369972290944 5.318627681423556 255 255 255
-0.22833586862254052 -1.1853262219168004 5.244511827459605 255 255 255
0.8932517712545366 0.9971276261826522 4.621864103300568 255 255 255
0.8277092307422599 0.1903179570973958 4.727518672442987 255 255 255
1.1322463433222736 0.3453698785665306 4.4671102652976025 255 255 255
1.2011911663553743 0.6338129020098492 4.382869794815811 255 255 255
-0.586213317090295 -0.8241284117928772 5.424113322032894 255 255 255
0.29163217823469556 -1.5939541857526236 5.353073185093854 255 255 255
0.1739128664414334 -1.8311637022426708 5.45313071019163 255 255 255
-2.031329809493722 -0.7877942370432612 7.165928550361232 255 255 255
1.1430410421210717 -0.8953054314520404 4.568663911108276 255 255 255
1.0148589739580745 0.6208405483505006 4.536378999649113 255 255 255
1.0711286593634515 -1.6563634484478018 4.713401437758368 255 255 255
1.0813892412884516 -1.1049362131178853 4.635753451165381 255 255 255
0.7483143791369711 -0.8370657240074705 4.88577176930969 255 255 255
0.9280351511526458 0.47245322686054475 4.6309580339112895 255 255 255
0.2498166370289186 -1.3746699296835816 5.341592139628867 255 255 255
0.7856276151061807 -1.5654431928312984 4.935715593577369 255 255 255
1.0402612188656866 -0.10055541273335508 4.584337194174798 255 255 255
1.1784925068666892 0.4487032511753554 4.411070209674407 255 255 255
0.1322971299139825 -0.6450127732856992 5.3706028204750105 255 255 255
-1.4862630574052385 0.7892600034778796 6.0052340895152385 255 255 255
1.0276775437506882 0.5669812890801486 4.544881668783316 255 255 255
0.03744431053376953 -1.35974185429024 5.524388104990614 255 255 255
-1.3299769671176698 -1.5746520235785835 6.665970828765006 255 255 255
1.0237322578609154 -1.4027716498360543 4.718558826227764 255 255 255
1.246274405174467 0.7155470311915302 4.339761295788591 255 255 255
0.8819215166900849 -1.551990094921484 4.865854701817606 255 255 255
1.205225118192259 -0.2984280025736098 4.463578224157141 255 255 255
0.37927182536705595 -0.941543261331678 5.200541974786437 255 255 255
1.2074230209699448 -0.8719502360041527 4.517237704220823 255 255 255
0.8796601262451582 -1.5131602837947782 4.847977846865086 255 255 255
-1.5332058541507894 -0.393184616018828 6.722873301522832 255 255 255
-0.0923684182069038 -1.5243864219353984 5.634027807924586 255 255 255
1.2038485509790937 0.08230898776319226 4.431860927319574 255 255 255
-0.6605941040422049 0.7289304165196103 5.327964079041371 255 255 255
0.20252771277631407 -1.4041502432723196 5.394367591850201 255 255 255
1.0116348489853504 0.08839419194366778 4.588354036471803 255 255 255
1.2787389753320608 -0.08611524908350549 4.390779299122127 255 255 255
0.6092534493404048 0.0009323381148257745 4.925804299366482 255 255 255
1.0259704808715338 0.225185413743644 4.5624595949105755 255 255 255
0.9234695232265876 -0.45422170702737225 4.709843802296496 255 255 255
1.0503770633228198 -0.8730364924229442 4.64449072588985 255 255 255
0.3652792393744412 -1.008340366911669 5.203755134544134 255 255 255
1.1620310308781454 -1.2510427706540475 4.597196629263865 255 255 255
1.2540478805388644 0.7950768453021476 4.3351954487396736 255 255 255
1.2756937507184993 -1.4457621120078354 4.522871532202558 255 255 255
1.1831754719176695 -0.14083437793904555 4.475796968866295 255 255 255
-2.0247886669496657 0.10331871427219363 7.091248764141362 255 255 255
0.8850912864483629 -1.3738155968367303 4.8391276319465835 255 255 255
0.779374757671998 0.6274570519705424 4.7538504042852106 255 255 255
0.03514051181136085 -1.9313024414920983 5.585047586691508 255 255 255
0.9653001255243003 -1.6073809783941126 4.783612383756606 255 255 255
0.7820304893623432 -1.5576553048876463 4.9391206326585 255 255 255
1.2260973775045303 -1.4778517120152554 4.566888455933574 255 255 255
0.1580721391070186 -1.0024689664285027 5.3836064848511835 255 255 255
1.1132643657903531 -0.47303249931089536 4.554364453717338 255 255 255
-1.2405449573767022 0.11992527526007965 6.141093589049015 255 255 255
-3.0044507776024805 -2.53819317340241 7.661317138478636 255 255 255
0.5929816026349565 -1.7502358723904874 5.113857142643652 255 255 255
0.8985275154784025 1.1074431924455936 4.609078586134008 255 255 255
-1.943645521507528 -1.3245636636950462 7.145682073230189 255 255 255
-0.7410100352661866 -1.9111962830548437 6.214818048211399 255 255 255
-1.8790540817168564 -0.17538687914136358 6.9751612078648755 255 255 255
0.03602780464861039 -1.4399996398513217 5.520941902818368 255 255 255
-1.6745670953671399 0.2598338155501153 6.784391788340086 255 255 255
0.4460238885516103 0.40860242264075913 5.019500256437553 255 255 255
0.8142846651571405 -1.6338284999030266 4.913351688839756 255 255 255
1.3020510779238266 0.1519759346695183 4.34215562343577 255 255 255
-1.4988170401524383 -1.5556486302919008 6.782003186023922 255 255 255
-0.03289532354692574 1.0458487386941586 4.76268287747972 255 255 255
1.000858494502869 -0.9467279339163324 4.698109372628761 255 255 255
1.1117186315080698 0.858705393227554 4.449397530564065 255 255 255
1.2810904866066948 -0.1843772146382212 4.3876250904806575 255 255 255
-1.0501133835519199 0.23698598602049223 5.968271917583284 255 255 255
0.11845405617915922 -1.4051482820784025 5.460605534188989 255 255 255
0.3209901976116588 -1.8545108857696586 5.346285386026957 255 255 255
0.38986338339627996 -1.61497508923534 5.2583942413942015 255 255 255
0.9294048502696025 0.9248364302018233 4.584978566860101 255 255 255
1.1329136202488388 -0.261786579254865 4.5115042870815785 255 255 255
0.009384850257244413 -1.2824979944810269 5.519684739858642 255 255 255
-1.9198836106717545 -1.6659393007508925 7.147964405458068 255 255 255
-1.960537813562561 0.30007968145364955 7.0270288874971785 255 255 255
0.3796768413093662 -0.8143931248579835 5.185036077628182 255 255 255
1.0245226504723812 -0.8429546603692346 4.666336873334357 255 255 255
1.146523680666463 1.0278837164463397 4.404008432897546 255 255 255
0.6070809542502885 -1.3452503397171558 5.051196824030705 255 255 255
0.6362268735646835 0.626888166547885 4.858277040052516 255 255 255
0.7789005686873185 -0.5721743963765166 4.849107615890323 255 255 255
0.9880537855943735 -0.7779725149746937 4.685957484987317 255 255 255
-1.7544029252657172 -1.8281267879193386 7.0313558252234 255 255 255
0.7442103248778815 -1.061882313299035 4.930599308530488 255 255 255
1.008427852883677 -0.3910297799979753 4.623484181922722 255 255 255
0.6237766171944543 0.5709120518825173 4.875371867802081 255 255 255
1.147994162067752 -0.6790207773100114 4.549890149563797 255 255 255
0.44731643362297024 0.4264931816832559 5.017345463512701 255 255 255
-0.024198906339161604 -1.5617397353741387 5.589899441119639 255 255 255
1.1144491101034277 -0.255967276757621 4.54615976077234 255 255 255
0.9730451291238439 0.4549843321673218 4.595467414146425 255 255 255
0.7650200449721589 -0.24693091117952592 4.814053627896805 255 255 255
-1.558724722410806 -1.8543968854787913 6.871387085236866 255 255 255
-1.5607044955499416 -2.0211801340556055 6.899253789168575 255 255 255
0.7993534857239212 -1.6301147448241662 4.929697555449644 255 255 255
0.3790002052666443 -0.7447249922228205 5.168850864804472 255 255 255
0.7780658159135995 0.7066240698999641 4.728636016445933 255 255 255
0.19161176482302125 -0.7728539620265068 5.326234315015902 255 255 255
0.5033493519857756 -0.22743629324098144 5.006968793434471 255 255 255
0.5159008943085319 0.37169086052372363 4.970338900144978 255 255 255
0.6879446936988258 0.9389845620026303 4.787251654378702 255 255 255
0.5023343847911476 1.167141739713999 4.915500295176595 255 255 255
0.6717719628864294 0.2447436058818939 4.842266644276469 255 255 255
0.2631852405591961 -1.8293202049911803 5.383421505336173 255 255 255
-1.5486002033309454 -2.231170298687445 6.909089273505494 255 255 255
-0.9126659132243108 -1.8442035845606486 6.3573998591553345 255 255 255
0.718150911403121 0.1309505318843368 4.834268037126396 255 255 255
-0.4232477284345429 -1.8149130064119188 5.840367498812937 255 255 255
0.3435574513274083 -1.282732319325555 5.261482749176736 255 255 255
0.7220281692050768 1.0440154532717876 4.75321258026141 255 255 255
-2.981244105010494 1.4599238439461546 7.22345928466666 255 255 255
1.0534844391799034 -0.8166310964048858 4.636781652465495 255 255 255
0.7236764184126345 0.78585066448903 4.77686347760346 255 255 255
0.7759134386054097 -1.0281856987013862 4.883948174349702 255 255 255
-0.3447503780902915 0.6126586674970693 5.070714029725625 255 255 255
-0.4582740867459418 -1.3569114657292467 5.505114020934253 255 255 255
0.6055716556207639 -1.6850938037690897 5.08994516831009 255 255 255
0.7767513499908888 0.39983166690327143 4.7314720882281485 255 255 255
1.066452253771486 -1.2259609635928166 4.6761928153310235 255 255 255
0.6156922658534477 -0.9567881904620967 5.01020186917871 255 255 255
0.3469934164593091 -0.9536177847851266 5.227458846284468 255 255 255
0.4257440530021279 -1.1959156903311612 5.175331061853624 255 255 255
0.8642640739957494 -1.395935714456389 4.846700497116542 255 255 255
-1.6296802571861433 -0.2610788166471972 6.783315732977176 255 255 255
0.7505736597869364 -1.5555713538126528 4.959761818481298 255 255 255
0.8534012224035815 0.46170114034102316 4.689355552969681 255 255 255
0.6502114447649309 -1.6939124347320516 5.052076273520343 255 255 255
1.2591993730363509 0.3598195634163099 4.370671434976685 255 255 255
0.5860016657769331 0.9291186382697559 4.872086635357443 255 255 255
0.7490759297917436 1.1389441035819632 4.726141111204284 255 255 255
1.1690761350391259 -0.7466113276627241 4.538803031728388 255 255 255
-1.5376332341004249 -0.45753635719722857 6.720248163250757 255 255 255
0.553797068416555 -1.2036389632079307 5.081591815646991 255 255 255
-1.098854010793909 -0.40021620760299537 6.0422448498579975 255 255 255
0.3878371516310206 -0.45729787542006917 5.13606437152409 255 255 255
0.632314237192911 0.2488486964577255 4.87805006511076 255 255 255
0.7300553542766476 1.308715501814608 4.623210322933537 255 255 255
1.2892635246387631 -0.9686857617301611 4.459592997348601 255 255 255
0.27892280984541273 -0.3142784980656085 5.223202256689828 255 255 255
0.5789551041377381 -0.06551093666200482 4.948268833413263 255 255 255
0.839340254387156 -1.474404337541512 4.879363668588462 255 255 255
1.0348749120079623 -0.8034965569949196 4.657490876726575 255 255 255
0.42653420780978313 -0.45240503984132646 5.105337400395421 255 255 255
-3.2815882137269745 -1.7093123565093264 7.2984108214259065 255 255 255
-0.6172961142093746 0.13759900689882726 5.586170358835036 255 255 255
1.0667778371584047 -0.552778988091935 4.590021508419693 255 255 255
0.9287457969028509 0.14169383520793524 4.64200481210966 255 255 255
0.8809403203562328 0.9502420709565582 4.623352288589253 255 255 255
0.33924528350271255 -0.9669461465062209 5.247068170156597 255 255 255
0.6215553100748632 -0.41571082338756743 4.96182403846281 255 255 255
0.4668079889564856 0.4353956031133802 5.006763502040428 255 255 255
0.021962282287347253 -1.5148955264724064 5.536874065756788 255 255 255
0.614245467932166 -0.8471992789907945 4.990691042281546 255 255 255
0.8322530687302473 -0.10288094899214478 4.752346860493908 255 255 255
0.9803861273389973 -0.8349117389961928 4.7063751621858865 255 255 255
0.7964902999795446 -1.4584195841955323 4.906953132293486 255 255 255
0.1431862454166255 0.6723674269657783 4.65977055074794 255 255 255
-1.4891461414428195 -0.09303870309820737 6.652337116291258 255 255 255
0.9869416659069771 -0.054352581395924006 4.619724120673096 255 255 255
0.961873787668533 0.051996020504942876 4.629635328930071 255 255 255
-0.5539189045437609 -1.9984633424026332 5.966914221723104 255 255 255
-1.1616805237596814 -2.2550978832548294 6.585630172935531 255 255 255
0.0665900095096336 -1.5898533106968311 5.507225418625089 255 255 255
1.0868850014850417 -0.3696979727953883 4.5611316462952916 255 255 255
0.7596709859280228 -1.002191628754928 4.898565784689079 255 255 255
-0.23061579237182517 -0.310762252998751 5.417120786861623 255 255 255
0.5819077777738234 -0.4028624896095377 4.9805041342743905 255 255 255
0.724731152759561 1.2888409221691104 4.624497110992698 255 255 255
1.1326137583621816 -0.047644195179378665 4.515647522152335 255 255 255
1.2507473498660973 -1.539662320688139 4.552443287603625 255 255 255
0.30997240441836216 -0.9621193971232085 5.2620248902599345 255 255 255
0.9973172505143414 -1.2804540249518757 4.725450141055496 255 255 255
1.0050210609119556 1.3569095840441823 4.3857118098819186 255 255 255
1.1571074718335395 1.1099691921186194 4.390385843131556 255 255 255
-1.7638832833592615 -0.6823307857280734 6.918774695006119 255 255 255
1.1729199847825071 -0.20970287226486353 4.500318776401675 255 255 255
-1.4384712641837571 -1.296728945429629 6.714034676915188 255 255 255
0.3196689971433621 -1.1422758846959336 5.261606155546262 255 255 255
1.0970577758589868 0.6725990752269472 4.475510283716314 255 255 255
1.1630329398727781 -1.3235489742538094 4.6024470248378275 255 255 255
-1.479412262785762 0.8581312031146064 6.003073066658221 255 255 255
0.5820166793763565 0.24808421912499326 4.928235215581891 255 255 255
0.698434933808309 -0.2935560585815794 4.892647726466803 255 255 255
1.0763784203295443 1.142321122961599 4.45149348950807 255 255 255
1.196862861343437 -1.0190064951871893 4.536126849338174 255 255 255
-0.9769524037204859 -1.9769151022087927 6.413435078481397 255 255 255
0.8417354699807416 -1.5535032027783608 4.890235978013822 255 255 255
1.2992617539913738 0.8637198251026674 4.288175928002028 255 255 255
0.9407450797134776 -0.643698156244528 4.713487003910733 255 255 255
-0.2631292394054978 -1.777503291548954 5.807403899038326 255 255 255
1.1957913164514435 0.16117859722896605 4.431258569850895 255 255 255
-0.0922090040800656 0.6013483818418273 4.859581278623951 255 255 255
-0.5128184366408559 -2.023234066751921 5.930629492374758 255 255 255
-1.9363980045841525 -0.04589823465615884 7.01361210726484 255 255 255
-1.0743431635324738 0.74455618445382 5.67355257208359 255 255 255
0.9162685335092974 -1.6713769577752113 4.8436062875400285 255 255 255
-0.30568259349123567 -1.960134378494905 5.8606443872047125 255 255 255
1.2549619827367267 0.6617561687785828 4.3412715577364525 255 255 255
-0.7991437178829554 -0.6382700168092247 5.755126703375056 255 255 255
-1.0680207863233242 0.6230140799605889 5.772369561896559 255 255 255
0.5677658226160704 0.5438914600669411 4.916282707810905 255 255 255
-0.6585472491639436 0.29075617718358987 5.435401515549676 255 255 255
0.6855965170809131 0.7555137122444383 4.786798546843792 255 255 255
1.2662829241546374 0.03359191851460296 4.379984444820742 255 255 255
1.2477162985470867 -1.267299170459242 4.528735942170429 255 255 255
0.31069739522189666 -1.2387457887167985 5.279169858908151 255 255 255
0.8223403770115656 0.24613466414467908 4.725836563422979 255 255 255
0.7878474888871164 -0.2985087773534521 4.809307325176068 255 255 255
-1.105575848838687 -2.2453840003655685 6.551192990262639 255 255 255
0.5762957177183005 -0.07275700781531763 4.954790851665856 255 255 255
0.09724308495197181 1.3237993572388997 4.564402432925288 255 255 255
0.9462868198928622 1.0395111086341124 4.570521911205199 255 255 255
-1.6558423680659367 -1.524129321211658 6.925422953600818 255 255 255
-0.6094754010824206 -0.9555885632457827 5.4985442569486365 255 255 255
0.7339084954917107 -0.7981989719639909 4.892902992162081 255 255 255
1.2702360524439273 0.8588191191020623 4.30931005245927 255 255 255
-0.1344454328592986 -1.999910310687438 5.73344661570912 255 255 255
1.0886011683742236 -1.5162978683066168 4.677690194723894 255 255 255
0.15372719842205362 -0.9482624607850296 5.389023928415779 255 255 255
-2.0307190694336406 -0.34887065771485004 7.1167362460662575 255 255 255
0.02506640064393872 -1.4435361865314582 5.532325572044976 255 255 255
-1.5342985901581538 -1.4048014976834762 6.813460384996613 255 255 255
0.22405840244854208 -1.3647305190666876 5.358595166722416 255 255 255
-0.7566572474784917 0.620739133017859 5.3986940266399674 255 255 255
0.1276397759461533 -1.162222681209128 5.417910539342457 255 255 255
-0.11756009084717356 1.2644195953942825 4.74522873477301 255 255 255
0.890216071505842 0.6420001096166392 4.636138856844325 255 255 255
-1.8122896031844797 -2.200238939240256 7.129183102533974 255 255 255
1.057570213279806 -1.5658152770913496 4.719454766977766 255 255 255
-0.40905936385299807 0.07280332666744818 5.3911177243754915 255 255 255
-0.06962064032515386 0.08671772276410958 5.239573610805898 255 255 255
0.5320112102171874 0.34969093203794316 4.951025996925882 255 255 255
-0.24592294009493826 -2.018183759645216 5.819325724307188 255 255 255
1.1332927585222958 0.9569062340777271 4.423853920933935 255 255 255
-1.0491041688977145 -0.3394167523841728 6.044471349554541 255 255 255
0.5241464031616269 0.18844058843762113 4.989584703830084 255 255 255
-1.5608396467410852 -1.1364911557825357 6.830340518126707 255 255 255
0.7170313082082425 0.10383957473312382 4.82699825845503 255 255 255
-0.4214562625433479 -0.7242633720979181 5.379864560655474 255 255 255
-1.5849627899350505 -0.9446131798726326 6.813181847185559 255 255 255
0.7352501393718327 0.8692002837722282 4.766990709009174 255 255 255
0.8855983549510857 -0.09049768454044878 4.718141395669209 255 255 255
0.9771881855456135 0.44515335270707806 4.598026737861804 255 255 255
0.5053575319363509 -1.7083481639815374 5.173476522410594 255 255 255
0.835753685990746 -0.8066876322209777 4.813690534531291 255 255 255
0.9163344312848195 0.5984924822096579 4.634370570356484 255 255 255
1.2147715927315084 0.9344934256534675 4.352617293186635 255 255 255
0.8682711276905902 -1.317927070439901 4.8420387241576135 255 255 255
-0.9254168073184296 0.4750562152690075 5.7922377838534835 255 255 255
0.63436093384905 0.42901883925471707 4.869303503451172 255 255 255
0.7913052500065472 1.023166416566334 4.70487867669858 255 255 255
1.0788713324195005 0.20047041796226078 4.522285075101777 255 255 255
0.9284455118505341 -0.9771422301865359 4.747495241856655 255 255 255
-1.7723926802289172 -2.328388065970768 7.109307365406485 255 255 255
-0.18454378211078457 -1.5666114806756966 5.722309229266622 255 255 255
1.0394962662036877 -0.651192802851024 4.646392225602405 255 255 255
-2.000086336582254 -1.3706683598005853 7.175140051844164 255 255 255
0.8865054878295834 0.8422593909330238 4.6282650095717415 255 255 255
1.0024178993089699 -1.1984769895364715 4.720817856030553 255 255 255
0.456321943830374 -1.0533758764765941 5.131960353474671 255 255 255
0.53943149378889 0.7819149212576788 4.917046380568689 255 255 255
-0.9311910417265246 0.6074095666824406 5.61928430386525 255 255 255
0.5762350360549956 -0.2762343011969613 4.974716089985097 255 255 255
1.010027832876422 0.2942569271789188 4.563436775492511 255 255 255
-0.08111652103079046 -0.11620996511197021 5.284215643271624 255 255 255
-2.015455711128988 -0.8014830976022047 7.1492015569851075 255 255 255
0.40756746043007286 -1.7402885900793486 5.253142971866344 255 255 255
0.819457089488484 -0.046271921939615095 4.766454741930544 255 255 255
0.51568328346704 -0.3309094898972258 5.022138725520006 255 255 255
0.9320760098811406 -0.09899528428244166 4.669137168837339 255 255 255
1.1225093442141238 -0.1637663704480418 4.516237223073113 255 255 255
-0.04381938131921007 -1.476854021017227 5.591006876424199 255 255 255
0.47216300855412935 -1.6001808085051739 5.196540522173107 255 255 255
1.27562662083905 -0.886557674500589 4.465958357484966 255 255 255
0.35582358051746893 -0.7071442191782138 5.1960488296808816 255 255 255
1.1148223831079584 0.7691962668389482 4.45327601238419 255 255 255
-1.967365314300257 0.6078482710155932 7.009615325288179 255 255 255
-0.8159709458169995 -0.30179462459210243 5.73566940573589 255 255 255
-1.4707511885212936 -1.422195909426673 6.74111502411217 255 255 255
1.0425562176012741 -0.6721423323895834 4.643839376916444 255 255 255
-1.4970646110894388 -0.39992324295876425 6.686339088784945 255 255 255
0.6585990638384024 -1.654324365773946 5.057001273924796 255 255 255
-0.43306405476763155 -1.1169140227019445 5.3332104169697345 255 255 255
-1.349663271634125 -2.313946813069956 6.756858895380311 255 255 255
0.6071496728458251 1.3558573780181324 4.726981394287584 255 255 255
0.7205253295304246 -0.7229877151833236 4.904466517192349 255 255 255
0.7492629336826447 -1.4441899121953081 4.9435530078758285 255 255 255
0.06813223249062929 -1.4721238759788235 5.503057845972982 255 255 255
-1.7386891805492737 -0.8137654131825381 6.91907690108408 255 255 255
0.2535695295825785 -1.0192865232740573 5.30477891588113 255 255 255
0.6492754083668122 -0.2539183492688299 4.910281364774892 255 255 255
-1.2381056584408718 0.1021161207860648 6.138562225540585 255 255 255
-1.9397400496393573 -2.1950742975406845 7.235781948737129 255 255 255
1.0080961722275583 0.7949637005260688 4.534357234629623 255 255 255
1.042551815200468 -0.09035260207915648 4.602398422041012 255 255 255
0.9195082788644923 0.8662733367250477 4.6048524950117615 255 255 255
1.2320124058856683 -1.1290317553430367 4.521482305900163 255 255 255
0.6323303117719725 -1.3037314892902097 5.038452885713125 255 255 255
-0.3386504101970773 0.6356606982229043 5.0595612032424 255 255 255
-0.6506862248085846 -2.046439410833998 6.161177440032068 255 255 255
0.9549646737003421 -0.8534489698098205 4.732417154276117 255 255 255
-1.019144667183602 -2.1486948518583464 6.467526384362243 255 255 255
1.0002205139843994 -0.3791033200272185 4.635583530034326 255 255 255
1.2758409894146245 -0.37200464779375914 4.411778153703819 255 255 255
-0.24062847002374638 -1.5080947069533934 5.763535658117667 255 255 255
0.8624383615760626 -1.180066551548488 4.837268683031701 255 255 255
1.2728028359738528 0.395557937878504 4.348363390517808 255 255 255
0.4924968687251478 -0.8317134300469321 5.090442182708152 255 255 255
0.7738049946957231 -1.3310245280456832 4.912740791402504 255 255 255
-1.1562373814210252 0.07037775316029167 6.14401800676426 255 255 255
-1.8287490462445495 -1.494635647542834 7.064851744621725 255 255 255
0.803323476689306 -1.050136732595004 4.868784510543003 255 255 255
0.6966628787163114 -1.3950703348509097 4.982332797321022 255 255 255
-1.5166639744218269 -0.9638789885234778 6.755206825797389 255 255 255
0.11054840697646075 -1.2205880052858968 5.4425275111471665 255 255 255
-1.420267233381521 -1.3500631638506513 6.707481789286039 255 255 255
-1.4093058244541996 -1.5962528866357868 6.724218314888523 255 255 255
-1.1856776521319963 0.1421739256193062 6.14640020713324 255 255 255
0.5217344859189054 0.683594549417912 4.93388521260614 255 255 255
-0.5613652283514403 0.567004037716471 5.314836974174316 255 255 255
1.1557447354574324 -0.3954611009774469 4.512518208172871 255 255 255
0.5348908413327834 -1.6542829855420023 5.1441292974542945 255 255 255
0.5905640508580342 -0.215985473333282 4.957947002451356 255 255 255
0.08303077874297458 -1.1983559054594348 5.467815778282777 255 255 255
1.1029203308763416 0.7711189744935958 4.461638341615127 255 255 255
1.197115998250005 0.7115963530467307 4.391052721439042 255 255 255
-2.884564159142326 -1.591428318688077 7.618625523088562 255 255 255
0.8410475893563288 -1.6306706304702985 4.901255449243943 255 255 255
0.8676560981403723 -1.2529037522847357 4.826950960449789 255 255 255
1.1049813590538657 -0.8256120481812739 4.599053679376126 255 255 255
-0.6601918478655964 0.3027710841478684 5.416562258056521 255 255 255
0.9748344507245854 -1.3912884123744675 4.757758188844885 255 255 255
0.6487356647603336 0.7986457091269578 4.823813714354732 255 255 255
0.5320312376541051 -1.357516434455161 5.11785302332673 255 255 255
1.2587842066705446 0.15119379066807356 4.3778260582221336 255 255 255
0.45059938214821826 -1.6625892469626955 5.2209063729770255 255 255 255
0.7272189772612468 -1.2703192854101326 4.950885527954007 255 255 255
1.1250636206522953 -1.2275953044710008 4.61815997847837 255 255 255
0.9262172857526619 -1.2217414277280352 4.773013566665901 255 255 255
0.07167850946148231 -1.753913674187954 5.525804322488429 255 255 255
0.22371100524781487 -1.6726448448438604 5.399856862283323 255 255 255
0.6306151136756333 0.9077579005396993 4.854462342274141 255 255 255
0.571755559466556 -1.2310352394105017 5.077622001935686 255 255 255
1.1066102947876721 -1.5869998027457426 4.68191105883418 255 255 255
1.061393053444596 -1.2415549054928088 4.676499034293825 255 255 255
-0.9717607040381889 -1.89177489095863 6.394607898433823 255 255 255
-1.6708654491193629 -2.2308581933344738 7.024037788768714 255 255 255
0.29394671965492497 -1.6311061437745722 5.339678302788927 255 255 255
1.1487034130805893 0.8010867435289132 4.4162574522697975 255 255 255
0.6361030464147941 -0.2665476974631502 4.9221534697938 255 255 255
0.760281768497658 -1.6929646671397796 4.977572752997541 255 255 255
-1.885052437609082 -1.402292875234333 7.0914449280523275 255 255 255
0.18312100781037893 -1.3199081103464736 5.393645151355166 255 255 255
1.2939724791899923 1.335857935054408 4.147130841005845 255 255 255
0.6774536543602698 -0.891160829745838 4.957605294496068 255 255 255
0.7802464945856359 -0.9764342369363004 4.882882244223331 255 255 255
1.1081663649360265 0.33624154576638665 4.483907931395612 255 255 255
1.239536422277345 -0.6252172087756889 4.471728360363939 255 255 255
1.3055894447216834 -0.08069001337176034 4.369065669980406 255 255 255
0.6497621129963931 0.03296177057148798 4.8813134456455245 255 255 255
0.950232132527886 0.2960913210619331 4.606756352748199 255 255 255
0.5338297130864365 -0.4438869884915549 5.021698990130804 255 255 255
1.289752100820042 -0.0946390377226859 4.379447478919589 255 255 255
1.052722897081912 -1.1590649445144243 4.683829435620076 255 255 255
1.0682453527563838 -1.0339629359164673 4.638494009013639 255 255 255
-1.8508143490152964 -1.5498001369897225 7.073050777259304 255 255 255
-0.11812145735028166 -1.842764495660403 5.6962750203414485 255 255 255
1.0494977467407876 -0.3997776352696307 4.5989555347532765 255 255 255
-1.020253649403654 -1.74518724283522 6.438693733606572 255 255 255
0.6253580986053615 -1.1966902926366032 5.0368151347396335 255 255 255
1.1431579081542225 -0.32380821435714296 4.51699187028922 255 255 255
0.5059528511244088 -0.8902230983197466 5.091949615963901 255 255 255
1.1560115571552265 -0.14404111440801542 4.490781875906913 255 255 255
0.5835234972518281 0.6839048991101211 4.890938920347917 255 255 255
1.2362979287360285 -1.0760802146014885 4.509048370612443 255 255 255
-1.7837062134088402 0.4496794730281787 6.864481813745837 255 255 255
1.2286111290587634 0.025215191674684886 4.412689452790174 255 255 255
1.208425464627806 1.1002242592633857 4.34344119108586 255 255 255
0.9222589724103425 -0.7828411405115793 4.748583676094177 255 255 255
0.8680327718866785 0.5910899383136917 4.669025822310465 255 255 255
-1.795191390802054 0.10743481222749691 6.888616207844917 255 255 255
-1.694208651928509 0.2544456989870177 6.811371028545087 255 255 255
1.122755614921456 -0.07205402717610178 4.521683586163771 255 255 255
0.2680401730772429 -1.3461499303220636 5.321298043841966 255 255 255
0.7346919284638085 -1.3716378927920958 4.950768078120702 255 255 255
0.8258823187626011 -0.30593630748256956 4.775621495196081 255 255 255
0.7498152477659613 -1.297754981062216 4.931448060797015 255 255 255
0.8535105126919366 0.8394227893438845 4.657632409544886 255 255 255
-1.2290223060178256 -2.0168300281222344 6.621782215063734 255 255 255
0.4190923188125129 -0.39923227686352614 5.091371176434512 255 255 255
0.8945086845524692 -1.0033696902303537 4.782016410054524 255 255 255
-1.747828656259726 -0.1679612317524674 6.868582702841669 255 255 255
0.7548645947921168 -0.33136418867147754 4.838910193752435 255 255 255
0.747457474296216 -1.6777459410553444 4.986152558604512 255 255 255
1.0562091155243412 -1.4778613191026726 4.703785618122402 255 255 255
0.7381492446740876 0.6310737257947174 4.768680986817655 255 255 255
-1.5625596065692902 -1.794855979216129 6.868851326520915 255 255 255
0.6541688444879186 0.7036052669918474 4.828063343128546 255 255 255
0.13664631489138346 -1.8281146364116128 5.493071439299186 255 255 255
-0.679383970377409 -1.7605462878574336 6.132318555947492 255 255 255
1.093553516373352 0.6996759666869269 4.474189472415694 255 255 255
0.704326384817745 0.8652097023951798 4.779867181674503 255 255 255
0.6229809222394941 -1.36795227497096 5.037707713480336 255 255 255
0.6313395236314814 0.148698288302132 4.899532275616857 255 255 255
1.2200711887813764 0.8216053633888208 4.3587012666966585 255 255 255
0.9345719257004417 -0.457810501337957 4.698989254334168 255 255 255
0.5372077633383062 -1.4973379141421526 5.1265176803726975 255 255 255
-0.0009239283263308273 -1.6764638435730468 5.5961435206705366 255 255 255
1.1174180235588007 -1.622218536216586 4.673598342858953 255 255 255
0.9356674102867889 0.9493563866559964 4.580345329471958 255 255 255
-0.1222593509365314 0.14015981339481506 5.211575709072548 255 255 255
1.0724376694867568 -0.8039161564558183 4.6315439007911205 255 255 255
0.10313345023118564 -0.4636323225700402 5.373793183011063 255 255 255
-1.6062674659479914 -1.3192783803712198 6.849216550015697 255 255 255
1.2684827805338104 -1.0760386055268927 4.487744414882923 255 255 255
0.46747686316996645 -1.6315024935864768 5.203329124286147 255 255 255
-1.7565631149970717 -0.35805098189700557 6.889943990506875 255 255 255
0.4794514291240661 -1.5245989219788754 5.18968923911369 255 255 255
1.203652273114328 -0.8809884189062714 4.522909938729677 255 255 255
-1.7417195318553258 -1.2277029967158901 6.970401260624982 255 255 255
-0.5621650936899537 -1.9923351152116675 5.97717036652596 255 255 255
-0.09783741472484561 1.3048612543150406 4.731128492759869 255 255 255
0.9716575404474096 -0.7507149467669691 4.692690824410037 255 255 255
-0.29317786202238066 -1.7678570099509587 5.824279088374475 255 255 255
0.40928979787664105 -1.4638995989614239 5.227432940581268 255 255 255
-1.663930443614409 -1.721483985056281 6.947746539049032 255 255 255
0.12845338799523132 0.41996604448409197 4.927475331007186 255 255 255
0.417981671104323 -1.6896307493162939 5.235428953486929 255 255 255
1.2054620182942768 1.0778565063907404 4.3606723374000005 255 255 255
0.12344617459499513 -1.9236465195170287 5.509804951788661 255 255 255
-1.8661529429620771 -1.9638232223994851 7.141497538877037 255 255 255
-0.2209247574461378 0.6295730200499909 4.975504447191855 255 255 255
-1.0212076587438437 -0.37076904064212635 6.043727913031939 255 255 255
0.306757120406038 -0.47345061363979146 5.210263172973066 255 255 255
0.5092384241262479 -1.777170782306596 5.172492210363035 255 255 255
0.9469571367878213 0.5191490619605627 4.601746063781127 255 255 255
0.6512251208360118 -0.7313338834218993 4.963293463743979 255 255 255
1.1458973244428465 0.38662610025250954 4.447626433737001 255 255 255
0.36220503568152157 -0.9638252021102284 5.222574268197395 255 255 255
-1.821136885170317 0.174716760416263 6.893064608274703 255 255 255
0.8782709237398317 -0.8734282497394364 4.775873799783907 255 255 255
0.016085784327782907 -1.8174182717232736 5.588284605903961 255 255 255
0.754960096162667 0.2717735606682719 4.793154220741298 255 255 255
0.19507377377378415 -1.6740655638530542 5.412169440742896 255 255 255
0.3284875432240404 -0.9181873211816834 5.235736210584727 255 255 255
0.8657832218248899 -1.606365578416101 4.874820786497502 255 255 255
1.1803976155237326 0.457055010167556 4.409270838018845 255 255 255
0.8688854868893081 0.32271541761339445 4.672063012739377 255 255 255
0.9313776976730833 -1.165829520303763 4.774278148311564 255 255 255
0.44826823487813283 -1.130107986932672 5.158319843430034 255 255 255
-1.423283154230906 -1.5901325414619902 6.734181888241144 255 255 255
-0.4980022616306249 0.3641346461960643 5.441239923916349 255 255 255
0.19866288180582 -0.9744772417690262 5.350535648790968 255 255 255
0.7203084835426474 -1.3551217258569674 4.964468108835764 255 255 255
0.8511537165134138 0.8303556218144996 4.658330319597264 255 255 255
-0.5660210373485751 -0.7868568398322133 5.416230494094263 255 255 255
0.9985350786790507 -1.264899584547716 4.7304138931983415 255 255 255
0.5852568684059268 0.1389408738761199 4.9286640846811585 255 255 255
1.0154002489260263 -0.8735740285991267 4.670669199306676 255 255 255
0.5480834980673649 -1.815395330190139 5.160505358329579 255 255 255
1.2167005992376743 -1.299263122950044 4.555517622116099 255 255 255
0.5320112102171874 0.34969093203794316 4.951025996925882 255 255 255
0.5238231515766933 0.1781400332676417 4.980900281775031 255 255 255
-0.23843500563024897 -0.35046394351637744 5.4170368960348 255 255 255
0.15725301384899337 -1.204915376583747 5.389009668317641 255 255 255
-1.2588421544753179 -1.9746961528311184 6.642426963648427 255 255 255
-0.4820515171441737 -0.6617633860065849 5.309483339923943 255 255 255
0.8006364357017626 0.7190007739994491 4.705338372580726 255 255 255
1.3023322106281658 1.0507944200757005 4.260226551869011 255 255 255
0.3197036379059435 -0.34869656818655653 5.195811844399741 255 255 255
0.6629035127406809 0.3975166478894859 4.843016143009165 255 255 255
0.3350423945694378 -1.3509399946481515 5.270615376965864 255 255 255
0.7784550324017099 -1.2859024741714296 4.907421714565135 255 255 255
-1.5240143951432032 -1.5280803526380289 6.817881054866815 255 255 255
0.5986660119756654 -0.05712754259112105 4.930741522061995 255 255 255
-1.5238846672614654 -1.4170000297168739 6.806086047811583 255 255 255
0.5548203239164905 -0.970116809501948 5.059921385377631 255 255 255
-1.8792256922916022 -1.6684193213183534 7.112610837733758 255 255 255
0.3016918263167632 -1.0218366057466521 5.2832758158785635 255 255 255
-1.773243874623468 -1.5473560168629488 7.03110877674194 255 255 255
0.5216858999331957 0.6448731296631679 4.961855501119054 255 255 255
0.6052034521151197 1.173452241056384 4.838877901569114 255 255 255
0.4439759213728087 -1.1917797468334752 5.172125765202668 255 255 255
0.6345599751474356 0.4091020112318119 4.866613826496496 255 255 255
0.6821768479205182 1.1484771727420677 4.789513829728225 255 255 255
1.2024837672780389 0.2906019394491596 4.412612724685679 255 255 255
-1.7492104028936037 0.2767573734002055 6.846351362082073 255 255 255
0.23435766465985775 0.05490618515213999 4.8866466678093605 255 255 255
-1.8973094942413538 -1.5573223339504911 7.107615426223654 255 255 255
-0.6501055185759721 -1.755474458590902 6.120374314345922 255 255 255
0.1504598679857402 -0.9936683104018561 5.379538829827754 255 255 255
1.188163772088968 -0.3007831826862574 4.479393765597444 255 255 255
-0.7712398917500011 -1.754931589940122 6.206831929767174 255 255 255
0.661384823209854 -1.0494831438649863 4.986073501032024 255 255 255
0.9681600105508665 0.3621886887725049 4.593291820550436 255 255 255
1.0331422117725055 -0.8644387976538487 4.653074488879378 255 255 255
0.37800947055811734 -0.4282875681899265 5.141180733801159 255 255 255
1.2552254071659938 0.7801241535274799 4.33215267495886 255 255 255
-1.389683615435528 -2.3836405210732163 6.7959286386842 255 255 255
1.2674525575088067 0.2881364019647332 4.358447399807283 255 255 255
0.15059618466253671 -0.49699760606431376 5.344295849421886 255 255 255
1.206028007106999 0.2374691601855793 4.435223088414046 255 255 255
0.7184622127603354 -1.6061791180909613 4.990710114249831 255 255 255
1.288254579842684 0.8453251660334168 4.292092537433618 255 255 255
0.9963895605800775 0.5555560369657212 4.564739171005682 255 255 255
0.9129884646073726 -1.4555818771300066 4.817587753171237 255 255 255
-2.0469871092318273 -1.1998011645769722 7.222912361213414 255 255 255
0.9099777957857572 -1.0396005862355135 4.772848516857485 255 255 255
1.1814893609621553 0.9142217736460025 4.380131095318232 255 255 255
0.7986873852222091 0.4913231761586598 4.702978696724965 255 255 255
0.40263070310743804 -1.169909172250607 5.197955679646902 255 255 255
0.8400782899613664 -0.831295092892634 4.80934201169532 255 255 255
0.2698723502100335 -1.851440246557459 5.384195061815901 255 255 255
0.7256635539672971 -1.5845815831740055 4.9810568760824125 255 255 255
0.4196816801253346 -1.6068102510198605 5.242050519850031 255 255 255
0.6366415757572845 -1.3092660873324087 5.029334376895793 255 255 255
0.5613610337167014 -1.4700831031790063 5.104900170584138 255 255 255
0.9961531816293127 -0.9982302629056754 4.705335027274166 255 255 255
0.6039837756068221 0.15624694493870517 4.916449484702569 255 255 255
-1.0021711101157098 -1.9918831892561628 6.437134807799728 255 255 255
0.8104800479875282 1.2409388916446018 4.558842356083665 255 255 255
-0.45052824630356697 -1.9505488891863758 5.867713954012407 255 255 255
0.6178555681228425 -1.1436015759937521 5.02755131608574 255 255 255
0.6537088800661526 0.459162752929264 4.850049029812036 255 255 255
-0.3582728377516646 0.5424316771257772 5.199926588104906 255 255 255
0.4709947585897798 -0.49776204981287364 5.07099489287999 255 255 255
0.9880537855943735 -0.7779725149746937 4.685957484987317 255 255 255
1.0256390604837016 -0.9545447255728597 4.673860277994205 255 255 255
0.07420488750167013 0.6501121956027882 4.715987154133683 255 255 255
1.1390700382640024 -1.517119192371348 4.639229298004338 255 255 255
0.6737341114003141 -1.0956415569221702 4.976622392477119 255 255 255
1.0445355914032133 -1.4969708844391916 4.706502592805577 255 255 255
-1.2343368393505862 -2.2782938352965316 6.646202732285871 255 255 255
0.8187064797057078 -0.32880629393608457 4.777031081355258 255 255 255
0.963398299663287 0.23862697587544623 4.617045438646093 255 255 255
0.5649974101835271 0.43408106095106913 4.934927002671666 255 255 255
0.23703041141666265 -1.249791807557457 5.345532348726982 255 255 255
1.0485761732190249 -0.8633435483024372 4.644412109809881 255 255 255
0.6746609863160091 -1.5195318769331294 5.025106709722482 255 255 255
0.6263652972128922 0.43757811408608416 4.895152382296434 255 255 255
-0.9856721635684065 -1.8232121346362689 6.399057516074644 255 255 255
0.35126763440068726 -1.295863532541775 5.259930730219813 255 255 255
1.0744936913656715 0.24350311656195733 4.522894623732269 255 255 255
-2.3692837798262842 0.5270358068331994 7.303218712288155 255 255 255
-1.7640126281102688 -0.3688581301161409 6.887041261570752 255 255 255
1.1071047758297092 0.890414602273727 4.452097418741278 255 255 255
0.6377307901185565 -0.3197814137888984 4.919601508867392 255 255 255
0.5349322261377846 -0.7879037661761401 5.057231536685617 255 255 255
0.3851855809942188 -1.5980507104051764 5.270403483740015 255 255 255
0.5862186400693246 -0.05062952753591314 4.937069457841895 255 255 255
-0.02185908278910786 -1.5291245836498248 5.5899642035501 255 255 255
0.8583537045040727 0.3299015254257359 4.683089346282097 255 255 255
0.7686460744494585 -1.2576699975008774 4.898066365702974 255 255 255
0.4292726326249935 0.5763807356734737 4.92145087505544 255 255 255
1.2279721959686518 -1.3603047195638094 4.546420222298322 255 255 255
-1.427175704339189 -0.14526757278921498 6.60657007747942 255 255 255
1.1114216169121327 -0.9855584369611498 4.604339028446159 255 255 255
-3.005564931647012 1.4578570993802449 7.205513804040697 255 255 255
0.6033455012778245 0.03428846358147444 4.9247591782424065 255 255 255
0.5212944412713155 -0.8323164534461706 5.069578668706924 255 255 255
-0.3117245983291367 0.7103913045485655 5.044219035842568 255 255 255
-1.9765354633405356 -1.2157343310006832 7.155066208966835 255 255 255
0.6048992293112072 -1.1171782840952191 5.022924273193303 255 255 255
0.8057344604211075 1.1011652393479712 4.682749617214424 255 255 255
0.8034139410404848 -1.0499725077306588 4.869007204867459 255 255 255
-0.9698420840837267 -1.753053280762073 6.383433394920524 255 255 255
1.0677758385859697 -1.4263794418594362 4.682685931393053 255 255 255
0.18787399418076786 -0.9272055889404993 5.345743661689706 255 255 255
-1.96050981175894 0.27263838856312383 7.0137499063088145 255 255 255
0.6204329770252718 0.9583919675524845 4.855277268233772 255 255 255
0.1765702531191867 -0.8825087757228776 5.351842103172744 255 255 255
0.5485758839833048 -1.6663463093692734 5.137714199439863 255 255 255
-0.6863744223806266 0.7461242545575595 5.340677993576824 255 255 255
1.2634354398665644 -0.9074934334593155 4.477557879248143 255 255 255
-1.4893468146110969 -2.1844490718148455 6.852295080906357 255 255 255
1.178321348195546 0.7766079172022105 4.402973948907545 255 255 255
-0.4326617333769129 0.0098986277151439 5.398000941984693 255 255 255
0.38745458003269856 -1.4033248631206487 5.241566907310496 255 255 255
0.6594215934061398 -1.5289905247055955 5.027926072016352 255 255 255
0.319867302276007 -1.7935012650444062 5.330966227619644 255 255 255
1.2256006892546858 -0.8759193848784005 4.503962631885745 255 255 255
0.5226784967054616 -1.3157841478346082 5.120952973258052 255 255 255
0.7015022310717086 0.6097558612208633 4.8161503971400785 255 255 255
-1.663930443614409 -1.721483985056281 6.947746539049032 255 255 255
0.826361698091855 -1.0948483435229615 4.845494338522381 255 255 255
-0.8124213791400702 -2.1234256942043355 6.2936362483964645 255 255 255
0.8090128555243045 -1.5541400861286883 4.916398976032433 255 255 255
0.8810553496392514 -0.7587532502047185 4.779140647671764 255 255 255
0.3033946397759275 -1.4537371036557052 5.30779031431747 255 255 255
-1.4028063782038716 -1.845740418092468 6.732765899740887 255 255 255
0.39020119457313684 -1.3723281474766933 5.234854695307682 255 255 255
0.544305500944112 -1.0177757016688433 5.073266695936745 255 255 255
1.2476250530547304 -0.37005696248315906 4.433736985986029 255 255 255
-0.09112428691859968 0.7454846313145743 4.846810230579539 255 255 255
0.48773176211084357 -1.412126299780933 5.159983372938087 255 255 255
0.5381158142092325 0.07293081462823922 4.96882857236883 255 255 255
1.1952259136768806 0.5495285013146911 4.436163221529058 255 255 255
0.26273463779362327 -1.2853615017797366 5.323169740031237 255 255 255
1.2716751849527692 -0.2095228086077759 4.402701339265815 255 255 255
0.22440056231037137 -1.7109817109373853 5.404743345000016 255 255 255
1.1684450621843707 -1.3189181443482658 4.593248209203211 255 255 255
1.1319458894692174 -1.308855645613303 4.623002738096393 255 255 255
0.32855455799092675 -0.3260753232887417 5.187440711741193 255 255 255
-0.42718412292843944 0.3369985195830539 5.379753216462451 255 255 255
0.6930362851358397 -0.7511165590594197 4.928002300417926 255 255 255
-0.8418953130087957 -0.0947529238957942 5.746210534972097 255 255 255
0.8711307609008632 -0.594695722329863 4.76011795903662 255 255 255
1.2108977729681725 0.0874870255599358 4.423582191081848 255 255 255
0.35727024158759146 -1.4639903725436654 5.264685574447147 255 255 255
-0.4138178661127601 0.6046518351176199 5.131295578808156 255 255 255
1.290032878824276 0.03625907624175412 4.361152946161186 255 255 255
-0.06582752285177666 0.17996885326697273 5.223149172179298 255 255 255
0.10697860211440359 -0.4960099657498936 5.373519838243641 255 255 255
-0.19049808898982326 -1.421016652071761 5.705576508420194 255 255 255
-1.164105913345994 -2.0443766361584585 6.566211736160297 255 255 255
0.48292903846756413 -1.40189955121831 5.157813058337986 255 255 255
1.1182399379941674 0.8947275150447362 4.434068965649405 255 255 255
1.2651351031457492 0.6555731109844715 4.333708293781889 255 255 255
0.6897001597505032 1.0239044126312318 4.775479805390729 255 255 255
0.023431723976806745 1.1262021527701862 4.71493553437929 255 255 255
0.11777872340168961 -1.4498343247547942 5.464171687733517 255 255 255
1.2448382223164678 -0.0668335086514446 4.40686054995711 255 255 255
-0.8747883735960776 0.3608237276719354 5.7529830827329835 255 255 255
0.5132105582346539 -1.6266231156739257 5.167319415815808 255 255 255
0.6887572610407008 0.18356966079625195 4.838055057646627 255 255 255
0.7908687085436025 -1.404883212259806 4.905939016455746 255 255 255
-1.26386524562544 0.06600565944216515 6.120284428832239 255 255 255
-0.07744567733938122 0.37589849930783764 5.246722410853106 255 255 255
1.0109735078290976 0.21537859475307622 4.576460721835026 255 255 255
1.1049813590538657 -0.8256120481812739 4.599053679376126 255 255 255
1.0436040118269314 -0.29812638413433834 4.596754062624693 255 255 255
0.14470349321796733 -0.48517584735234304 5.351125030553759 255 255 255
-0.7120690197948621 -1.946861263393423 6.187890882692515 255 255 255
-1.1770564062836608 0.11891302926927244 6.145693377094921 255 255 255
1.1021374855579087 -0.32151115464299496 4.544818763792151 255 255 255
-0.12458160144430838 0.9540449117743756 4.835276124560176 255 255 255
-0.27763734344087737 -1.7551428453260094 5.822422984790721 255 255 255
0.055736994650925464 -1.9219774224348636 5.568481890023498 255 255 255
-0.24031876501714092 -1.8104572447609903 5.789444757001821 255 255 255
0.9605849337273421 -1.1412899100715768 4.747295117582734 255 255 255
0.2889550794167534 -1.7668904240086138 5.358241671155397 255 255 255
0.603710396858524 0.44447118976096833 4.90107673826568 255 255 255
1.0978060620679564 -0.4559970005779925 4.567488890700303 255 255 255
1.1945026606356255 -1.2458990363261622 4.569934264573569 255 255 255
0.011231961082529267 0.9300352589022941 4.737794377622677 255 255 255
0.7096676138920285 -1.1966825598591186 4.954812504619923 255 255 255
-0.15890574133176497 -1.6781960785065733 5.71375688116898 255 255 255
1.2079419646031653 -1.3174556390534504 4.558772930884674 255 255 255
-1.6032101293098637 -1.826255531311809 6.915747898294384 255 255 255
-0.46372919616996233 -1.8497328715448893 5.880406033034272 255 255 255
1.2613490841585795 -1.4402712827312176 4.536323447410947 255 255 255
-0.015520969990726797 -1.7460666837260155 5.600229220471746 255 255 255
0.573283177557615 0.424010238073875 4.926381093643199 255 255 255
0.767644624958305 0.15943722943112254 4.797808394202868 255 255 255
1.1559824376922003 -0.2070364853909178 4.493648644883877 255 255 255
0.39623732937208017 -1.5499611858823565 5.2420345641915995 255 255 255
0.9979036904467082 -1.1298160178347538 4.707728706202907 255 255 255
1.2187271146957876 0.6185088860096521 4.372488124057884 255 255 255
0.8277049899617166 0.6975843728261655 4.685894259370647 255 255 255
0.6328324292960545 0.4461757987319321 4.875778170003405 255 255 255
0.9361231779423599 -0.042353142405646034 4.682000962888477 255 255 255
0.8742762592427982 -0.7878414947108351 4.79142893793157 255 255 255
1.0972007473383274 0.9588242832271066 4.4460407279895815 255 255 255
-1.1630767520677516 0.04347520840886409 6.139116468073476 255 255 255
0.12279493124381739 -1.4643512596377155 5.45694038188871 255 255 255
0.3864563314193021 -1.077548299141469 5.204311629218951 255 255 255
1.3608076942060408 -0.18592008097672572 4.388042462034177 255 255 255
0.3587124038754556 -0.6421286848582087 5.1736817928839365 255 255 255
-0.8531669170048504 0.7695609313497472 5.477662619661733 255 255 255
0.7594855764968995 0.8155001819026253 4.7362357804164565 255 255 255
0.5942500955635581 -1.0247259145955123 5.041041974686891 255 255 255
1.2873609851791774 0.6960527476138669 4.3035083013623785 255 255 255
-0.32270646106755496 -2.040250405070818 5.884262047240232 255 255 255
0.07819218167143775 1.3099648963301216 4.588931684584119 255 255 255
0.4356043557536511 0.3739526691687243 5.030651210204883 255 255 255
-1.250879822134234 0.2761955773208743 6.195633410302586 255 255 255
0.6390503870636102 -0.3117826128695564 4.914940205376409 255 255 255
0.8630279824878191 -1.2636816815548417 4.839631097843739 255 255 255
0.26823410034182643 -0.8509322544939073 5.283234195470459 255 255 255
-0.26092868197957875 -0.341671448576602 5.428645967003172 255 255 255
0.7106844333410447 0.29408653030342946 4.815771027416596 255 255 255
-0.418770120203651 -0.1192540484375889 5.3991909754042515 255 255 255
1.2315762268226655 1.0797761409656172 4.31231615890195 255 255 255
1.0228753325820112 0.4056747141638769 4.560270113215406 255 255 255
-1.6972872459298647 -1.8468426575634322 6.991333321486839 255 255 255
0.46810663124758267 -1.4987441353857154 5.185477054101223 255 255 255
0.9370752924389758 0.5652059569013054 4.613838237161395 255 255 255
1.2167439750822187 -1.4745706744320344 4.584038979321701 255 255 255
1.2272344610779764 -0.3168130562988974 4.445991590069724 255 255 255
0.5731554804018363 0.498242430747094 4.913177115046488 255 255 255
-0.07937258706540541 -1.5404254836874456 5.636595811837256 255 255 255
0.23647832420401502 -0.7086832154984618 5.288399785686287 255 255 255
-0.8202426876122713 -1.7762544127557873 6.271051570623713 255 255 255
0.5964360176451524 -0.9504087530937448 5.047634766925666 255 255 255
1.0524436907508605 -0.41902834740839195 4.60261168917522 255 255 255
1.0924091320461886 -1.0134670020385224 4.6248370970454875 255 255 255
0.7093246366007322 -1.2795454204265588 4.958848593762161 255 255 255
0.835388410371201 -0.9213176208223853 4.8400369292687175 255 255 255
0.8637179239009496 -1.6411085631827302 4.879790478046633 255 255 255
0.9691559891638519 -0.8002588049938905 4.714807874374245 255 255 255
1.2445032947685841 -0.7463690291052311 4.475401045162156 255 255 255
-1.3533868140050445 -2.1724296212493464 6.7242569448577445 255 255 255
0.5270451317293859 -1.6869990562726471 5.155472534822845 255 255 255
0.25150967898087767 -1.1133896357634911 5.3182820738109 255 255 255
0.15890439946795953 -1.4465948498070749 5.431922691505606 255 255 255
0.7213241005471164 -0.73408791363258 4.907425560838124 255 255 255
-1.8625931412683263 -2.082887139831831 7.143528191656313 255 255 255
-1.4084624514337514 -2.1138641443513455 6.775665557779554 255 255 255
0.01110849987522609 0.33714618505351207 5.17332914835595 255 255 255
-0.2990153167854822 -1.804597525501287 5.828178953631504 255 255 255
0.9224595995262387 0.8480558288401244 4.60019726993254 255 255 255
1.002742860595889 -1.501045256872788 4.749166377942031 255 255 255
-0.4498022323736781 -1.929826488956503 5.872026270962518 255 255 255
1.1293996953735035 -0.3653682367955592 4.526023043244163 255 255 255
1.1088937042596296 -0.5110951303196215 4.555371692690609 255 255 255
1.0146270153547075 0.23491301729278344 4.570544231548327 255 255 255
0.7617669581365437 0.17143739938433877 4.774056570043661 255 255 255
0.9867628249071583 -0.4972832699976732 4.6629552849427816 255 255 255
-0.24150113839684098 0.032011445808678325 5.383976191306214 255 255 255
0.9339286913758815 -1.552647624532867 4.812867157141607 255 255 255
0.07720796606239015 -1.450747630102914 5.489681491389811 255 255 255
-0.10790898813942552 -1.864630223031538 5.693978298527887 255 255 255
0.6852860818900535 0.5139068894795966 4.832529751617942 255 255 255
-0.7683754507449473 -2.1938647300148717 6.2645648234007245 255 255 255
0.8678467207194654 -0.27365515550557457 4.728384596489889 255 255 255
0.22756880961347054 -0.9576159720018883 5.315300033915679 255 255 255
-0.6527623858191777 -0.47975100057575953 5.625015696067428 255 255 255
1.2069370901285745 -1.4937301279792419 4.583951800161488 255 255 255
-1.852384487886115 -1.646817948769186 7.0799109450966355 255 255 255
1.204952922606642 0.9891661008877487 4.365135580016465 255 255 255
0.7631350311007624 0.9774355865088237 4.718853959900142 255 255 255
0.9066695835071614 0.24153199474523343 4.659711322229463 255 255 255
-0.055778895504708804 -1.9118050587293816 5.659427939655463 255 255 255
-1.3794858980952986 0.5293376351830783 6.16088124592469 255 255 255
0.5921855952124943 -0.030456530121590823 4.9298689694218085 255 255 255
0.8314251471082869 0.11312354783510581 4.729349613637413 255 255 255
-1.6400608022829724 -0.9484403433794371 6.860048048468784 255 255 255
1.1168547709407741 -0.3461799592545265 4.542346431285156 255 255 255
0.5174794810192287 0.20031911318595277 4.996448619266176 255 255 255
0.22458451193123816 -0.654503262043394 5.297842144340087 255 255 255
-0.19803946297956068 -1.4014923062545512 5.7037582749134605 255 255 255
1.078435480413475 1.2009994940277702 4.3416863735609645 255 255 255
-0.9150078507309966 -0.9093473533783707 5.76512979556821 255 255 255
0.8885282519150273 0.22242265100890474 4.68409025309392 255 255 255
0.21438754556697523 -0.9343460085977975 5.328678332262411 255 255 255
0.7838659909167548 0.9632890878105853 4.706225998699249 255 255 255
-0.06962064032515386 0.08671772276410958 5.239573610805898 255 255 255
1.1104331300107075 0.25522715141015645 4.509016950256483 255 255 255
-1.0972632568357172 -1.724974981406574 6.480175061302512 255 255 255
-1.1585420328493117 0.8087783265715018 5.74601498179689 255 255 255
0.9787189907906534 -0.01754137683127808 4.631462001081629 255 255 255
0.474479266884977 -1.6492636153813371 5.2003252671121505 255 255 255
0.7159231757620607 -0.759015851647897 4.9017620752900966 255 255 255
-1.996913098680149 0.7181166447893623 7.014716050102808 255 255 255
0.30632780964204537 -1.633410787776188 5.321871699142742 255 255 255
-1.797883477708716 0.4278769053503314 6.883864202482633 255 255 255
-0.04061579789381679 -1.6795640212098282 5.6191870609278 255 255 255
0.5199240732889928 0.4635839342403853 4.971223938094993 255 255 255
0.7051588534565576 -0.9554960453493592 4.936506922379204 255 255 255
-0.7838165924921747 -2.1598860621619775 6.282229107708203 255 255 255
-0.27015712491761457 -1.1848210977061668 5.209464303658474 255 255 255
-1.0488808027451424 -1.8799286748794901 6.460578024117776 255 255 255
0.4948691501261104 -0.682115781542068 5.079324609435903 255 255 255
0.7192508825859015 -1.1457828767542586 4.940150863422951 255 255 255
0.6497864767237388 -1.473131711628084 5.036580442746705 255 255 255
1.1251374110168377 -0.7005041541725147 4.562169480211802 255 255 255
1.2193156694591158 0.6999133343364959 4.3728939360998345 255 255 255
0.5803455173712869 0.35053914057303676 4.912748226287807 255 255 255
0.8690753248275541 -1.4153577666119685 4.8490786404833885 255 255 255
1.2200711887813764 0.8216053633888208 4.3587012666966585 255 255 255
-0.0531149230777474 0.6001072470473839 4.832708681407984 255 255 255
0.741470639196287 -1.219640959220228 4.9489742727348585 255 255 255
0.8964328703730868 -1.0741173947781115 4.775997348142947 255 255 255
1.1388208188164173 0.7258993942269285 4.429567404856209 255 255 255
0.2890398680828085 -1.0372470235103781 5.279735265721525 255 255 255
-1.4167137969753743 -0.5409520910141613 6.630761084172675 255 255 255
1.1361519688346697 -0.9161038488461941 4.57452619257724 255 255 255
0.6707881610409656 0.14763268400339827 4.860078194220602 255 255 255
0.9346983178240236 -0.14617066124829078 4.667772927093918 255 255 255
-1.320027406333164 -0.9778179249977851 6.578537738036191 255 255 255
1.2275628397710647 -0.8988979254836168 4.504643187493349 255 255 255
1.1454869501726368 -0.8824648267168899 4.563992314329441 255 255 255
1.1418514857011257 -0.8538281242997947 4.564853696977124 255 255 255
1.196238133157806 -1.0253208989060332 4.5370744808297685 255 255 255
-1.5205938657738753 -0.7346332951023821 6.741896871969041 255 255 255
0.7874022988730304 0.40995089818218305 4.74206037630305 255 255 255
0.9993293866207191 0.161405189905983 4.5898972039273085 255 255 255
-1.4056583278772308 -2.37349321822884 6.806201044507257 255 255 255
0.02428190218606782 0.49820118134654257 4.875489127941179 255 255 255
0.10203195087497097 -1.9283355600687304 5.525805085720802 255 255 255
0.9957239583091714 0.5943810828050162 4.567201726313448 255 255 255
1.1067637509457002 -1.6253161293886296 4.686020658433294 255 255 255
-0.715438466377556 -0.44564716455716563 5.670081097416547 255 255 255
0.2794387110919913 -0.7515217177105556 5.25997589785175 255 255 255
-1.4406544076275838 -1.4822090791902343 6.727339186265442 255 255 255
0.721626241223557 -1.2041778445625801 4.949449519532079 255 255 255
1.011072453334173 -0.6586898751433587 4.65797634317179 255 255 255
0.5759151174278603 1.1298959441171417 4.866594307925642 255 255 255
0.8423593669750586 0.04749687440906107 4.722129012932964 255 255 255
-1.7815696995582122 -0.7527675474490442 6.944247670231997 255 255 255
-1.4705086623492205 -0.3058186028543992 6.649243267956805 255 255 255
1.2073269401212143 -0.7051384439316739 4.494443144397714 255 255 255
-0.6153623189349884 -1.2496178995331122 5.455710627221183 255 255 255
1.2921630394360077 -0.23829316773526307 4.386142540857693 255 255 255
0.7469404417064949 -1.4916583758216144 4.968395623952103 255 255 255
0.8852955035827479 -1.2654865135945261 4.8078134213693255 255 255 255
0.8821288862760601 -0.12083056110430984 4.715576211585009 255 255 255
0.5521659714851869 -1.3738740315909947 5.105296931198739 255 255 255
-1.7636596272198528 -1.4024059853924984 7.001924177743426 255 255 255
0.7019552236627673 0.2376629753599832 4.828839012393923 255 255 255
-1.785351050606177 0.6800906105455875 6.83721118375446 255 255 255
0.24123702561023233 -1.5518311351005092 5.368080861808442 255 255 255
0.5077786055170372 -0.004544398104225187 5.018336093236915 255 255 255
1.338017598785691 -0.46758146650009924 4.41556463460794 255 255 255
0.9797184826826255 0.06764091091606089 4.61879289754855 255 255 255
0.29182061849146457 -1.3808226190318498 5.304963031886313 255 255 255
0.25245910041154934 -1.2904402475410781 5.334141506361392 255 255 255
-0.8884522319206812 0.7968199949270628 5.492043042397158 255 255 255
-0.3292116558837574 0.6690564198569534 5.047473758448639 255 255 255
-1.061282627874034 -1.1294479213923463 5.737341194895675 255 255 255
0.8885275766494238 1.1523975297596165 4.602042121232459 255 255 255
-0.26082974163436407 -0.8914517283944133 5.319669899901192 255 255 255
0.5746693692819067 -0.05216979136823868 4.953488543468666 255 255 255
0.7953300391962129 1.1527682029478514 4.671797785772396 255 255 255
0.9754279762893452 0.6714382937029555 4.568167308112415 255 255 255
-1.2691131795701385 -1.6981047742822266 6.615883734466772 255 255 255
0.5103490887435174 0.8273689444241137 4.929290071701171 255 255 255
0.6262612629527177 -0.6825713496232946 4.97747031435194 255 255 255
0.2429635941644958 -1.5250799684826903 5.366709709772495 255 255 255
1.0059992497581214 -1.0335510445139438 4.68742901986002 255 255 255
-1.5457297692957883 -1.1218105850057805 6.8047187678450065 255 255 255
1.0645655004944217 -1.3050890780262596 4.685812739154303 255 255 255
0.6342796424737923 0.9299807304625705 4.8513680158564 255 255 255
-1.4170018915420686 -1.393606674121693 6.718491701718176 255 255 255
0.34493079663455795 -1.2571834404665223 5.264081547876079 255 255 255
0.49252595417783657 -0.15364613976106864 5.030092882106341 255 255 255
-0.7481059836471956 -0.6985503000012312 5.71264507156079 255 255 255
1.1895496759093789 -0.9098291004640906 4.536328304158693 255 255 255
1.173150875957272 -0.8739330924489257 4.5422836095819985 255 255 255
-1.795191390802054 0.10743481222749691 6.888616207844917 255 255 255
0.7809554330975484 0.6765213961555847 4.726428803136422 255 255 255
1.130602321816099 -0.3093653099123997 4.530922540045109 255 255 255
0.982319970942783 -1.4578479011504664 4.752392020231707 255 255 255
-0.858593917901149 -1.0683539977221894 5.60400606234595 255 255 255
0.4497119803304854 -1.4705869895261727 5.199210850946 255 255 255
0.737728413114861 -0.1509733292023594 4.835359510423296 255 255 255
0.8621703125013328 0.20009109702637268 4.702944549726196 255 255 255
0.9951805804979554 0.09079286659887977 4.605688771001577 255 255 255
1.1318446651582812 -0.39309882587236605 4.532610036441843 255 255 255
-0.5320460390386129 0.5536705366834784 5.306960527993027 255 255 255
1.0177545921743314 -0.7763608288878638 4.676250545625724 255 255 255
0.9888408967166519 -0.22203538622135255 4.627922684793276 255 255 255
1.0155694414488323 -1.2506911936279037 4.716774002495271 255 255 255
1.0778592416494055 -1.6385639818383837 4.70106171744156 255 255 255
1.0280735265566578 -1.1880978338396748 4.702294097520378 255 255 255
0.5341355701186336 -0.70082843496218 5.0597837930443585 255 255 255
0.6301417415130686 -1.6975990952518119 5.07217531364586 255 255 255
0.7815383682562669 -0.9676806716929585 4.878136260733697 255 255 255
0.5751801766462433 0.701220864503785 4.895088449395842 255 255 255
0.8041182273920167 0.6225312744702961 4.722908921968303 255 255 255
-1.9674611192197473 0.5931936547855872 6.990952021151397 255 255 255
0.7688466478158781 0.9633962886110008 4.715172100131312 255 255 255
0.5225189155140838 -0.9669254960703654 5.077797333334606 255 255 255
1.048316824735357 -0.4750650609266482 4.610561108302151 255 255 255
0.9211297082802108 0.23335926962291836 4.650560892538923 255 255 255
0.4649288930640331 0.04064871881932168 5.046859283619476 255 255 255
-1.5520967396982654 0.7834238945769999 6.06820814362057 255 255 255
1.162226891746979 0.23550996635159982 4.453209652263525 255 255 255
1.2502860818581092 -0.14740437098728357 4.415450029584174 255 255 255
0.6414377661093811 0.26149413060609106 4.879399386510704 255 255 255
1.0260155192988545 -0.40145974776709054 4.619765119412519 255 255 255
1.1402184798063657 1.2552404664342292 4.279756202140287 255 255 255
-1.0365105441377302 -1.8923328077017072 6.449163596988421 255 255 255
-0.7353667094437921 0.6485755907814479 5.401260700236899 255 255 255
0.99778769739543 -0.45291609775146957 4.653243143791184 255 255 255
0.1609815142236438 -1.3191858091864634 5.4041408528708095 255 255 255
0.9391994883518305 0.30334282061869106 4.615131465765998 255 255 255
-0.06354146300195605 -1.3783414125219953 5.60131586962358 255 255 255
1.1052458679751704 -1.1896056767259786 4.651556213764915 255 255 255
0.5801226013493996 -0.08323969020379825 4.950852642627625 255 255 255
-0.783220637714188 -2.064017360083366 6.264552926687568 255 255 255
0.6418288897060755 0.09552686820696692 4.882226011615342 255 255 255
0.5310626855683354 -0.9444259727954091 5.076415029624303 255 255 255
-1.7690975269300175 0.07770906819534024 6.869289502230721 255 255 255
0.11312373673668413 -1.7150069391452738 5.491615382071659 255 255 255
0.08025550977910291 -1.074869349675681 5.437478386711493 255 255 255
0.6118151956681005 1.025537250244673 4.847129011119344 255 255 255
1.244191721088724 0.5217747350122933 4.362820024104079 255 255 255
0.8570327731645826 0.585684106176786 4.677923949129355 255 255 255
-0.39978814562981696 0.6486850965472727 5.108119342956252 255 255 255
0.6617684265887479 0.10422974111327583 4.86918872927781 255 255 255
1.135108385224501 -0.7811176016011576 4.577397889982937 255 255 255
0.32008390447060897 -0.6998784036978674 5.221015929772961 255 255 255
1.0281361536885307 0.816044470520783 4.525016255013898 255 255 255
1.1684450621843707 -1.3189181443482658 4.593248209203211 255 255 255
-0.20186986632823412 -1.6179022167478474 5.737622663084072 255 255 255
0.23891308934166544 -1.6303586988730265 5.389506496961666 255 255 255
-1.2363678665248405 0.7054954042692287 5.812807889143739 255 255 255
-0.05531385093414071 -1.5574980607312447 5.611652340234716 255 255 255
0.9433988373862736 -0.40977134222738665 4.695352405877582 255 255 255
-0.3927939378017373 -0.22104352630530577 5.3697466178272855 255 255 255
0.9612593907371293 0.8037392698641176 4.58483535173422 255 255 255
-1.2394564652286602 0.6932359727663002 5.807837110091551 255 255 255
-1.6172976003132709 -1.8688617001377776 6.933666057127447 255 255 255
-2.03090891898059 -0.7957096709372435 7.151709182405238 255 255 255
0.594748851727851 0.9825877400903986 4.8606207858353345 255 255 255
0.9174930405428589 0.18874852001969855 4.659454136806031 255 255 255
1.1774073029230647 -1.359595764559843 4.592105652276072 255 255 255
0.2585488329428609 -0.7824691434147929 5.277706922421878 255 255 255
0.1650069173199076 -1.2858543175685064 5.400083165011426 255 255 255
0.6509773124089167 0.6021011884872353 4.835844018167723 255 255 255
0.5533960724381595 -1.6513662324280596 5.135564950911729 255 255 255
-1.47744724015378 -2.0243320560695777 6.8214620174661675 255 255 255
0.49495419624437015 0.5904634782896989 4.966340898964846 255 255 255
0.5856483216794304 0.41580166302227284 4.902003820776566 255 255 255
0.840769681976104 -1.3738717754943137 4.865368897095602 255 255 255
-0.1980261320584629 -1.6008952125321378 5.732549182793452 255 255 255
0.028637940071150805 0.36231074832316074 5.1572557503020064 255 255 255
0.4527728248811889 -0.9802344567838893 5.131929816896119 255 255 255
1.0530165947848065 -1.5288197060724422 4.705049689415738 255 255 255
-1.9272292033507723 0.09426199116218426 7.005072867454249 255 255 255
-0.0864314222272765 1.225632525145323 4.727792699381708 255 255 255
-1.534187354278292 -0.34775398296379667 6.7074987296782 255 255 255
0.11312958512400596 0.5355223252697872 4.691409384322353 255 255 255
1.0560965232618809 -0.10412893949298649 4.569488601768555 255 255 255
1.0150325565158582 0.8647122716308228 4.535849823434998 255 255 255
-1.968652277528346 -0.67880790881164 7.1075199691733335 255 255 255
1.195784782542085 -1.0363728400840058 4.535908926147204 255 255 255
-1.2695948014697598 -1.4104046311000338 6.586560167145264 255 255 255
0.5280330633349385 -0.5075044465959603 5.027829994726291 255 255 255
-1.6971976700771372 0.00838603257083789 6.817103516997025 255 255 255
0.48973673781305704 -1.1989436120180081 5.128557635129798 255 255 255
0.2833402453746222 -0.4808088837314018 5.222340120656146 255 255 255
0.961160690266027 -1.2047724782877378 4.750267622886661 255 255 255
-1.0787058732618744 0.7804849578671378 5.676348478352159 255 255 255
0.7010277203648732 0.43151829556528215 4.815384668437277 255 255 255
-1.8231748695504195 0.13150980878626453 6.911274407141821 255 255 255
1.280705143603782 0.4198072797358678 4.340684314638329 255 255 255
-1.6783079246706658 -2.024771600910688 6.9885336681184125 255 255 255
1.0291504798071092 -1.5168454633200128 4.728110043326002 255 255 255
1.1838247907786799 0.6841106270603159 4.402198433287715 255 255 255
0.5335108554859973 -1.0253639121304132 5.080397690803628 255 255 255
0.5417396276073002 -0.25518157922895585 4.996415210166087 255 255 255
-1.741290600911942 -0.6729937824086258 6.8976548423212884 255 255 255
-1.7883364053498065 -0.6025564158407624 6.930029258918301 255 255 255
-0.18510363664031415 -1.8428945695906886 5.747103425448372 255 255 255
0.28660500609582135 -1.864739429126886 5.372775623213129 255 255 255
1.245201122450748 0.17454427349675974 4.391035696626745 255 255 255
0.7007804459348257 -1.6433183632518709 5.010364499226309 255 255 255
0.567471761345479 1.0464852070134447 4.878717663846808 255 255 255
1.1092279610223916 -1.0441122844576198 4.606190295315252 255 255 255
0.5768423904896028 -0.7740025479778081 5.020194366153189 255 255 255
-1.7665163603369967 -1.704609858687817 7.016017393087844 255 255 255
0.6490751102549379 -1.3204273670312023 5.018516482178028 255 255 255
0.6584397087446008 0.3437932724727416 4.852582504480525 255 255 255
0.7235730496455105 -0.7011085173403999 4.891289959299111 255 255 255
0.23026630370202575 -1.60948774374237 5.391522025697455 255 255 255
1.0583186362119672 -0.5289762533072417 4.606321107444338 255 255 255
0.6713386716479682 -1.588000953568234 5.033414903596393 255 255 255
1.1524982254160672 -0.029495943411840475 4.480803071101285 255 255 255
0.7893157766285805 -1.3730856456811056 4.908441594619348 255 255 255
-3.1285225326413046 -2.4653684679699017 7.525385610330756 255 255 255
-1.96786370019388 0.6079689098173471 7.012861132200062 255 255 255
0.002881807946761 -1.897585872223985 5.607254604739616 255 255 255
0.6583243547681488 -1.6044667069504646 5.0393370978245144 255 255 255
0.4807290832920579 0.3315906571237782 5.011819018238906 255 255 255
0.834344025343367 -0.7609624035435094 4.819335773412605 255 255 255
0.9791843077522557 0.3930469467203202 4.600082141523318 255 255 255
1.1627038347277645 -1.051654397708745 4.572781009351403 255 255 255
1.2026175850890188 0.33987460335381087 4.420577702284164 255 255 255
0.49932240043496023 -1.8214947058985358 5.194136313187757 255 255 255
0.6478715395415499 0.8996286628706391 4.830528353200142 255 255 255
1.2605939729714 -0.08869266542458482 4.403558423901292 255 255 255
-1.7968162840542845 -1.2608798781164237 7.0049401902590995 255 255 255
1.095873422443901 -0.8632369730056489 4.605359528059075 255 255 255
0.5209728199605999 -1.21084160212617 5.114685238606334 255 255 255
0.42418635339358407 -1.6513612725280458 5.235177627906813 255 255 255
0.2919663770272153 -1.4275370946719315 5.322280665507339 255 255 255
0.9799758561432453 0.09398060179334695 4.619170194447181 255 255 255
0.6280435627396941 0.5972022760335053 4.86042686357353 255 255 255
-1.3021461542865382 0.6692022959427095 6.114149545014075 255 255 255
0.9838639561901846 0.22523070245222487 4.594551303148043 255 255 255
0.09320434407012582 -1.0196084364796782 5.434333321281176 255 255 255
-0.5977357853819821 -0.8085586181431367 5.431927647078506 255 255 255
-1.542180452009817 -1.1503214270007949 6.7926148688714365 255 255 255
1.132215241327915 -0.17805348992184009 4.518934527059968 255 255 255
-1.7308915217625362 -1.8469400429485145 7.019929790748232 255 255 255
-1.5122853620480277 -1.7138163619480717 6.825076431405556 255 255 255
0.9099777957857572 -1.0396005862355135 4.772848516857485 255 255 255
0.9489088745627703 -1.5353595809047895 4.806863900170238 255 255 255
0.7332918142994657 1.2262255644710296 4.619483744189687 255 255 255
-1.6680356043815252 -0.5429345592724275 6.8335842382731355 255 255 255
1.1336643926393075 -0.5710250084305915 4.53893926893473 255 255 255
0.09938218310973142 -1.2124445903767678 5.452513515091952 255 255 255
0.7347013883169081 -0.6478770566702353 4.877304579709602 255 255 255
0.1773112440881983 -1.7154079220572171 5.440289920351137 255 255 255
0.9648204672211258 -0.45028243890883834 4.675822842234977 255 255 255
0.6632968277704837 0.257604934451901 4.85856697833514 255 255 255
0.05686013729630087 -1.7271134145795328 5.539273162434199 255 255 255
-1.9548771388237978 0.053270477689924225 7.024136171533093 255 255 255
0.328289144956885 -1.1693344399282295 5.249385209674348 255 255 255
0.5306358696121561 -0.4333805322558468 5.0191806015802145 255 255 255
1.095899223707164 -1.0796672650423835 4.624112300955598 255 255 255
0.5625928379872648 -0.07836874768481071 4.9651621025956905 255 255 255
0.7125907637983977 -1.6948437572897497 5.017215187899776 255 255 255
0.6425873270314755 0.17930604828635155 4.884967074752615 255 255 255
0.49365820833588014 0.4914661516673383 4.978548066492864 255 255 255
0.7575212810214131 0.36455787793534744 4.7722069613249385 255 255 255
0.18312100781037893 -1.3199081103464736 5.393645151355166 255 255 255
0.9132292125511384 0.4553184617441842 4.646468721116827 255 255 255
-0.42236533772681567 -1.8500222317706176 5.849196539123765 255 255 255
0.9356674102867889 0.9493563866559964 4.580345329471958 255 255 255
0.6785456982416341 -1.0279571646756758 4.961142586056067 255 255 255
-0.6534466568310803 0.058545710550062885 5.523183321797627 255 255 255
0.8729776279938475 -1.6190010091315485 4.864705658124504 255 255 255
-0.19533802900513553 -1.860615246070724 5.758684024825926 255 255 255
0.19073733057203962 -1.1605768644380745 5.370621491749177 255 255 255
0.14279597045555129 -0.6366617758270988 5.359620839981472 255 255 255
1.0400741505306161 0.5445707826248033 4.534580674394992 255 255 255
-0.916319768314222 0.7874650703204228 5.536810972720648 255 255 255
-1.3366317109338306 -2.1946600983097007 6.728882411916136 255 255 255
-1.447923848899264 -1.441315412615901 6.740100417685993 255 255 255
-0.0690509924423325 -0.013721118629835608 5.281129328819487 255 255 255
1.1769325915072986 -0.25975691094835246 4.481093950881628 255 255 255
1.046142064686042 1.1750468027424108 4.4142335949961 255 255 255
-0.5075713426759072 -1.959599401418007 5.926847620581261 255 255 255
-0.9894557751806493 -1.7975474557455033 6.397448610659435 255 255 255
0.39386533831915405 -0.9494424222536202 5.183478104605403 255 255 255
0.9851835341328402 -1.5052148971340173 4.759341278716509 255 255 255
0.5797049296272746 -0.8791979713786136 5.0383908232722945 255 255 255
0.3619818482233739 -1.4260123074487594 5.263683414003666 255 255 255
-1.0943326747302746 0.7927236057030321 5.677927361922334 255 255 255
0.6206841086847916 -1.5834492715612416 5.061627698821094 255 255 255
0.6185712576632241 1.1033691247850765 4.849689808495604 255 255 255
1.094744633147164 -0.7898496246229842 4.618064180889564 255 255 255
0.06813223249062929 -1.4721238759788235 5.503057845972982 255 255 255
0.304907506706891 -1.5411294961736735 5.3115306187226405 255 255 255
-0.9111195973270517 0.7496625817794292 5.5341011450432385 255 255 255
-0.7972374693195418 -1.9209456268369824 6.262595952017065 255 255 255
-0.31045389078602437 1.1688924162564753 4.744707176009158 255 255 255
1.0232507191830402 0.9021348432279614 4.516043488380593 255 255 255
0.9158953710744309 -0.08420495671038229 4.687562806592884 255 255 255
-1.1584522930258616 0.33315363549970295 6.14221949239913 255 255 255
0.2175744630294738 -1.1460469869344871 5.358066987699505 255 255 255
1.1993258872079526 -0.33135702353974034 4.4739860994987195 255 255 255
0.90041761330745 0.8695560281643969 4.618957444039505 255 255 255
-1.5866119646761807 -1.7491207385364649 6.8864530292495605 255 255 255
1.146852784849233 -1.5964867230914426 4.657983497351591 255 255 255
-1.386331226258151 -1.497550819967782 6.686897168025065 255 255 255
1.1464213673372454 -1.5672910606381396 4.65214484028336 255 255 255
0.9919423936844839 0.6334905957598806 4.553361115266532 255 255 255
1.1867575847904466 0.43973207717581725 4.408027258084586 255 255 255
1.2914035143947837 -0.14071434895313992 4.380835460261124 255 255 255
0.7273758016989063 0.8766859848791975 4.776144558836791 255 255 255
-0.01359082216639709 -1.6903330291499226 5.609093845009672 255 255 255
1.290728321578402 -0.3388436495607858 4.400185158152981 255 255 255
-0.4764433789513189 0.33534067616931135 5.419113038419596 255 255 255
0.5063546908476712 0.7175950380262434 4.948299752908671 255 255 255
0.5966560417170028 -1.727334231563071 5.105909458997739 255 255 255
1.281659117044536 0.5353380715484639 4.321525585613471 255 255 255
1.0269785016040522 -0.6408152125712038 4.6421292480885645 255 255 255
0.8883074500407544 0.7970809973513125 4.630294082048703 255 255 255
-1.894271882261938 -0.37006201131486316 7.01557492530476 255 255 255
-1.0844655588626453 -1.9392661966958664 6.493397117933367 255 255 255
1.0763784203295443 1.142321122961599 4.45149348950807 255 255 255
-0.35678055220642974 -1.8524433064019132 5.868476013747961 255 255 255
0.34545255119540236 -1.6823138037760912 5.302928803566521 255 255 255
0.8304919209630024 0.2494594165077336 4.718950046056799 255 255 255
1.1147363651720354 0.849234733475063 4.4491083879433795 255 255 255
-1.9363980045841525 -0.04589823465615884 7.01361210726484 255 255 255
0.49325850439653035 -0.9241839474569339 5.103408320815014 255 255 255
0.8888980330739897 -0.7988048899761809 4.780497078960919 255 255 255
0.09316032486000682 -1.764317583618326 5.513791939685033 255 255 255
1.4532618219586344 1.191865367722034 4.1965355237429005 255 255 255
0.594279187394066 -0.7716640124513247 5.00832795967905 255 255 255
0.304907506706891 -1.5411294961736735 5.3115306187226405 255 255 255
0.5524730110107033 -0.03729158220280089 4.9684358331769625 255 255 255
0.9966840363278747 -1.1646303358667083 4.727093174075289 255 255 255
0.8714141209123697 -1.6328714908328579 4.872603555448518 255 255 255
1.260391668473066 -0.9636924415995956 4.481976109413193 255 255 255
1.0682611623281972 -1.059912884870355 4.644533123578187 255 255 255
-1.2682135453915728 0.7087354073566058 5.828790961218049 255 255 255
0.7842127948867702 -0.28585794503803574 4.804099441917163 255 255 255
0.3508693767026951 -0.9311770565300687 5.224560768383803 255 255 255
1.0987913948376307 -1.2533066306295209 4.653050223931818 255 255 255
0.6869063319300477 -0.7237982011115197 4.943919007419139 255 255 255
-0.02869022569598886 1.3031823905401472 4.674734437919246 255 255 255
-1.3165605051221583 -1.918988446177816 6.694317526005837 255 255 255
0.19030389172716397 -1.5565216459664202 5.4107338844511785 255 255 255
0.4363770359674862 -1.7966922865945616 5.249732598571656 255 255 255
-1.7209726269470018 -1.08482317817993 6.928818831928767 255 255 255
1.232862519080256 0.5455713639478147 4.369750038923781 255 255 255
0.49991934536414717 -0.9160062839963609 5.096826492917862 255 255 255
1.2257051435094808 -0.2258841678274194 4.4430948135826 255 255 255
0.3558406943612406 -0.6866966603113183 5.19271325271927 255 255 255
0.7027035999472838 -0.5952812328107169 4.902272749591518 255 255 255
-1.5413737892660573 -1.9975121886979454 6.866251581971318 255 255 255
0.7644885673832348 -0.028402283274851805 4.817127874764398 255 255 255
0.9612689615887727 1.1444502225437116 4.5559860118558815 255 255 255
0.40534424709249933 -1.5242224283635037 5.2307291431082215 255 255 255
1.0540657331079442 -0.7399326054775874 4.635772585462918 255 255 255
0.49592817804987754 -0.32912047863437194 5.039619469966745 255 255 255
0.6400125340098833 -1.1152460688957933 5.013050437925911 255 255 255
0.553797068416555 -1.2036389632079307 5.081591815646991 255 255 255
1.1977684452300177 -0.8662242748744886 4.528746827862858 255 255 255
0.2319532943266542 -0.7972223100212287 5.293468759862029 255 255 255
0.9427859039177124 -1.035102031206108 4.744829174178651 255 255 255
-0.4803948905644448 -1.8530964073704712 5.8919456218541635 255 255 255
-1.513512005095601 -0.9514749332085918 6.752589140007799 255 255 255
-0.7724560863510234 -0.6193902467026792 5.720044743674047 255 255 255
-1.8320553714030074 -2.507647226838472 7.174826765284722 255 255 255
-1.6816102031150315 -0.3883518567452865 6.840584891556127 255 255 255
-1.992066896079985 -0.20843261319914083 7.0696562873375735 255 255 255
-0.10264583880147746 0.33033624209318524 5.264501569532873 255 255 255
0.25733615839863977 -0.8139026916184379 5.279298862405759 255 255 255
0.04361581480512863 -1.395736752517248 5.513034813523481 255 255 255
1.2081920791896208 0.32549744393617985 4.4058226745479265 255 255 255
0.09178179286684997 0.5308671401455878 4.81542943807405 255 255 255
1.0777034613479959 -0.12561067049042102 4.5483882608866395 255 255 255
1.0074437226852755 -1.1803491026649626 4.716972459403251 255 255 255
-0.3633189804338688 -2.0776328844882026 5.907581978518686 255 255 255
1.0059878468317687 0.6135012566539493 4.563252620230829 255 255 255
0.42567007183519023 -0.46744284864026836 5.115893267350414 255 255 255
0.8804141121898665 -0.6662526374135559 4.7585419185406845 255 255 255
-1.6566202556732086 -0.3967451257368484 6.815478032672695 255 255 255
-1.5281693204263767 -0.37621876189224174 6.703126373165056 255 255 255
-1.3386186421164112 -0.9670500158567465 6.600556274599129 255 255 255
0.532614345971044 -0.0715358921334178 4.984772052451704 255 255 255
-1.56508949332011 -2.243199607058465 6.917384310150213 255 255 255
-0.5044534255866211 -1.9168525279153428 5.921986714595557 255 255 255
0.8795855925578313 0.9060561661741514 4.643257190583459 255 255 255
0.9509554039857987 -1.4773445160282213 4.783798888572283 255 255 255
-1.7285497494180346 -0.6628583988767095 6.901658145752473 255 255 255
-0.07255191564645261 -1.5287893438519415 5.6326496280449625 255 255 255
-0.1641474782171025 0.0007163934131053345 5.3397645819771595 255 255 255
0.8568989934463311 0.3547407668856204 4.683431677480209 255 255 255
-0.6814158383008914 -1.9646685852580592 6.164396613903196 255 255 255
0.5660695107427784 0.11293855635567378 4.944553752664167 255 255 255
-0.24592294009493826 -2.018183759645216 5.819325724307188 255 255 255
1.2461910265531349 -0.31231082783734215 4.433487078480053 255 255 255
0.8064455515715601 -1.1111078569423651 4.864921535678326 255 255 255
1.0985264801010797 -1.227232863867025 4.65249858080481 255 255 255
0.5968278770480292 -1.5141567339313287 5.081548758319935 255 255 255
0.9800438521079214 0.19790636109085463 4.599520306752605 255 255 255
-1.5794193565625507 -0.25700035851353775 6.757120062651497 255 255 255
0.5878688048722652 0.10924443252105497 4.925408492179985 255 255 255
-0.4732092728563122 -0.974935837246965 5.4046046085235275 255 255 255
0.18068025713817495 -0.484226380177218 5.32769271892808 255 255 255
1.0102825864251608 -0.8087905750667486 4.6798805649632635 255 255 255
-1.3287451613681216 0.347957896967043 6.253464604074324 255 255 255
0.829725701908085 -1.5162332473625149 4.897251586466212 255 255 255
-1.534187354278292 -0.34775398296379667 6.7074987296782 255 255 255
0.9143097292503312 1.1162116001891884 4.595864997650877 255 255 255
0.1648740406175071 -1.0936301126898422 5.37848429096876 255 255 255
1.0131189050609524 -1.4541600466420872 4.732950706246595 255 255 255
-1.9813312080981456 0.4113062510310132 7.027489657973456 255 255 255
1.287751582334446 0.04610809612711465 4.361064806149964 255 255 255
-1.4806256214065872 0.7131360048707792 6.004714402916158 255 255 255
1.250883721851107 0.5534157231973992 4.350854933952317 255 255 255
1.2865385943081535 0.6724861578439834 4.3144455918513955 255 255 255
0.8526869414305331 -1.1493863232525527 4.838435301998309 255 255 255
1.1605789457886535 0.19816551029516172 4.458517093140821 255 255 255
-1.1970934628865504 -0.015427556450126346 6.141012125538544 255 255 255
0.6390377104375117 0.46195671174775166 4.859616505313851 255 255 255
0.5292946908540223 -0.9318780409422712 5.077359057932164 255 255 255
-1.29396397600684 0.3336165536411824 6.24031114206803 255 255 255
0.6957934151640258 0.12011576837933674 4.840034720412271 255 255 255
-0.6189932369846775 0.12873298006320832 5.585275327975256 255 255 255
1.0360283489122901 -1.1686678263496066 4.700070243687277 255 255 255
0.6581384583261327 -0.09430259555640526 4.8917391342427985 255 255 255
-1.6720379073550542 -2.12461401242291 7.000260163902079 255 255 255
1.1934467684750008 -0.01778471074300406 4.437807826722338 255 255 255
0.6738995898292045 -1.2341451973985684 4.985423716015508 255 255 255
0.34418519091872785 -1.7692835136707927 5.304953964233257 255 255 255
0.9681232122100787 -0.8838212139616335 4.7172549095554634 255 255 255
1.2955523484022229 -0.8705936945014524 4.447493209855695 255 255 255
-0.2747588520480642 -1.9815474711320742 5.847653750342815 255 255 255
1.1324609502746805 -1.3302618520794036 4.636632495755449 255 255 255
-1.8563897431202658 -0.22147317240294964 6.973755455796483 255 255 255
0.5990197056272608 -0.2828186818702459 4.953807902708601 255 255 255
-1.7452001455750137 -1.7284139024640754 7.016649668052418 255 255 255
0.5062444095978188 0.3565377221067835 4.977304471671657 255 255 255
0.30474529143778484 -1.3066323421179238 5.292492813787329 255 255 255
-0.34365438503576107 -1.8171744036666488 5.858397038164633 255 255 255
1.2377942941737585 0.2058574368451619 4.390532862519961 255 255 255
0.10772878410165217 -1.6263216076098708 5.4875665966933544 255 255 255
1.084707459129361 1.1427870143636787 4.439300238310478 255 255 255
-0.027294527433769252 -1.3701029415378503 5.572125435987787 255 255 255
1.268455828255284 -0.9417914423636713 4.475865488730417 255 255 255
-0.4662700036748378 -2.023753800545752 5.886853757867542 255 255 255
0.6696446248710878 -0.74440821685512 4.944692841862893 255 255 255
0.9666085281815735 0.041639915729010164 4.620627390966276 255 255 255
-0.1871701421369414 -1.913375696898532 5.758418896548771 255 255 255
-1.5105286783154819 -2.048260781395244 6.8479057948884146 255 255 255
0.8116979374825597 -1.5910101126069138 4.918762746388248 255 255 255
0.7347157962558737 0.6165837644614013 4.784643809800748 255 255 255
0.24658723425190637 -1.4046962819643505 5.349881732578839 255 255 255
1.0013485788560412 -1.2081785393251165 4.720428594168717 255 255 255
0.19910237693131344 -1.2527960214267782 5.379477618306665 255 255 255
-0.5527037561252884 -1.2045539631367939 5.30962504305329 255 255 255
0.8856996729729706 0.4812329599566797 4.668801656437288 255 255 255
-1.8716382938229292 0.5422124004219098 6.918830433702438 255 255 255
0.5850109890025023 0.6181339882407689 4.899831611642678 255 255 255
1.0398763418886905 0.879911040800055 4.524715546924804 255 255 255
0.17679684361269443 -1.227937415874878 5.388702531694538 255 255 255
1.2718845439713689 0.5594639461154014 4.333446983891265 255 255 255
0.05713330775250475 -1.465322844014922 5.507003025084615 255 255 255
-1.0547087026807478 -0.12639737098817788 6.056805459001452 255 255 255
0.23076375927623896 -1.9137499188130327 5.413117924075109 255 255 255
-1.5030396927006633 -1.2719348675908468 6.776135822243579 255 255 255
-0.06962064032515386 0.08671772276410958 5.239573610805898 255 255 255
1.2588609463099545 -0.5772589008242366 4.440910835275645 255 255 255
0.9943922875787441 -0.3701700865235932 4.634662443541066 255 255 255
1.1018831339758532 1.011768393782462 4.441056919392286 255 255 255
-1.4204226407373037 -1.7977441694399905 6.757464015387921 255 255 255
0.8864458838408743 0.9126922507866021 4.626203260894394 255 255 255
-1.7146600390606732 -0.07678382347143155 6.828509462137209 255 255 255
1.20007245444131 -0.9619254345360054 4.530615325850475 255 255 255
1.220656848239752 0.6683479908150928 4.369857636697713 255 255 255
0.7227162024225304 -1.403252443618681 4.955952262516771 255 255 255
1.213262213978951 -1.3279405902907633 4.556927533862194 255 255 255
1.0858689645599866 -1.245759917240389 4.650628306336617 255 255 255
1.1035330535781875 0.5228842705632577 4.480538802031922 255 255 255
-0.030282925097381966 -1.3314362427140831 5.555855823156793 255 255 255
1.0598449260446634 -0.9655737139805934 4.652355385371209 255 255 255
-1.8749238089741254 0.8765447013834087 6.913030694242911 255 255 255
-0.6560076362058872 -0.235425399200315 5.597074238471925 255 255 255
-1.6429045860805205 -1.6347849273070085 6.921124250096048 255 255 255
1.0760290750796326 0.7642953621859936 4.473754744417149 255 255 255
-1.0104249494635544 0.8340434052768702 5.52133227631408 255 255 255
0.4469026385070205 -1.607829379463068 5.2190731653148585 255 255 255
0.5663592881325914 -0.4271142159129538 4.990368248143246 255 255 255
0.24929082032175037 -1.3241485626273348 5.332491547259634 255 255 255
0.30852639244887253 -1.379073825462818 5.296802356121817 255 255 255
0.9238065173358835 1.0395278018893104 4.583516420514587 255 255 255
0.5346754404553181 1.1705142709733667 4.894153587528036 255 255 255
1.1957655153837168 0.881469065928433 4.39217740661329 255 255 255
-1.227967315162609 -1.502375947741959 6.5712310257653685 255 255 255
0.9943922875787441 -0.3701700865235932 4.634662443541066 255 255 255
0.360925962995501 -1.3214791248523639 5.256140278526717 255 255 255
0.6299178895780004 -1.4429807590507866 5.043545118464928 255 255 255
0.5144374787509353 -0.9098234434044538 5.083153396639998 255 255 255
0.8494248866006743 -1.4294111355304988 4.869003522562114 255 255 255
-1.140301323988649 -1.9873681791046436 6.539070105563281 255 255 255
-1.8813547517080822 -0.09775022309239224 6.9735248325653485 255 255 255
-0.752849087575903 0.7997533904040875 5.390677160408595 255 255 255
1.0882562305847296 0.46824087330689523 4.49435825036479 255 255 255
0.5756604067530798 1.129651921094129 4.865823666999587 255 255 255
0.33730749644538766 -1.091005602553138 5.235356346872177 255 255 255
-0.999512667052933 -2.0616356205399953 6.420726399874743 255 255 255
-1.5207468420586743 -1.1592220416922874 6.77268580244558 255 255 255
0.27239933289419094 -1.3025906783529122 5.31933267285984 255 255 255
0.7733089391269232 -1.4999583074361105 4.9440213629513226 255 255 255
-0.1933721269429765 -1.6594677308351364 5.733882010882707 255 255 255
0.9812546423514472 0.21229381693116364 4.598670449725259 255 255 255
-0.6680547679363031 -1.2739495688711544 5.504164151435975 255 255 255
1.0133066378244602 -0.35032305747118236 4.62431083554083 255 255 255
1.0401576455628476 0.6868930361330435 4.517937592019048 255 255 255
-0.8432737241775319 -2.162126175003063 6.3200092248530995 255 255 255
0.344788041009282 -1.5838076706239772 5.300264105243071 255 255 255
-0.7120940833746006 -1.8851187503077307 6.18825764967493 255 255 255
1.2981484258165374 0.5557155242049742 4.306699133104703 255 255 255
-0.15804667814281786 1.2738600727703535 4.784789908472115 255 255 255
-1.6410776365284063 -1.5579258370998146 6.900677659256849 255 255 255
1.2450215861569975 -1.1352199635497946 4.510117768062592 255 255 255
0.9466086884813284 -0.1473504600748431 4.6609893045263675 255 255 255
-0.8514283578482797 -1.8660948578971146 6.299313757127723 255 255 255
0.3107838771115548 -0.8058669397724251 5.234735613295155 255 255 255
1.2440251170862469 -0.9155490468308177 4.491383607426007 255 255 255
1.2994658161760624 0.31076246062807544 4.333468625487949 255 255 255
-0.7988884496399301 -2.101801604305329 6.286160972453341 255 255 255
1.1279718369250529 0.2868678370371284 4.475073863976309 255 255 255
1.0114029431807396 0.7468594309040321 4.5423819043566045 255 255 255
1.17393445648718 -1.0332157715103667 4.555191926277581 255 255 255
1.13027971866772 0.9052575337067486 4.413648879219826 255 255 255
-1.6878806544171903 -1.366128028171402 6.939989504578222 255 255 255
-0.16842462825486174 -1.9686337569072894 5.745969117837708 255 255 255
-0.37152191248821737 -0.7839281776530789 5.393151943826724 255 255 255
-0.40916314454377384 0.03070641779303794 5.3858409769151745 255 255 255
0.3806495589189051 -0.7352068915983939 5.179551203457529 255 255 255
-1.5787793407613497 0.7389268744746507 6.08566120429358 255 255 255
-1.6867288062965307 -0.9339330330561892 6.889418496562206 255 255 255
0.5130236927131954 0.6888635598976964 4.942883526811951 255 255 255
0.3144412960768843 -0.7409938959457978 5.233781804698117 255 255 255
1.0502154822586562 -1.612027333988842 4.726571814964708 255 255 255
-0.016172081568978758 -0.01695038522697635 5.216647703763157 255 255 255
0.11225625506383329 -1.1736050901148436 5.428879743875778 255 255 255
1.754434593087096 -1.0257285930949933 4.674146374985517 255 255 255
-0.9111195973270517 0.7496625817794292 5.5341011450432385 255 255 255
-1.761278720076203 -0.5411075422973357 6.923853208175275 255 255 255
0.6250124281650912 0.9773384751498603 4.841016618636419 255 255 255
0.6205300569121868 -0.9074446794262578 5.014232887699233 255 255 255
-0.12874867973814608 0.14844796587693784 5.208860940045815 255 255 255
-2.0355309837930937 -0.3323230431061096 7.123892262890528 255 255 255
-1.8166931176863743 0.5783603678760848 6.894823895199598 255 255 255
-1.927542797731401 -2.483931484734506 7.2531709577277725 255 255 255
0.8057903697932056 -1.2523091852932322 4.875782079508113 255 255 255
0.7804360170090742 -1.5443493108584865 4.938849612328994 255 255 255
0.47767826587960716 -1.8412853346914928 5.218664150694229 255 255 255
0.5695141207017435 0.6795085329733053 4.903846330921308 255 255 255
1.4192429695950037 1.1923634495476665 4.173033826222151 255 255 255
0.7832139925575285 -0.45559345887635355 4.823199574617628 255 255 255
0.4068895974922466 -0.9565343614801816 5.169040730649648 255 255 255
0.8757651208894806 0.006661062224242818 4.707488307059418 255 255 255
0.34744131897785135 -1.112047952002432 5.23482511795711 255 255 255
-0.0005090977501667844 -1.098558034677265 5.512207728793796 255 255 255
0.7438940025664089 -0.9640467289433835 4.90229564660685 255 255 255
0.17513666425410332 -1.3927202281467865 5.406587849497194 255 255 255
0.8593009633875738 -0.1774294723297771 4.735621237510319 255 255 255
0.5915221987243753 0.35476991622131543 4.902751498788256 255 255 255
0.9883218546583765 0.2590431423027683 4.605299511060242 255 255 255
1.1769901048684162 -1.0877954882491545 4.561030878582075 255 255 255
0.3641308730955424 -0.8088185137112748 5.190876173083677 255 255 255
0.7832139925575285 -0.45559345887635355 4.823199574617628 255 255 255
0.858589537285612 1.214160155628588 4.526275291585591 255 255 255
0.9165264743931105 -1.4629924521238906 4.81149648380597 255 255 255
0.9186952741212918 0.8041719655026109 4.6033907873468864 255 255 255
-1.7274592225532792 0.08717681270933954 6.828259783035863 255 255 255
0.7697601512284912 1.3550555148175014 4.585699531384017 255 255 255
0.8810168346390764 -1.2403750287243345 4.834315801159611 255 255 255
0.6451448916211874 -0.5868137397247002 4.947168721072468 255 255 255
-0.6842492431162561 -1.7730168463978064 6.142103256077258 255 255 255
0.00045494397813567556 -1.3726550302987992 5.550512105925607 255 255 255
1.0653778463990407 -1.3700555003531285 4.692521516525555 255 255 255
0.007868435143242756 0.6620324517106667 4.775863096381392 255 255 255
0.03877296317913307 -1.7148210124318435 5.555674993689125 255 255 255
1.3445303192367648 1.3102434186176983 4.106776640871628 255 255 255
-0.3789095495139675 -0.8027133437517547 5.38679386576765 255 255 255
1.2756796526595382 -0.7054501030888316 4.444495133427532 255 255 255
-1.5266766162628134 0.8481759190486563 6.033148675259756 255 255 255
0.6116802388734586 -0.0506985425437827 4.925919747134764 255 255 255
-0.39588599580821304 -1.964786122767262 5.837565568463173 255 255 255
-0.5217457134218495 -1.3908934475862107 5.565923001413277 255 255 255
1.0173741534444085 -0.8657107312514322 4.668546996289304 255 255 255
0.6717273312918353 -0.42783375229151316 4.9140188552291155 255 255 255
0.9563240390085929 -1.5712789347060738 4.79346834319503 255 255 255
0.0629278293196003 -0.9706351220017343 5.446683749348579 255 255 255
0.5768423904896028 -0.7740025479778081 5.020194366153189 255 255 255
0.14128506881798528 -1.2879654193359238 5.413640694455192 255 255 255
-2.0052203295873303 0.7016022302935928 7.0129580890184124 255 255 255
-1.5470834373028666 -0.7129455961498156 6.751695177859838 255 255 255
-1.0102108557110034 -1.9565379449108158 6.453830022940986 255 255 255
-0.8745433277420294 -2.056790304850841 6.321238149990757 255 255 255
0.9733776667863427 0.959486679946205 4.551159736691601 255 255 255
0.25143512282277386 -0.9916399006752031 5.305142397612083 255 255 255
0.5307687184716556 0.47325800301308857 4.966144681852782 255 255 255
0.842213209191523 -0.5494492070177502 4.771236851014784 255 255 255
0.17621083192689116 -1.2673782158570872 5.395909248891837 255 255 255
1.0084078746376837 -0.8650535924281069 4.679400385066031 255 255 255
0.3870346199361745 -0.4910950770818446 5.146853626049645 255 255 255
0.9698260572467077 -0.044527923735202556 4.634241850663791 255 255 255
0.720421229217386 -0.03904310828940855 4.840278913828417 255 255 255
-0.4498022323736781 -1.929826488956503 5.872026270962518 255 255 255
1.2550860727600583 -0.039250378627430124 4.400866322090172 255 255 255
-1.416812689306712 -0.2808015616863545 6.60750690312261 255 255 255
0.9639200056512692 -0.3257414391754747 4.66053065285927 255 255 255
0.24766355228597167 -1.5625926799625938 5.368107076452853 255 255 255
-1.6972872459298647 -1.8468426575634322 6.991333321486839 255 255 255
0.9699651150112105 0.9205518279751683 4.552785308418729 255 255 255
0.8627698041943656 -1.569906607020951 4.885649469365699 255 255 255
0.8530494012481844 -0.3839164570384274 4.768388745870495 255 255 255
-1.171445608192325 -0.042021326491511204 6.151391138356287 255 255 255
-0.42381240079634536 0.7125403739345713 5.126394293138353 255 255 255
0.09948092034764708 -1.3607258164968097 5.45814095158064 255 255 255
0.9981624844406097 0.8837044465122469 4.546775109911417 255 255 255
-2.7729042862067455 1.4569655069885694 7.024005207924822 255 255 255
1.0429952793399513 0.9002665645263429 4.504350048133787 255 255 255
-1.5870933568343901 -0.9128580254172435 6.795407835030972 255 255 255
-1.4616227067329417 -0.7705997857755527 6.677983504499989 255 255 255
1.2360084785448562 -0.8527675204874262 4.4962175942772005 255 255 255
0.9658801858154923 -0.438380860046455 4.678893854882071 255 255 255
0.5819077777738234 -0.4028624896095377 4.9805041342743905 255 255 255
0.721515728623454 -1.217009063595961 4.948993270769235 255 255 255
0.13424190865955202 -1.5833623268858024 5.46485886033962 255 255 255
0.6680294113064434 -1.344654128323523 4.997083795746456 255 255 255
1.1627032168208233 -1.2140690111361254 4.58610753574027 255 255 255
-2.3614820213698873 0.6717818683768494 7.293310872234566 255 255 255
-1.1098849728098619 -1.9247195088089797 6.511762524495982 255 255 255
-0.33350363558951124 -1.8651653638514232 5.859190762428556 255 255 255
-1.524037674777637 -0.7874828540378886 6.7349609817457035 255 255 255
-1.224893733662144 -1.9307005146521221 6.619108047526849 255 255 255
-0.5905609518007098 0.6584851006193773 5.267407486688588 255 255 255
-1.4108427813812294 -1.0929156749260371 6.662199230051802 255 255 255
0.7066539696764566 0.04618043272026523 4.8371293505527255 255 255 255
1.1317498744484653 0.7781453658567895 4.434818232188681 255 255 255
1.1178114187981598 0.266332315711694 4.491871211155252 255 255 255
-1.9442709258285908 -0.2396409434847658 7.0401372693946795 255 255 255
-0.8025023977751727 -0.6059630478490059 5.7500563801919915 255 255 255
0.6342796424737923 0.9299807304625705 4.8513680158564 255 255 255
-1.7112401912821664 -1.2461169990889556 6.934966856418781 255 255 255
0.265137868624624 -0.31967482476236325 5.23491868211576 255 255 255
-1.7219063329967463 0.28612608068359996 6.819635329760952 255 255 255
-1.6189689674759258 -1.6249109389096694 6.920326308021842 255 255 255
1.1193745219632703 0.04162150514876989 4.5000867062710785 255 255 255
-1.927542797731401 -2.483931484734506 7.2531709577277725 255 255 255
0.039068540259197516 -1.561521337473799 5.548535121027553 255 255 255
1.1663821178179128 -0.4266225162328029 4.504575451467774 255 255 255
0.23084998044009714 -1.4331463819300758 5.369632223231095 255 255 255
0.8461731556945579 -1.3958983577012536 4.861898595115812 255 255 255
1.260004503265461 -1.0428218581303759 4.487646645417276 255 255 255
0.09721553239662455 -1.4017700357561895 5.4707468520586975 255 255 255
0.374530554479646 -1.482912598707972 5.256658102225591 255 255 255
0.6543862247907216 -1.3356351528759394 5.022021588975008 255 255 255
-0.38381066184121515 -0.8416698704808533 5.392517189164755 255 255 255
-1.393065737669791 0.7783035015182519 5.932303519204267 255 255 255
0.67182093602604 0.9126534180366089 4.820500663007685 255 255 255
1.2490615408314123 0.14360860353014335 4.390257393615523 255 255 255
-0.2648812132012042 -0.8667412516939312 5.32783092999674 255 255 255
0.13464175159202477 -1.324660872840093 5.431115068623842 255 255 255
0.6415838068112855 0.9169487325705753 4.8491210264854345 255 255 255
-0.4110403874080307 -1.945862585426492 5.833478426145876 255 255 255
0.5068914630310369 0.4668448528936213 4.974503022389767 255 255 255
0.09971310225809056 -1.6365233114939468 5.496527198924694 255 255 255
0.6009877644883574 0.6093705685230638 4.8723586537188615 255 255 255
1.158726279216377 -1.5800467851230553 4.64504731000925 255 255 255
-0.12987701380292846 -0.11242584834677458 5.312730521938385 255 255 255
1.2845103425985114 1.2471855066708204 4.159629842359265 255 255 255
0.627005907225874 0.7742278172632197 4.85973842075579 255 255 255
1.1481321835891913 0.20818890065731957 4.467286688699468 255 255 255
0.5884290337979207 -1.0074503668309043 5.033225171890239 255 255 255
0.8145811064814256 -1.133724231398443 4.873451345037544 255 255 255
0.09498449490237625 0.5590025650511544 4.714126733302183 255 255 255
0.08416286872445623 -1.7153209022182592 5.518750250950525 255 255 255
0.9386049895292783 -0.05770374776073304 4.679929827845124 255 255 255
1.2073269401212143 -0.7051384439316739 4.494443144397714 255 255 255
0.876362815259679 -0.3202528885190145 4.739808619972653 255 255 255
-0.41304044827783826 -1.870189015558755 5.8339045109512755 255 255 255
-0.06419393934910422 -1.9217342873303869 5.670575910837632 255 255 255
0.24264956299230148 -1.2376326785203133 5.347213696347737 255 255 255
1.322337375394577 1.1329858756091324 4.247210772404642 255 255 255
-1.0260223117232734 -1.6608086083121458 6.411270993758118 255 255 255
0.7617875681746923 -0.05698875852755905 4.80968915273652 255 255 255
1.1364392791782298 0.303215723019733 4.461339057735803 255 255 255
0.2863066637222659 -0.6890526676118719 5.25105756924844 255 255 255
0.16156236693574402 -1.1458519001850886 5.3860140836743895 255 255 255
1.2153426996099996 -1.4992940891005035 4.576302164443525 255 255 255
1.1768645131235438 0.46205310423514506 4.436142167178547 255 255 255
-1.5775269282436168 -1.919092756562901 6.896932650568145 255 255 255
1.056019073201782 -0.05880396476029716 4.5612592780693415 255 255 255
0.6559642715434528 -0.7738693648812732 4.961596634431626 255 255 255
0.7841174732096703 0.8817297682801017 4.718110042179612 255 255 255
-0.04061579789381679 -1.6795640212098282 5.6191870609278 255 255 255
0.6848545400652258 -1.366203810139433 4.9832476094626585 255 255 255
1.274693745848361 -1.3841096228684127 4.515145161059187 255 255 255
-1.2939225009491995 -2.0693019263365637 6.681652017506081 255 255 255
-0.766600893828121 -1.8089285676915514 6.2155049838425755 255 255 255
-2.6932406380505274 0.020001042700965095 7.636544518339169 255 255 255
-1.2751500506554643 0.3560216104199019 6.233280987798082 255 255 255
1.0225622963305576 1.203958669219812 4.395911768016586 255 255 255
-0.5922438826399201 -0.4581872562939699 5.57416222231655 255 255 255
1.0468116689472624 -0.8308554865051069 4.639179105517214 255 255 255
0.7947671528866302 -0.7056587863261574 4.830233058799982 255 255 255
-0.3585599562039818 0.2804451868061302 5.327846066508216 255 255 255
-1.7657468379389767 -1.082918340605165 6.980112335060143 255 255 255
0.41699051772428863 -1.5014180128909875 5.226123346155299 255 255 255
0.7325582617326026 1.0922672127826634 4.762566913540657 255 255 255
0.29831788602112136 -1.1560196941535772 5.287983489695023 255 255 255
0.8132387726479846 -1.5996409171319053 4.91637859271086 255 255 255
-1.0487641002165893 -2.1810146135044968 6.4863643134341835 255 255 255
0.12353808512639841 -1.8364121234298278 5.501317968815206 255 255 255
0.9601682662343665 -0.6145637549272684 4.692676553306003 255 255 255
0.9096321403348454 -0.7782484249567171 4.763083074236538 255 255 255
1.0896563958644465 -1.507477618003002 4.676806329482902 255 255 255
1.278415861581068 -0.33687487203530575 4.406932431676099 255 255 255
-1.564908815405002 -1.8394069528800732 6.873518191592284 255 255 255
0.5142665051123437 0.078422393936659 4.993236224904477 255 255 255
0.9104493857424465 -0.19611785847987187 4.711007947854538 255 255 255
0.43285028198864967 0.15654991697162274 5.053861890277123 255 255 255
0.5899971090337162 -0.13050342347263014 4.948907151687556 255 255 255
-1.4079193649271715 -1.4925517840146068 6.711667299193337 255 255 255
-1.2535728667867059 0.7104004707486736 5.819386579052944 255 255 255
0.3957886620858853 -1.0218019498225253 5.185395789304135 255 255 255
0.7798578801752828 0.7510225554294571 4.728955826376536 255 255 255
1.3430391906162205 -0.45621306499227443 4.422128566305186 255 255 255
0.7904840070303555 -1.1782911496653565 4.8870322887130015 255 255 255
1.2287626191627268 0.07204560723551176 4.413177023561242 255 255 255
1.2774363174562677 -0.40424579920906667 4.419013777966794 255 255 255
1.3331986800252091 1.2253931259419193 4.117335980744242 255 255 255
0.9810030782127859 0.9229993474487455 4.546799292512587 255 255 255
-0.9633851978297828 -2.1003748311921573 6.410381776224307 255 255 255
1.2155191032618147 -0.9396480907757466 4.516912622830036 255 255 255
-0.4095248921501317 0.22650882702296488 5.375711392916186 255 255 255
-1.9685437592530237 0.11908571428780296 7.003299397122602 255 255 255
-1.3701508721011162 0.7271649585396245 5.920505288026901 255 255 255
0.8026251519751492 -1.152887019277427 4.874566347215095 255 255 255
-1.234609415824465 -2.1009525210347966 6.645888927559883 255 255 255
0.541610225882213 -1.2857375158951674 5.116308763595439 255 255 255
-1.2211585036218566 -0.9994258782927143 6.52092481763822 255 255 255
1.055051712058894 0.12152948287125252 4.544949607456336 255 255 255
-1.6112531418281744 -1.9942003418383407 6.942056492034773 255 255 255
-1.4593231059145368 -2.1421124426439393 6.821630195421416 255 255 255
0.5169664763704775 -1.4460837960440662 5.164938948403522 255 255 255
1.2637838554110004 -0.19051574438430138 4.404458224324163 255 255 255
0.5834128945617887 -0.3936677595027113 4.975556096895401 255 255 255
1.0482921854957377 1.2445405210197147 4.360258502231754 255 255 255
0.9290413981258294 -0.8665843639063059 4.7414158387912035 255 255 255
1.182774599216089 0.9213119631231189 4.379149396168759 255 255 255
-0.21328737796125408 -1.8676978990699853 5.776744510500235 255 255 255
0.6774943656709682 -1.7758234878774335 5.04309258530152 255 255 255
1.1021374855579087 -0.32151115464299496 4.544818763792151 255 255 255
-0.3897439930809625 0.7476346992242454 5.111708151620305 255 255 255
1.0657902975754296 0.8424695958729399 4.480730947396363 255 255 255
0.8975376199732261 -0.020450696100181194 4.6903148431973944 255 255 255
0.5862196003170923 -1.656611250724605 5.103458602648185 255 255 255
-0.1633143955839794 -1.8546937505499606 5.726774529011844 255 255 255
0.11578886046082297 -1.4313906547810349 5.466723966390745 255 255 255
-0.12238495292885941 1.0579337301346008 4.827983842182311 255 255 255
1.146523680666463 1.0278837164463397 4.404008432897546 255 255 255
1.0448734760726308 -1.0326470573871411 4.661784815686187 255 255 255
1.2011116203096261 0.7957320177395858 4.376858571920912 255 255 255
-0.6776155956505606 0.642355020072119 5.345529806475022 255 255 255
0.9540282778541871 0.4946296721506505 4.59796688186931 255 255 255
1.053587106248893 -1.2650715010049176 4.67642134732267 255 255 255
0.6347187790896637 0.1931905294380833 4.878499162768442 255 255 255
1.0898036787851242 -0.10141836196486541 4.542734061272691 255 255 255
-1.4286225715490306 -0.432982779435807 6.608223754222625 255 255 255
1.172741077655055 0.938320345355869 4.388582234704277 255 255 255
0.7984587473813806 0.8952996760058798 4.705179918472089 255 255 255
-0.2476872415377581 -1.9593268913727317 5.810286513323212 255 255 255
-0.14462950781145673 -1.8483936938294778 5.715329374467732 255 255 255
-0.5392985955293299 -2.0104524477624004 5.95114279525926 255 255 255
1.2227373212691866 -1.1416741783576045 4.525443412637131 255 255 255
0.7693697759335025 -1.2237774088539746 4.907342521019506 255 255 255
-1.0635178949893467 -0.38032606899474664 6.038766610784296 255 255 255
0.6265032327634447 0.6378680093734186 4.866144203387235 255 255 255
1.0163332424633824 -1.466833568892404 4.73074759016724 255 255 255
-0.7376631039763025 -1.8890550710849046 6.223835475251349 255 255 255
0.6501507447406547 -1.3729322047867325 5.011376017007445 255 255 255
1.0855864969912872 0.9495144162032043 4.459790624882412 255 255 255
0.9070953494781469 -1.5775181424753746 4.837086873067573 255 255 255
0.3590139764508582 -1.475993687492981 5.26473256160793 255 255 255
0.8785166686588253 1.0500330182769617 4.6165451903057795 255 255 255
0.5859976865761393 -0.9105791925755035 5.0506015763409735 255 255 255
0.5721060468707718 -0.4507575196742998 4.989769885833435 255 255 255
-1.227967315162609 -1.502375947741959 6.5712310257653685 255 255 255
0.7517787479566349 -1.7358865454949644 4.9865867137178705 255 255 255
-1.1649721645920708 -0.09313962362354719 6.143940679032267 255 255 255
0.6147990580638245 0.9489627932326843 4.862219227707652 255 255 255
-1.6401594832605715 -2.2699652913238713 6.991422490768531 255 255 255
0.1501963272339621 -0.4726858261718374 5.350803718195794 255 255 255
0.35727024158759146 -1.4639903725436654 5.264685574447147 255 255 255
1.064079897536425 -0.8279203713124106 4.622814479327283 255 255 255
1.0543276358532598 -1.462375051876686 4.70448159438304 255 255 255
-0.5748726382060816 0.6427200323193488 5.266183864017462 255 255 255
-1.8844328342402623 -0.03792805483099036 6.986278318462372 255 255 255
-1.6226027768113294 -2.0169793158458185 6.941456716576094 255 255 255
0.48799085945691717 -1.6846779494704278 5.186113727032769 255 255 255
0.6849786161049508 1.1588073009827164 4.766057116291034 255 255 255
0.006769048828717308 -1.8070839342093 5.598067154616661 255 255 255
1.2515067892109006 -0.4028583495080929 4.434455224338108 255 255 255
-0.6796854253332112 0.7595286479272838 5.34090674820027 255 255 255
0.8923584788553311 1.2993032876405997 4.495088298029683 255 255 255
1.2208531560998903 -1.2898670732015458 4.553647640400105 255 255 255
0.5940116652261941 -1.6975251179119468 5.098042693521451 255 255 255
0.6541688444879186 0.7036052669918474 4.828063343128546 255 255 255
1.1559824376922003 -0.2070364853909178 4.493648644883877 255 255 255
0.030860529620089356 -1.039056712496307 5.482514247437877 255 255 255
1.1974688214640032 -1.4617647086765602 4.588364264916293 255 255 255
0.09457609933951025 -1.7475441701048795 5.503770454955209 255 255 255
0.8300909413793465 -0.38285259611167277 4.788582365884832 255 255 255
-0.6432837933478329 -0.4933613714964117 5.608087287816166 255 255 255
1.2229608390794628 -1.1232382505010463 4.537605945644733 255 255 255
0.9335774709303946 1.1612551261949215 4.53661331291553 255 255 255
0.5136836561093635 0.6990722369264099 4.9414603008242 255 255 255
0.6636749805988867 0.6104173689579784 4.82828718495001 255 255 255
1.2229087733633743 0.8169637149598734 4.364090003363633 255 255 255
-0.9883043999354649 -1.8077995638245268 6.396067070596679 255 255 255
1.1535337756680755 -0.15524029758681074 4.490232437844121 255 255 255
1.289079944759323 -0.5610268922994784 4.414895319088489 255 255 255
-0.6405424610382613 -0.4987271060718645 5.85407537190883 255 255 255
-0.21975613728530938 -1.7624101617692034 5.744791184990322 255 255 255
0.9695266582073789 -1.637169306335416 4.788673883240816 255 255 255
1.1814893609621553 0.9142217736460025 4.380131095318232 255 255 255
1.1774036695937649 -0.9089938359792717 4.542490430396694 255 255 255
-1.1789553034675175 -1.581196404340152 6.534960871621421 255 255 255
0.7914283614166089 -0.02912165754728883 4.794079162292018 255 255 255
-1.440593558214359 -1.135584364868658 6.701827119671688 255 255 255
0.1465039647417789 -1.4484999993462613 5.435579595542429 255 255 255
0.6473479080638226 0.6576798624738397 4.833424322776028 255 255 255
0.49028531281131704 -1.777710510347282 5.200525329368848 255 255 255
1.0058193107849192 -0.9116761455590813 4.687042973988096 255 255 255
1.3487832089198637 1.2140792084055985 4.130501189464093 255 255 255
0.5201713287334871 0.508046848717644 4.946600388121437 255 255 255
1.1991121569756553 0.041839977167519804 4.445089488626888 255 255 255
0.35246013104083257 -1.8308209455444735 5.309683475095766 255 255 255
-0.6667373249957673 -1.9155595150851215 6.154443893592888 255 255 255
1.2623080883730275 -1.3839887830495947 4.523069141511481 255 255 255
-0.6979675271298832 0.7153131082031423 5.356870645640317 255 255 255
0.926900057954299 0.9344935600982515 4.590174315562144 255 255 255
0.8629229009167935 0.19034496944631335 4.701020620462473 255 255 255
-0.2190449758118722 0.7911960176993915 4.8096760780729335 255 255 255
0.5848548633691825 -0.35396810274501733 4.985785192840297 255 255 255
1.144938425887779 0.6976211127980361 4.431726458768795 255 255 255
-1.5593167069584788 -2.055318142985844 6.893344671267578 255 255 255
-0.6113330879954121 -0.47459961627312597 5.587264031926772 255 255 255
-0.19978730066672093 1.2553987231198072 4.797823719897868 255 255 255
0.1642484459475226 -1.5742352868905134 5.441033495718776 255 255 255
0.21606983725584064 -0.7826783591085568 5.302573336589264 255 255 255
1.1333902348419735 -1.353507188018531 4.624031087867019 255 255 255
-1.8608421112203148 -0.6866675796848982 7.0007926305084025 255 255 255
1.1413057371702304 0.8279691577649536 4.425748815270082 255 255 255
-0.5051543527601068 -1.9936596372629678 5.921512121640023 255 255 255
-1.9938888541216124 -0.7016072289821643 7.1658877668570575 255 255 255
-1.3131844472010186 -1.7749281739260554 6.670836866564802 255 255 255
1.272283540225328 -0.4784591521119457 4.427021451162394 255 255 255
1.0428312052211075 -0.5080887989497734 4.615409810331706 255 255 255
0.7062895266788981 -1.4445082565670222 4.9777494772502 255 255 255
-0.6387302690922732 -1.2598964606635272 5.480339764990405 255 255 255
1.098563773060443 -0.9024723725641689 4.607494903290666 255 255 255
0.9644184972845574 -0.4289157861287348 4.673988803566871 255 255 255
0.7378073088948977 1.0278919456524989 4.738095225446803 255 255 255
1.25075514278755 0.16052705939726888 4.384414706273815 255 255 255
0.25641857302344184 -1.012031037573968 5.305208830876208 255 255 255
0.3285506818192135 -1.2387774029220209 5.277675149651059 255 255 255
1.1996880137006558 -1.6120470116454275 4.604833364488062 255 255 255
-1.8246036377511445 -0.6553304245772522 6.978164103785533 255 255 255
0.8833338286975481 -1.3125942308952714 4.824214404665681 255 255 255
-0.13434361465390382 -1.9393296992692437 5.717328258505905 255 255 255
0.7517787479566349 -1.7358865454949644 4.9865867137178705 255 255 255
0.9873572829270458 1.157501170909957 4.500230687612342 255 255 255
0.6919272978451517 0.7429725115491551 4.787087403453792 255 255 255
1.2066775845068811 -1.3724509900781678 4.560163822872565 255 255 255
0.60313277561561 -0.12427758989037821 4.933090027168385 255 255 255
1.1384485894937306 -0.6227952880111512 4.541130115741322 255 255 255
0.3125444631538871 -1.2911780072552064 5.284049958965791 255 255 255
1.014655891392774 0.5926026553856191 4.55246154988321 255 255 255
-1.433797590637012 -1.0421302030327622 6.686714511401717 255 255 255
-0.8733624642511689 0.4536710948543835 5.747360060843693 255 255 255
1.0532427850698463 -1.325765987704717 4.702272466056256 255 255 255
-1.2382957178640464 -0.004796817575227814 6.130383807038116 255 255 255
-1.0501133835519199 0.23698598602049223 5.968271917583284 255 255 255
0.47175904122296647 0.13418231547635628 5.016350968542483 255 255 255
0.8765587020377561 -1.6051820787706557 4.865867994750673 255 255 255
0.9055255763648323 0.27183899898486014 4.6599894543796685 255 255 255
0.42534597525496065 0.33213555972318964 5.045858925899883 255 255 255
-0.004547559799072446 -1.582301738024946 5.578762247590412 255 255 255
1.2654737584647016 0.06006289619746545 4.372165003397207 255 255 255
0.10712768124504503 -1.3417485194401537 5.45104759925535 255 255 255
0.7064332101215063 -0.012469079693277568 4.848704463935288 255 255 255
0.6365313795848592 -0.5420180795695803 4.9752242413225325 255 255 255
-1.2362739506748488 -1.7505261235233327 6.591159687889502 255 255 255
0.8810837775950184 0.033608330726002604 4.6963967589449975 255 255 255
1.2117258008613594 0.7996922737658416 4.369429554072746 255 255 255
0.5875813534922496 -0.8425986825861661 5.0175551437399655 255 255 255
1.2207094034316146 -0.7465703986648037 4.489981766162207 255 255 255
0.07610048863088557 -1.3536989971558604 5.47359091101372 255 255 255
-1.7815696995582122 -0.7527675474490442 6.944247670231997 255 255 255
0.6159085083725118 -0.5447016239709097 4.996245123637267 255 255 255
-0.4430915294723879 -0.6372836744661666 5.330485532278476 255 255 255
-1.2689977888584383 -1.621989205940059 6.613452429046719 255 255 255
0.8733172847714256 0.08336984452037974 4.693864024857455 255 255 255
-0.136483182482191 -0.6371486868954536 5.210535688291044 255 255 255
-0.974194227267785 -2.0849212607048635 6.415301068857465 255 255 255
0.9572904834255226 -0.8978625437021978 4.736666465910824 255 255 255
0.29636438753967237 -1.193694006626522 5.282102082621851 255 255 255
0.8788402224976053 0.6529103176756074 4.652790607158028 255 255 255
-1.5782621633172291 -0.1297486527975938 6.727691924429942 255 255 255
0.8059023143593953 -0.8009695738183877 4.846346540380077 255 255 255
0.7350159723177827 -1.1382910359470242 4.92292082757748 255 255 255
-0.9629062000009442 -1.8776336417366988 6.390651402824432 255 255 255
0.6320396376786513 1.1614007031696512 4.824180348186468 255 255 255
0.720421229217386 -0.03904310828940855 4.840278913828417 255 255 255
0.1305021199931066 -1.4619936089335466 5.455580178919343 255 255 255
0.5256681618824569 -0.9521734147367277 5.083055032356201 255 255 255
1.060743730025844 0.46649450368139617 4.513923924012909 255 255 255
0.7808339743538306 -0.9825427660638714 4.873625707962069 255 255 255
0.8614670623121921 0.07567236226730871 4.707550784413023 255 255 255
-1.9337833873035133 0.8489981855698465 6.960423950909252 255 255 255
-1.3102628570358488 -1.4619643624522571 6.631088923850716 255 255 255
0.16045071860693838 -1.8314233642656825 5.470228439934158 255 255 255
-1.2772562913216694 -1.476903311524467 6.598836072030039 255 255 255
-1.3957018356250328 -1.3000579582040528 6.707041002989961 255 255 255
-0.36414755876745986 -0.7403631045567055 5.383840288533647 255 255 255
0.23673356774463505 0.6670877331527268 4.709469431888934 255 255 255
0.8770420865176771 0.2841166468286333 4.6908082778820575 255 255 255
1.0019752371881194 1.0520504837913547 4.523206424748719 255 255 255
1.065530536654935 0.5378424868991236 4.512857232772584 255 255 255
-1.4366673470663802 -1.5331398410316655 6.739664642192496 255 255 255
0.3688861116454479 -1.4942661179108887 5.259665879948757 255 255 255
0.5791672758690652 1.0446119201797721 4.865827222676356 255 255 255
0.6795525651580501 0.30415219410559435 4.865469746208115 255 255 255
1.131872543633306 0.9150483486464432 4.421591080173674 255 255 255
0.15682613285742275 -1.7501179047990845 5.4640846757670625 255 255 255
0.5504484666653398 -0.050673205894200636 4.976668257113068 255 255 255
0.6624527636242639 0.9727936875445865 4.8123692052438845 255 255 255
0.6996711088743052 -1.1293192150956117 4.966140532540791 255 255 255
0.9659742571618578 1.2147198763855191 4.432001136416178 255 255 255
1.1088682411795299 1.226571517520879 4.308045699232635 255 255 255
0.6673486744090615 -0.5427157586378223 4.937866064402304 255 255 255
0.6983968964087424 1.2303537942441207 4.653587928201246 255 255 255
0.3219730065948637 -0.9772634550093204 5.247004932324579 255 255 255
0.4293412917871866 -1.0446154476067555 5.1706957553441955 255 255 255
-0.5350597951161041 -1.7455403323506555 5.94192447110822 255 255 255
0.9526071214317611 0.968935132564209 4.565052201111552 255 255 255
1.2129406407153938 -0.6426078590938532 4.492019842275678 255 255 255
-0.3086849590703874 -1.840348505635829 5.840337031332543 255 255 255
0.7094760733521353 -1.7704870882778807 5.019835008197652 255 255 255
-1.9615251785026155 0.07097335740313497 7.040563224254111 255 255 255
0.724906664328773 -1.705591660020451 4.999446461055262 255 255 255
1.298209528404582 0.8210546511817579 4.285811918343442 255 255 255
0.8901195824152756 -0.034297921936132625 4.706636071268088 255 255 255
0.6878585830637128 0.3360400887931307 4.818155056208736 255 255 255
-0.44644323843363853 -1.876955843347527 5.865009242236644 255 255 255
0.13687587805548673 -1.313569686297578 5.429930181530827 255 255 255
0.4356126136030334 -0.34432751798950123 5.089167977947796 255 255 255
0.6278497811874602 -1.13423058675617 5.016018950100283 255 255 255
0.5891997758617732 -1.328323304310967 5.066750970203953 255 255 255
0.2867830395292626 -0.9833979972353838 5.267275615626079 255 255 255
-1.919511470832007 -0.8353236972333072 7.093322588963282 255 255 255
-1.3084364432562277 0.8799257052498485 5.751470189082884 255 255 255
-1.5510585818645715 -1.5251616961549548 6.841461476475996 255 255 255
0.9974959900132089 0.868415593191674 4.540101381853332 255 255 255
0.5944844282310907 -1.6803033339549096 5.100241354138566 255 255 255
0.6235092545720814 -1.379809365297938 5.043823178654156 255 255 255
0.9844200957230808 0.04604831015122144 4.608846374962133 255 255 255
0.7338082665179215 -0.6952079545225548 4.89043738267118 255 255 255
0.8153039781235973 -1.1039420501015222 4.85869489603356 255 255 255
-1.683465958023566 -0.7185353710552594 6.862959865122856 255 255 255
0.26859763288985106 -0.8925529149512084 5.281681215310797 255 255 255
0.7261215275750977 -0.3629943703011347 4.85941774052301 255 255 255
0.7525717513917446 -0.03437493029998124 4.8145677895229495 255 255 255
0.12838306999478313 -1.6101476712291367 5.470978280191689 255 255 255
0.8446528843839871 -0.6033328306387171 4.777878023366799 255 255 255
-1.770941460904383 -2.3503463310350465 7.115531944087975 255 255 255
0.25051098339394534 -1.3558656956612691 5.341899102970579 255 255 255
0.8785850401982854 1.0110528856272205 4.6191789636835985 255 255 255
-0.890064683025013 -0.0862516544845456 5.773863365313779 255 255 255
0.9302735758845181 -1.2522449823185922 4.7757284808475795 255 255 255
0.9145207899764739 -0.1794986176815595 4.690919966777952 255 255 255
0.8031328998800851 0.9626365772268676 4.68101945540099 255 255 255
-1.7739141560140461 -2.308012547027812 7.113293312301801 255 255 255
1.3369412016712758 1.0531947277096652 4.262280780228822 255 255 255
1.0768568120430828 -0.8932666805117345 4.631319322154831 255 255 255
-0.33816301497505213 -0.8422375836248929 5.384415339520957 255 255 255
1.1370716600490773 0.9316876346932208 4.41733963607619 255 255 255
0.6892461596722108 -1.7425762490638343 5.029983997040724 255 255 255
1.1097533466346672 -1.435534722508129 4.653171357138757 255 255 255
-1.7314787221887804 -1.2939534439448461 6.954689359720555 255 255 255
0.6696446248710878 -0.74440821685512 4.944692841862893 255 255 255
-1.5032191008264053 -2.3476134438478615 6.881529243960513 255 255 255
-0.24569937828682942 -1.910924136937167 5.808836498111707 255 255 255
0.5923811705670894 0.14428755577277638 4.923473591147426 255 255 255
-1.9856324302050818 0.09362548217871956 7.056089982468497 255 255 255
0.475028489552197 0.3091881074680022 5.008673247096119 255 255 255
0.5362866294679635 -1.1856654122402146 5.11177126932542 255 255 255
0.750815615606012 -0.7241778978982873 4.8819551957498035 255 255 255
1.0806061270430798 -0.4840122552408098 4.582840460526371 255 255 255
-1.1896145702396743 -1.9411491905092175 6.576770477734978 255 255 255
0.7863419921676925 -1.1949463446838007 4.890728958990711 255 255 255
-1.3663734834534194 -1.5753427354325182 6.696692813340366 255 255 255
1.145449985764481 -0.05764475007763635 4.504126928480673 255 255 255
-0.2069631710034923 -2.044916254360632 5.794850085106025 255 255 255
0.7367568886528553 -1.280320755463616 4.942827795571819 255 255 255
1.1063528084141292 -1.6089887020039364 4.682570432717767 255 255 255
1.0831372449555305 0.6333317072141392 4.480500832823745 255 255 255
-0.9788179788872524 -1.8015788240998643 6.392887542003793 255 255 255
0.6617496018210169 -1.6327565239741462 5.046935735792187 255 255 255
0.1921040172304882 -1.7192192435625746 5.427804039962213 255 255 255
0.21051093975463592 -1.017264640724549 5.335752198777036 255 255 255
0.4132610231136786 -1.589899846146394 5.238158158071759 255 255 255
1.0241677303665322 -0.06781365504256964 4.593807518814323 255 255 255
1.1597464029072615 -1.0280277917478058 4.557757349179564 255 255 255
0.8991790745289141 -1.6114949969101189 4.849212741049684 255 255 255
-1.5057003440868024 -1.0169991494359485 6.743557860121439 255 255 255
0.9482188239665157 -0.5995720262381455 4.695603244673175 255 255 255
1.003078477321289 -1.2204809756306998 4.719616174645605 255 255 255
0.7796322303371851 -0.19993577678248808 4.8273637377409395 255 255 255
1.2848411054063473 -0.6566547968516578 4.432371789697757 255 255 255
0.12070507835013092 -1.372688935200953 5.444900854037215 255 255 255
-1.6923120034266823 -0.29053580981934896 6.850576241412462 255 255 255
0.9089595726597427 0.5340679987476954 4.634286596785754 255 255 255
0.4800608203720259 0.5100485365213846 4.9727117235515905 255 255 255
1.230653372245668 -0.32552105781236446 4.450178820710551 255 255 255
-1.7818154270569952 -1.2088504351342677 6.991929230244671 255 255 255
-1.4150097802668509 -1.559878898183173 6.732632108095066 255 255 255
-1.785645468712362 -1.409825817379433 7.006260262922446 255 255 255
1.0340218442760447 -0.7415630948206301 4.651567862680921 255 255 255
0.7455865672365064 -1.3487946637460675 4.945700282742575 255 255 255
1.1057794173941604 -0.8017857493031166 4.5959606379088385 255 255 255
-0.5440798470057702 0.6322393642205136 5.231012176211319 255 255 255
-0.26496026397521855 1.286480040128055 4.724449502863203 255 255 255
1.0638425466825763 0.9520963804131423 4.479897210266781 255 255 255
1.1123310662321912 -0.9588430970663742 4.610804007994063 255 255 255
0.6568322343871549 -1.0056801067661463 4.977388846302273 255 255 255
-1.0234416544735563 0.22445297730375918 5.971726596087857 255 255 255
0.39522699599443045 -1.3427092924296653 5.23257735632279 255 255 255
-1.5633325725008882 -2.1671591163239157 6.911517956062074 255 255 255
0.7379739819072867 -0.4774348388223031 4.86421936969418 255 255 255
1.033484222748947 -0.46732722088332224 4.6246513470867745 255 255 255
-1.2639479821244526 -2.3628306305878377 6.694350362293014 255 255 255
0.6115401613480264 0.3629473053147534 4.900152260386824 255 255 255
1.2060969934754313 -0.3755522658032839 4.471242611485695 255 255 255
0.957133463934214 1.0704591992079262 4.560894872740635 255 255 255
0.27954018459486535 -0.768074461921915 5.261428126961602 255 255 255
0.9567898038143098 -0.6521426914226364 4.69631758951826 255 255 255
-0.3834266728732907 0.01136201155431499 5.361403790834909 255 255 255
0.5677061735356248 -0.41433802824038846 4.995362875737867 255 255 255
0.7239169062426677 -1.330271962812286 4.961893045669893 255 255 255
1.1291570126169845 -0.1474522488834692 4.5127090989355585 255 255 255
-1.8856430209613977 -2.506748934479125 7.211011597724713 255 255 255
0.811673249135061 -0.6197088062604077 4.810444967039749 255 255 255
-0.11271622044521694 0.6701675423491926 4.8706859308035275 255 255 255
-1.1547937664192245 -0.1027259052987871 6.141198004788218 255 255 255
1.0707313883379341 -0.8387185036399883 4.628219163498131 255 255 255
0.9568919275281457 -1.4373429772868713 4.777060357316972 255 255 255
0.4174664822923114 -1.350864468830891 5.206766648951583 255 255 255
0.8865151478958401 0.004941869885376663 4.702061880400033 255 255 255
0.11155674873805578 -1.637329011775766 5.48499475939498 255 255 255
0.5887866706615845 -1.3005510331826584 5.073177367587758 255 255 255
0.10919186952560561 -0.7800151139102826 5.29046171096961 255 255 255
-0.8601782525582365 -2.058160243987039 6.32964248097819 255 255 255
0.05631083556083638 -1.9505907152051993 5.570740419066306 255 255 255
1.2054176826512664 0.08965311809264281 4.431184352806369 255 255 255
1.0304752793991199 -0.12592198196331528 4.590875720019759 255 255 255
0.6897232247154328 0.14270060001552878 4.839331341795309 255 255 255
0.23968444816219442 0.7334448447109607 4.7114463214939795 255 255 255
0.7320308203972783 -1.5337650974332133 4.976415835215398 255 255 255
-0.45983576455241915 -1.2153918231326977 5.228509583231752 255 255 255
0.9829403702545038 0.8783348847443166 4.56187819511049 255 255 255
0.18384443999673677 -1.4442548878142036 5.414159799102282 255 255 255
1.0784874297221425 -0.5291318207953984 4.585143891543495 255 255 255
0.3649283761210811 -0.7610039296365789 5.18285410426538 255 255 255
-0.8888389959285786 -0.7541940902796413 5.690314778607757 255 255 255
1.3465708310353153 -0.6785895794679621 4.428112637388435 255 255 255
0.7264712944500857 0.7992009851927317 4.774438048876823 255 255 255
1.0681730391433282 0.11262230387262591 4.52030123062143 255 255 255
0.5249000637246606 -0.8647763697121863 5.066185207927808 255 255 255
1.1594005803317964 0.18097500595581872 4.461576816383519 255 255 255
0.6712499120154879 -0.6100277883874672 4.923404088591813 255 255 255
-1.6290354726485439 -1.0448469920530852 6.850536105613725 255 255 255
1.0024154114970552 1.1543111216991828 4.485897859395225 255 255 255
0.10519177260031899 -1.1360021276637675 5.431912308596525 255 255 255
-0.8590818762405281 0.16858682851337742 5.752352858792256 255 255 255
-1.4504629717126418 -1.7813793248995213 6.783069765153328 255 255 255
-1.8749238089741254 0.8765447013834087 6.913030694242911 255 255 255
-1.7818154270569952 -1.2088504351342677 6.991929230244671 255 255 255
0.9741680201852266 0.89683100269886 4.556601265150124 255 255 255
-0.7270977596119436 -1.9603308347509283 6.197955335355192 255 255 255
-1.381054140226347 -0.5964294117912501 6.6107508043793475 255 255 255
0.6169340208238192 -1.4390866666594058 5.058241490839802 255 255 255
0.26470725693159836 -1.007653645784862 5.295676572470184 255 255 255
0.5485615025744701 -1.0913172337202115 5.079218744928762 255 255 255
-0.2491092805429071 1.2432033503538544 4.741957037663339 255 255 255
0.9864768443787595 -0.09999848479357686 4.624578454417394 255 255 255
0.6617362991737508 -1.400186222731388 5.011821777026994 255 255 255
-1.0948717527782044 -2.008319112353091 6.51523070878351 255 255 255
1.1868505959782996 0.1598620934110494 4.437832151142291 255 255 255
0.6032438379833105 1.111211334840051 4.85590629208816 255 255 255
1.1598816688743667 1.0213333174145973 4.39489328907611 255 255 255
-1.7194790944057374 -1.8666584317918697 7.014938046849027 255 255 255
-0.725910678732358 -0.46298259683964005 5.678222758314595 255 255 255
0.8736906749446773 0.19890117202747126 4.692264328196484 255 255 255
-1.5487370734457269 -2.044428329641316 6.886107628108638 255 255 255
0.3528444370769027 -0.9451316490314109 5.235364491164949 255 255 255
-1.6450510712749826 -0.3563475593384969 6.80267184454442 255 255 255
0.5411069654392727 -0.49756589431510145 5.012343227547048 255 255 255
-2.3654978760316085 0.8826798793589756 7.263836450852886 255 255 255
1.0232104840129257 -0.8517095797800079 4.6686231444366 255 255 255
-1.0372180571081684 -2.2711213255886467 6.492820590659819 255 255 255
-0.2898924764115752 -1.6884234785608376 5.817787588782572 255 255 255
1.1201060306646131 -1.5999983111085663 4.670894263644553 255 255 255
-0.40955773114432054 0.22624954658143628 5.375337148207139 255 255 255
0.5903952720802094 -0.272718046607391 4.974505847372452 255 255 255
1.104216167094483 0.15777654713072664 4.511224993809718 255 255 255
0.20876064432841296 -1.3452991903811742 5.366815601730817 255 255 255
-1.7441528760656035 -1.7176679148295317 7.011561301938677 255 255 255
0.22282881407758323 -1.8913565351904067 5.424413074636776 255 255 255
0.4758799247516558 -1.1789243833212335 5.150916794162544 255 255 255
0.09407561753913288 1.0475814869632287 4.662913653206203 255 255 255
-1.3847646008486423 0.6087603614457074 6.097092967713329 255 255 255
0.5371222024630423 -1.2052176195137323 5.091209988722958 255 255 255
-1.5919945968686364 -2.0308148801924024 6.924024288073683 255 255 255
-1.260953401663602 -2.1125544588396035 6.65463849921714 255 255 255
0.9288628842928375 -1.1513711956615331 4.787091198136391 255 255 255
-0.2130451208442726 -1.622154472277723 5.748120953875046 255 255 255
-1.199007492780573 -2.08518242575202 6.604370306774849 255 255 255
-1.2805791369002562 -2.3337012455904977 6.711031067281359 255 255 255
-1.7496214778642942 -1.2417980108389015 6.9825050232446335 255 255 255
0.8915940013665025 1.1178612276124804 4.613910511340932 255 255 255
0.5585258214108589 1.2574062079055857 4.768504036247904 255 255 255
-0.22502760999012253 1.223565597325342 4.767568266219852 255 255 255
1.0119312364759487 -1.2893918268291136 4.718055848481526 255 255 255
0.5210256719478163 0.5833345582049067 4.943178991125384 255 255 255
-1.8176268912629772 -2.074027157343081 7.116355434867982 255 255 255
1.0040344729889232 0.5036513716792067 4.567383786027079 255 255 255
0.7473497694246464 1.2400672830007975 4.607997044845674 255 255 255
-1.9642880488418228 -0.2288339855766862 7.049430767276404 255 255 255
1.2709974712166288 0.18688378454460677 4.369060479219914 255 255 255
0.585308870393202 -1.1881886962706962 5.051950869030525 255 255 255
-1.4854561451045063 -2.157283176160571 6.851941031205839 255 255 255
-0.1441984657959123 -1.902876183379843 5.726503084499845 255 255 255
0.8654151361806941 1.2286717222379129 4.51802954761857 255 255 255
1.1410543088940075 -1.622409952958049 4.661609893925904 255 255 255
0.5759037766248051 -1.6783916019993668 5.124525103664283 255 255 255
1.2710717702128933 -1.1447111787199595 4.492973600256119 255 255 255
0.7987926664597944 -1.708475545336425 4.954976417436548 255 255 255
-0.21149164645182844 -1.6759450353814105 5.762665468190063 255 255 255
0.6303935221824676 0.507889344942263 4.8614782167702595 255 255 255
0.8975643927332809 0.2337551255807464 4.671656114278588 255 255 255
0.746456998299944 0.7873809218926368 4.736589695395015 255 255 255
-0.13748679762263114 -1.698224619587086 5.7005031013219964 255 255 255
0.01247918933307894 -1.2038429727199897 5.495880612291892 255 255 255
-0.5691603828811278 0.3181708824819128 5.412282215621277 255 255 255
0.6279523306813009 -0.7960142369079406 4.980238719655803 255 255 255
0.7924893159752137 0.9494750573251564 4.6981248752085545 255 255 255
-1.497916547557007 -0.7516485222397272 6.7122014763963636 255 255 255
-1.783206543595504 0.24198624704751945 6.915574781620402 255 255 255
0.8368330546330873 0.47178911110876576 4.706600633489302 255 255 255
0.7871604973300753 -0.27658322133711316 4.80041124102491 255 255 255
-0.20464930352555866 0.33950861616730243 5.340571110237904 255 255 255
-1.3399137395677205 -1.3158009466524847 6.643174690024406 255 255 255
0.33736509664699404 -0.5139168529024926 5.184948428520898 255 255 255
0.035305315189081775 0.9818346081184594 4.712018445313035 255 255 255
0.9234137450804696 -1.069230728718683 4.755958176209834 255 255 255
0.3130011164013695 -1.6533960523717994 5.319195409465222 255 255 255
0.6275647927158106 -1.7472837951612434 5.088151725060547 255 255 255
0.5088800246506769 0.7590006057449019 4.938948117850329 255 255 255
1.2066775845068811 -1.3724509900781678 4.560163822872565 255 255 255
0.6847515678964085 0.048016593406694355 4.858456380425809 255 255 255
0.9448933710743536 -0.6973916038773614 4.708548641002964 255 255 255
-0.18273843116029448 -1.7931975805860685 5.737838592879018 255 255 255
0.9921409741144371 1.0159432906125168 4.5346929416874 255 255 255
-0.7842956016608855 -2.0184629950920665 6.262784055761128 255 255 255
0.9666085281815735 0.041639915729010164 4.620627390966276 255 255 255
0.684399865220422 0.7982975848740471 4.799442855780454 255 255 255
0.02777169043309528 1.3221932960493938 4.628393363614971 255 255 255
0.1346377968919493 -1.8998620908146837 5.49482399465871 255 255 255
0.8202919373769727 -1.4171412719354914 4.887164484456251 255 255 255
1.2012734236731761 -1.3096560998395754 4.573441377983995 255 255 255
-2.015455711128988 -0.8014830976022047 7.1492015569851075 255 255 255
0.7144096302296586 -0.4429658647768545 4.878013453843197 255 255 255
1.1007309534689422 0.4346571195979756 4.483701254433222 255 255 255
-1.5042957299291584 -0.2987330431692706 6.689330350457228 255 255 255
-0.6299005369811056 -2.1068258379173197 6.1405958750183744 255 255 255
0.15483632905124423 -1.3058899965441215 5.408492580201306 255 255 255
0.557486509548132 -0.3328277856455391 4.998231899283988 255 255 255
-1.9621018657737805 -1.0517219467990402 7.127684521631301 255 255 255
1.2807262990941897 -0.38987352217021815 4.409435619767318 255 255 255
-1.8658019111042319 0.5809597595206686 6.923458128199436 255 255 255
0.5793885789395925 1.3512579720723144 4.737574220514793 255 255 255
0.5606066240722746 1.0773103220657612 4.906509139067043 255 255 255
1.2885253021468341 -1.258001966569463 4.48968351423419 255 255 255
-1.6574651963739633 -1.284308685582749 6.895552984996581 255 255 255
0.08552451732505827 -1.7772396549726142 5.518386496626503 255 255 255
0.8534462235840512 0.9820468694135803 4.645975194814584 255 255 255
-2.0052203295873303 0.7016022302935928 7.0129580890184124 255 255 255
0.6546182168543746 -1.2131712027513215 5.0131694282679895 255 255 255
0.9961328030482401 -0.462247747327981 4.653046663639169 255 255 255
-0.16877280487099144 -1.5051796890529827 5.705761376803801 255 255 255
-2.0123954853403756 0.46768755290282504 7.043861391718081 255 255 255
-1.7083434484525728 -0.45026976433948146 6.855607168738082 255 255 255
-0.6733913224854451 -0.9640611348934613 5.560681359478687 255 255 255
0.18198106512145315 -0.8547479519221546 5.354415918136379 255 255 255
0.23772511529453194 -1.2706801485915273 5.336609336339132 255 255 255
0.30408239815807253 -1.2717018432059186 5.290909935122462 255 255 255
0.9465496635994425 0.3813367886347129 4.604759428586967 255 255 255
-0.3948002832719417 -0.14721099581488128 5.378278316492546 255 255 255
-1.328548860907758 -1.4666661754868826 6.643675916978751 255 255 255
-0.6981549939114061 -1.9600354153715793 6.172173318541865 255 255 255
0.05857693976742521 -1.6341557785276057 5.529766292384032 255 255 255
0.2944899571756829 -1.4463217861624345 5.331773167867055 255 255 255
0.5278073542998191 0.8309811447454745 4.922120871276981 255 255 255
1.0214042798307505 -1.0127478658148419 4.677930099472996 255 255 255
-0.2776479830496423 -1.955997225932049 5.842002304527484 255 255 255
0.9900241240425975 -1.1342971274070677 4.72388343350567 255 255 255
-0.7997757581941591 -1.8761982612727055 6.267122550579454 255 255 255
0.9315354652456197 0.865095714174048 4.596698172015366 255 255 255
1.0945718296271176 -1.281133299820353 4.654303058644717 255 255 255
0.3790764834038732 -0.4404270510069341 5.147894782155974 255 255 255
-0.8926761801400463 0.37326920816653675 5.770370032007535 255 255 255
0.2584299406445006 -0.7981641207367461 5.281640871950783 255 255 255
0.3459995340118531 -1.820938931236476 5.314364469580581 255 255 255
0.22097790842718432 -1.4261735551307588 5.377279260096679 255 255 255
0.7782676114492316 0.7071716654785517 4.729211058668724 255 255 255
-0.48189319957570814 -1.0393318415269435 5.406876037228732 255 255 255
0.8987367530362889 0.7998546669273994 4.619088560793729 255 255 255
0.030206340755154347 -1.0725312955831707 5.485813497214509 255 255 255
-0.9381326593526769 -2.013089038790145 6.384182238249983 255 255 255
-1.959084647898474 -2.1889107422742935 7.226021260501098 255 255 255
-1.828382390837064 -1.846974890723666 7.100016970758752 255 255 255
0.9713894487972472 0.777308608072275 4.584844098310116 255 255 255
-0.9328029459380054 -2.069970425789347 6.390545023780659 255 255 255
0.1260699940118587 -1.4447730470976703 5.461297353450932 255 255 255
-2.367559262573753 0.8171565615828978 7.270676258810539 255 255 255
-0.5488759467183406 0.41805783059923357 5.432463012524933 255 255 255
0.9143815477257484 -0.9924571097143999 4.7647096905625475 255 255 255
0.1891764672272203 -0.731337547004783 5.321083849107775 255 255 255
-0.784659546088759 -2.032650049249075 6.255121726430657 255 255 255
0.6379946981912078 -0.036116024527603346 4.897373538886849 255 255 255
-0.8305975482498806 -0.32322542434589835 5.745463718034421 255 255 255
1.2133430326581476 0.17919181907472367 4.412310382545505 255 255 255
1.1644545688411811 0.3114415285219045 4.434826042477264 255 255 255
0.13605382450410386 -1.3003246267150792 5.430861835515566 255 255 255
0.8246698678116402 -0.7454130275605623 4.816320898092009 255 255 255
1.0192357590096168 -0.4514806887028122 4.636482418079157 255 255 255
-0.7487064946655573 -2.030037263205236 6.241520035091269 255 255 255
-0.3549812155408299 -2.0577410726070666 5.9061473774827755 255 255 255
0.7182052096626722 -0.20216496689139943 4.851228310506604 255 255 255
1.2486795349971858 0.5078004049775999 4.35943717259731 255 255 255
0.8437044538547013 -0.34075819791933926 4.7609708556882 255 255 255
-1.8973094942413538 -1.5573223339504911 7.107615426223654 255 255 255
0.883129735272681 -1.2333459326265668 4.800050425216756 255 255 255
0.11794597596714278 -1.5919378540448321 5.474605672866471 255 255 255
0.8309166857382158 -1.4015626637635934 4.872752112158829 255 255 255
-0.4582740867459418 -1.3569114657292467 5.505114020934253 255 255 255
0.3373933535824169 -1.6588605580133409 5.305091641166443 255 255 255
1.2733870165248584 -0.1594492513699488 4.392778626264358 255 255 255
1.0155932174991802 -0.963956832532288 4.6786917154990295 255 255 255
0.5203998343943395 -0.8416208154305941 5.0685014337249 255 255 255
0.589026289976534 -0.5272285287530725 4.994615159319815 255 255 255
0.9489473175770717 0.9888991022028577 4.5646461394317805 255 255 255
-1.5725811803977832 -0.28357785011164166 6.744053591573786 255 255 255
0.6892527584899435 1.1290746658906226 4.786011580559054 255 255 255
0.8985512080782667 -0.112928307910493 4.698265278542687 255 255 255
0.9438833358168176 -0.7148328726671271 4.7115581533556 255 255 255
-0.40465063480100555 -1.8638662862125033 5.832605619223691 255 255 255
1.2900660174690053 0.43060613671268105 4.328011455678532 255 255 255
-1.3651371935347778 -0.9631261949758949 6.625444704821903 255 255 255
1.151418674266331 1.0832913405386508 4.397619519776362 255 255 255
1.0910988993310622 -1.4224422162221764 4.669884330414812 255 255 255
-1.3781400390018008 -1.1443231860205845 6.647742751439585 255 255 255
0.14501502673219024 -1.1400323019533412 5.395405538890517 255 255 255
1.025684022249206 0.1888132451803191 4.574271390786539 255 255 255
-1.5803945210762895 -1.543529651095944 6.849384400645194 255 255 255
-0.12686339371492517 -1.8890587444806382 5.704110535140529 255 255 255
0.4806218880267474 -0.8987345223483045 5.115235531011045 255 255 255
0.5962811002975787 -0.9594530109522756 5.022515375200134 255 255 255
0.9926575014891789 -1.6145095060719077 4.76437231176959 255 255 255
1.2539724294089618 1.3549415446168516 4.172407849147955 255 255 255
-1.644377238288666 -1.7371977088336201 6.936420735314763 255 255 255
0.651377184697058 -0.199579521990841 4.922486547000533 255 255 255
-1.8892625436989452 -1.6020845357498814 7.124668415868735 255 255 255
0.806087234381318 0.11623239969558845 4.755734391750174 255 255 255
0.23308158684546823 -1.0131428503020743 5.314031611569722 255 255 255
0.8806683738596152 -1.1250586100575708 4.811169659730974 255 255 255
0.9401864950662145 0.6861980963042021 4.59497202371795 255 255 255
-1.1621500217487275 0.7566854569618484 5.744361804171465 255 255 255
0.6049318370050579 -0.3225400852074316 4.95594806918643 255 255 255
-0.13434361465390382 -1.9393296992692437 5.717328258505905 255 255 255
-1.4705376507259849 -2.160092045892804 6.845747867324468 255 255 255
0.2067288143705877 -1.5535312545973778 5.391763471941077 255 255 255
1.3457555392352978 -0.7047403719093617 4.431796685282472 255 255 255
1.2349916031007284 -0.4057680361482142 4.4453831370192125 255 255 255
1.0033545820834466 0.3570929912565528 4.5708546011691595 255 255 255
1.048280848889275 0.8169646292138348 4.494592580354778 255 255 255
-0.05763178244337046 0.28734018601000616 5.239824377071026 255 255 255
0.5785722869382648 0.6501342897876657 4.906032614724747 255 255 255
0.9570510536739959 -0.08642556230034075 4.648128381615011 255 255 255
-0.8975834366492701 -2.229515757001493 6.36935453912462 255 255 255
0.5201286479821338 -0.9611820549739214 5.093255263374425 255 255 255
0.4322280779278095 -0.5716330207526069 5.111589209474362 255 255 255
-2.8558867359061884 -1.5708317499508473 7.511526295113501 255 255 255
-0.4155398689361383 -0.6069862454248215 5.3607709822781455 255 255 255
-0.02283731032931448 -1.4342683720983294 5.56849376348276 255 255 255
1.0994878886806807 -1.4963542640483725 4.668546538144218 255 255 255
-0.16234064865050077 0.6372038582358 4.911076231405742 255 255 255
0.9330204916749084 0.8340830156767247 4.593679096011498 255 255 255
0.38519237386058036 -0.3061711770402436 5.139599138161366 255 255 255
-0.03436762345499707 -1.532242898609412 5.595406129737328 255 255 255
0.8928140362234201 -0.24912537858595216 4.717956863382207 255 255 255
1.108829487128955 0.8065802461924586 4.449890053964887 255 255 255
-1.9543388761999398 0.8656499483924385 6.969277148286871 255 255 255
0.681915628739157 0.8158312857898319 4.797977447613037 255 255 255
-0.10842286137867241 -1.9227145006910555 5.698090396510155 255 255 255
0.4585767368334128 -1.577126793193727 5.203411922996133 255 255 255
1.0044967513893117 0.7463560280064263 4.552294580321827 255 255 255
-0.07965960564897535 1.3077088175996254 4.722802507606391 255 255 255
0.4775308853517601 0.20641000538902368 5.027329496366292 255 255 255
-1.8352658992761761 0.24968121376057498 6.898190991399833 255 255 255
1.0806466988797299 -1.472508791912409 4.685340553678595 255 255 255
-0.6627360245720668 0.7691715018159325 5.317011885161947 255 255 255
-0.6471737837730599 -0.9850099826650023 5.54927413695283 255 255 255
0.45066113895123106 0.3519706893730751 5.0191676779370065 255 255 255
-1.0143186816724452 -0.33917761918171957 6.043296089540194 255 255 255
-0.9248709837757514 -2.03546530307836 6.386347243909543 255 255 255
0.8051429639684607 0.07168316235334414 4.7582920188387465 255 255 255
0.4795890448487121 0.47770258620408484 5.002598238410556 255 255 255
-1.023351627966744 -0.3200034098510628 6.033908563348971 255 255 255
0.7059822667868122 0.427765016883386 4.797529961775819 255 255 255
0.15666741008653004 0.3035185269494299 4.946659418698358 255 255 255
1.0527156496164116 0.36689804383090846 4.5348374253238894 255 255 255
1.2753408837032134 -0.06726673234122046 4.398926598170296 255 255 255
1.1476609716044572 0.8144308483407389 4.419421293397906 255 255 255
0.08460056452621816 -1.1090430766747905 5.445905917182653 255 255 255
0.32695947728925195 -0.6880880842171313 5.208924576796666 255 255 255
-0.2814659095273534 1.1789842803506008 4.766291088916329 255 255 255
0.8991100088021688 -1.4302158734666823 4.8256737394527285 255 255 255
-0.13311421932076425 -0.33760138845647264 5.316847992120741 255 255 255
0.8045040442557138 1.000562729970505 4.678754690592108 255 255 255
0.17853913539316027 -0.6550142375466288 5.331318092126581 255 255 255
-1.8761886885960894 -0.13139903956958293 6.970748655969645 255 255 255
1.1422483160725478 -1.0852730961227655 4.591786544417755 255 255 255
0.48968650094170135 -1.4781778345216117 5.176465360144851 255 255 255
0.9733297138822948 -1.4242558094169766 4.762644049709598 255 255 255
1.046692127580163 -1.4910876658467178 4.711769355487801 255 255 255
0.6889634872579011 0.5961873576117088 4.823883241769676 255 255 255
0.44793811336540185 -0.9972806943250471 5.1433039061276 255 255 255
0.3577098807781331 -0.5842344282102854 5.1862911062950445 255 255 255
0.7614802120388349 0.8058995363665582 4.738522453774354 255 255 255
0.11843481006363236 1.327751588752895 4.554742680615689 255 255 255
1.2932521005621134 -0.23032731054427194 4.388884294343876 255 255 255
0.03634604926599644 -1.532527720988224 5.522797850369642 255 255 255
0.409802985190976 -1.7963546952387162 5.263750397334117 255 255 255
0.6316422532214562 -0.07854088054132123 4.904175734424928 255 255 255
-1.692150303674403 -1.965610706995999 6.984024101257818 255 255 255
0.5955475544312304 1.068483879201007 4.856536163580893 255 255 255
0.08332681859730699 1.0608167268617172 4.674103220994479 255 255 255
0.29394223176822604 -1.3329155563633626 5.299477481900301 255 255 255
-1.4552825010844819 -1.9055590690836344 6.800870610609347 255 255 255
0.8129985366033126 -1.0238188536595565 4.852011831406173 255 255 255
-0.8555115535414907 -1.7796596131386908 6.279635636120237 255 255 255
-2.7397962727811276 1.399159898020838 6.37287098696207 255 255 255
-0.14577822063482232 0.6196243405774634 4.904887093706871 255 255 255
1.1299233467587912 -1.2384863151859307 4.61687012055346 255 255 255
0.8249900321468435 0.45473692320745585 4.712202273796586 255 255 255
0.5492459361820743 -0.9586036023867647 5.06000964714974 255 255 255
1.061563934042403 -1.436422912627884 4.697721616451678 255 255 255
0.5966560417170028 -1.727334231563071 5.105909458997739 255 255 255
0.04602057281530282 -1.8188867095200623 5.560700015376278 255 255 255
0.8992053042735576 -0.09453947528020687 4.699316518689329 255 255 255
-1.9838360133001498 0.29944737488580137 7.009452275844565 255 255 255
-0.11707858835195727 0.6569662756224137 4.871157908758268 255 255 255
-1.722776900976925 -1.4907779475660616 6.983249149017074 255 255 255
-0.471295705785511 -1.7915405392209183 5.882704229719231 255 255 255
0.48901281431943344 -1.2469142811657954 5.130851150995015 255 255 255
1.010027832876422 0.2942569271789188 4.563436775492511 255 255 255
0.5643389773366234 0.7119044109169307 4.905365612196827 255 255 255
0.6066970691529503 0.46799673218115106 4.893754541779614 255 255 255
-0.7274719234464929 -1.8705094996970657 6.214114203962484 255 255 255
0.7444322133758008 -0.12992869490048647 4.822806794384142 255 255 255
-1.9875767385751084 0.6845013418511352 7.010841003124422 255 255 255
1.1805200362684725 0.19709534303892828 4.441925221504752 255 255 255
1.2352099249612989 -0.30421090137947754 4.435416631059763 255 255 255
-1.9131987703169462 -1.0456016606356016 7.0866914866829305 255 255 255
-2.07789740624211 0.0369494450552774 7.164752828441798 255 255 255
0.5550980488607797 -0.9928398077751518 5.057221557998334 255 255 255
-0.521917810748155 -1.9649660796195139 5.942125095971117 255 255 255
-1.2308572728129468 -2.1513773751017253 6.634656777685329 255 255 255
0.8296503126027871 -1.4141172009301164 4.87954189361399 255 255 255
0.9025097045804412 -1.0216177520296872 4.7737413937328705 255 255 255
0.7132756621799671 -0.04834788154215376 4.846445097126737 255 255 255
0.1316690764301505 -1.1711258207200412 5.4180252406062115 255 255 255
0.6980590186779335 -1.4543946585614818 4.972102004744578 255 255 255
1.0802920047521807 -0.11284802977940082 4.54798839091921 255 255 255
0.6171637584623544 0.04169705629724327 4.914920394524404 255 255 255
-3.1235116524894693 -2.2608798739985017 7.482429487616561 255 255 255
1.2347351111676192 -0.21888901792032062 4.427897687383357 255 255 255
0.6269750550087226 1.1290816107862722 4.824380678400073 255 255 255
0.8964883323353322 -1.1605482858239538 4.810966468068988 255 255 255
0.2714003089710207 -0.370169260988791 5.222927159639502 255 255 255
0.2943754699495865 -1.4783734218302274 5.319256586830327 255 255 255
1.1305099356652029 0.9760865125753317 4.429198653125648 255 255 255
-1.512939655208327 -0.8636964400364876 6.73997268878135 255 255 255
-0.8932822690910288 0.6942894889000845 5.5194807806199195 255 255 255
-0.828709402872187 0.7246283037535897 5.469376607307821 255 255 255
1.28467373416318 -1.1511324908683154 4.481632525815239 255 255 255
-0.23586162396239643 1.2022491682221152 4.769381454957714 255 255 255
1.1470602991790522 -0.6857194524179411 4.54705924796072 255 255 255
0.8874893617417354 -0.016529938868733603 4.7183140535139305 255 255 255
-0.014943049434826909 0.5220967273396095 4.885060998714583 255 255 255
0.5943124812298805 -0.5425150636588123 5.003493540491599 255 255 255
0.6368566109214754 0.6104754058461995 4.854059495654085 255 255 255
0.40640872334203126 -1.7185716110419087 5.259478597398703 255 255 255
1.1931780303104564 -0.1812576022325257 4.465927449964236 255 255 255
-1.4315144724781401 -2.2080979405432983 6.816384927813252 255 255 255
-0.29301585241834227 0.7204469967158031 5.023011683361231 255 255 255
-1.8312955214941937 0.6861682225683832 6.882203729861196 255 255 255
-0.37540691327519166 0.32430210537792153 5.340550121360393 255 255 255
0.0732650604205942 -1.517474153949884 5.506301302850657 255 255 255
0.6834648149660169 -0.9534576475727141 4.954937303721555 255 255 255
0.250951862570698 1.1534213972297873 4.681303501509477 255 255 255
1.248895615176548 0.8433802195486515 4.3349091750915365 255 255 255
-1.438408002936168 -2.0680575800441345 6.805585409148254 255 255 255
-1.7248270366874698 -2.153973332766083 7.030588991965594 255 255 255
-0.4304308415689286 -2.0004505624207782 5.85273396105365 255 255 255
0.20323274207066538 -1.3722027469163325 5.372114351370303 255 255 255
-1.2858243783132606 0.13660578310376204 6.1340540305635445 255 255 255
-0.00177932327970805 -1.2427364545260813 5.505702907715968 255 255 255
1.0532427850698463 -1.325765987704717 4.702272466056256 255 255 255
0.5453696379756021 -1.4579918683600925 5.120749190830013 255 255 255
-0.470560969443562 -1.9375840964313353 5.890463181602696 255 255 255
-0.3851067005225485 0.6396413274654664 5.101603351872556 255 255 255
0.561201155148063 -1.7147687697970888 5.136374937260329 255 255 255
0.43447388627491124 -0.5953161788958179 5.115157871019226 255 255 255
-0.030392347655480507 -1.7347731396889903 5.605936293038158 255 255 255
0.5849883926540911 0.7840601354834756 4.889150568205197 255 255 255
-1.5524226440899824 -1.143467068254348 6.7959466026402975 255 255 255
-0.6789345538153343 -0.1615652802895767 5.610338221651741 255 255 255
1.134240634330951 -1.5347671965928924 4.64655740055809 255 255 255
0.787033732639481 1.0429617918064926 4.703366679669736 255 255 255
-1.985771278896647 -0.5721362047845358 7.1017544166404285 255 255 255
-1.0581185485461742 -2.1012625557324673 6.4950365606862785 255 255 255
1.008961201082229 1.2941202798601066 4.410127668592473 255 255 255
-1.1189725008535982 -1.6532184107199717 6.494991345778742 255 255 255
0.816580587637895 -1.6224719555867506 4.9153662597356815 255 255 255
0.952789190648407 -1.513436169471238 4.787320493498792 255 255 255
0.5491126303126975 -1.8042415367756037 5.162042057388512 255 255 255
0.8617240424027911 -0.4175918702507854 4.764138862271198 255 255 255
1.0065745063133453 -0.16292469930142212 4.613504267666787 255 255 255
-0.890851352815515 0.45484589125221764 5.763578503563403 255 255 255
-0.40346126747433647 -0.9263135774594543 5.363012891019625 255 255 255
0.3741816098586877 -1.5232862392904756 5.258509704083458 255 255 255
0.07319223675873351 -1.8167312653214363 5.537224552074728 255 255 255
-1.5172795838638988 -2.274036300301632 6.9012205420658015 255 255 255
0.3509722084734633 -0.44453068784068706 5.168390131615005 255 255 255
-1.7003889998663821 -0.1778530495916831 6.829980867365182 255 255 255
-0.02254782373713353 -1.4460910037964427 5.564890169423794 255 255 255
0.34284738694426253 -0.6662832690278441 5.19627152185558 255 255 255
0.2864620811941551 -1.3672169982961366 5.312639986620722 255 255 255
-0.785410907845349 0.6309085750455352 5.438084867885244 255 255 255
-1.9945206607072241 -1.6580892102361544 7.211277109827226 255 255 255
0.6675403451861655 -1.6888111835765052 5.053711226028797 255 255 255
0.845215218586344 0.993006248301594 4.6518946473382305 255 255 255
1.0750258756226256 -0.692021095362306 4.607241213844978 255 255 255
-0.4729911841363792 -1.8611170999522 5.886717971614203 255 255 255
0.5508695701179634 -1.2454559732135864 5.089117165969075 255 255 255
1.289079944759323 -0.5610268922994784 4.414895319088489 255 255 255
-0.4518235485592345 0.017734415346178808 5.421387381357894 255 255 255
0.8477220348415704 0.3626929263509319 4.6957527957144585 255 255 255
-1.493209118631585 -1.5901509741267015 6.7836016237763666 255 255 255
0.817082042876227 -1.0606179110923495 4.843668666780322 255 255 255
-1.6405143361956 0.43640107372924747 6.750961547335607 255 255 255
0.8453430589555901 -1.200737442611396 4.8409978589555145 255 255 255
1.1487975122161924 -0.18830324717240715 4.496593557727001 255 255 255
0.5071340807845509 -0.9529584408494576 5.0894336018922965 255 255 255
1.0980458484451068 -0.6634316895256672 4.589043357963681 255 255 255
-0.9915577821649882 -2.020764229813442 6.428553373291736 255 255 255
1.006693685814992 1.1640061836971423 4.461230424706538 255 255 255
0.9778380788870061 -1.4622496162851268 4.759803532873874 255 255 255
1.2309658860731525 -1.547166438571377 4.568080319834621 255 255 255
1.081533251685728 0.5540363568823382 4.502750823419585 255 255 255
-1.5425100367128797 -1.6506231861399776 6.838618648802998 255 255 255
0.40268563289161985 0.37302352058744753 5.0331834733750425 255 255 255
0.07070144627088668 -1.728536056882222 5.528135324892988 255 255 255
1.1127591107298191 -0.7112141826461443 4.578723125679339 255 255 255
0.9234832851918167 0.005663695626046608 4.666053052776771 255 255 255
0.28105536362777106 -1.1980522877721256 5.30090604322117 255 255 255
-0.17427446454656365 -1.5705346854346156 5.7089276902621515 255 255 255
0.6044790730397527 1.0101793911301524 4.853593830572033 255 255 255
0.62855975585646 -0.7160371294502573 4.981217860600686 255 255 255
0.13605382450410386 -1.3003246267150792 5.430861835515566 255 255 255
0.39758003276500165 -1.5246597094344976 5.237272550165627 255 255 255
0.16194545906017827 1.2840763749836872 4.527563070344834 255 255 255
1.278243257158622 -1.2995821129033136 4.507863105509568 255 255 255
1.0474591515284526 -1.3187531318721326 4.695001100514622 255 255 255
-0.17707005403601217 -1.8318634725426175 5.743665491583986 255 255 255
-0.5117793726459912 -1.9755426944586985 5.936242944886738 255 255 255
0.6960301912179842 0.289964736060934 4.840797187788255 255 255 255
1.0821504614551953 0.07300688468938331 4.531940501499191 255 255 255
0.9219008892826966 -0.07049466180726738 4.687065833856671 255 255 255
0.8619253317058916 -0.06391143332381977 4.7297971021657705 255 255 255
-0.7655016596966611 -1.199920131683392 5.633803119174365 255 255 255
0.9465119937775931 -1.415616542720585 4.7798266569835315 255 255 255
0.4790896479394987 -0.7234934034345457 5.088579758168091 255 255 255
1.2692641634329396 -0.7472948556425855 4.448314546766895 255 255 255
1.0921087235742482 1.035636049847544 4.448914278250588 255 255 255
1.25075514278755 0.16052705939726888 4.384414706273815 255 255 255
0.7838659909167548 0.9632890878105853 4.706225998699249 255 255 255
-0.18471005250763553 -1.7775296127453237 5.7507559876929655 255 255 255
1.047104319798935 -0.48770564887561535 4.609492413939117 255 255 255
-0.9705983946024587 -1.9889985332357598 6.401233045282279 255 255 255
-0.10066508931318736 0.9536552011331253 4.821088626143607 255 255 255
1.217983681821604 0.35162450365172176 4.395832178144104 255 255 255
-0.4823451403596015 -1.3764216222601904 5.52242681742529 255 255 255
-0.6751667933911615 -1.8724040196529244 6.1609447742924095 255 255 255
0.5954206188203257 -1.6697096539252316 5.103391124057355 255 255 255
-1.419004760831814 -1.5144105687554672 6.714704259212206 255 255 255
-1.475415115152927 0.7278758602377897 6.0129657978233615 255 255 255
-0.679383970377409 -1.7605462878574336 6.132318555947492 255 255 255
0.9169477641771884 -1.263154740502805 4.791734706832057 255 255 255
-1.207237783687908 -1.4676518587173768 6.543137804237398 255 255 255
1.0152348678020062 -0.8189533047721177 4.670295256577628 255 255 255
0.7077426175243441 -0.7749007473163547 4.906197236485214 255 255 255
0.5693195873531995 0.7591602091538637 4.883299651130821 255 255 255
0.6534564870756979 -0.7022754168984117 4.959160976787794 255 255 255
1.1378062034887522 1.3458693595292477 4.288711219541857 255 255 255
-0.4158167169765973 -0.3321855647737376 5.264726855226236 255 255 255
0.7061239387728223 -1.7302839444254172 5.015563854151864 255 255 255
-1.9413937499267724 -0.5244813425574724 7.057367089509637 255 255 255
0.4431655722773046 -1.652645336424905 5.220356959224115 255 255 255
0.5228348076839245 -1.3074767252194497 5.123852524844046 255 255 255
0.15641127690250506 -0.7522735954323372 5.325143086274354 255 255 255
1.2294132750410993 0.951527872635465 4.342253700663267 255 255 255
1.3160278648456618 0.8670292491012785 4.27395918311597 255 255 255
-2.0340867822631354 -0.5304769996395952 7.139370192796668 255 255 255
0.73689635951026 -1.34893634196072 4.9542513655839535 255 255 255
0.7424550453905033 0.15529224389778595 4.799070151516368 255 255 255
-1.2971766072125306 0.3043768779951211 6.230679078604989 255 255 255
-0.37830587163108087 -0.10628264777280469 5.366602289697827 255 255 255
-0.12659990663693932 -1.7202896302110613 5.6819624221354035 255 255 255
0.999411070103558 -0.5434093103611921 4.66111515985107 255 255 255
1.14216975882759 -0.9474787254729816 4.570190107533478 255 255 255
0.7517514658202268 -1.023724205664543 4.898450819436017 255 255 255
1.0293578769205949 1.0146807214388442 4.500769210906202 255 255 255
-0.744073495141772 -2.151390112037016 6.241453507106905 255 255 255
-0.21318458810895993 -1.9018092455852071 5.775459175899184 255 255 255
0.687167216294606 -0.13299914387582293 4.873141767801451 255 255 255
0.7592999016589201 -0.2823518629468147 4.823774819032316 255 255 255
0.8054691863135328 -1.3739093237300661 4.8963355127870285 255 255 255
0.8826918940071063 -0.1316686079433845 4.712815638021249 255 255 255
0.8641766012518843 1.0483536984269264 4.635229818016753 255 255 255
1.0642071739114314 -0.9300385420068342 4.637656786489399 255 255 255
-0.4859397343773332 -2.0322336311176747 5.890761705672013 255 255 255
0.656790984653118 -1.441367077183342 5.02099380007072 255 255 255
-1.164324085745058 0.06441568430719094 6.139348508769823 255 255 255
0.7622813743681389 -1.5763124463649647 4.952514173145105 255 255 255
0.7238439503312657 1.1388202355649324 4.746625395836555 255 255 255
1.35634302415671 1.1818468719156119 4.128894140644515 255 255 255
-1.1786053547556046 0.7860177970140023 5.758405981559326 255 255 255
0.24356799216873617 -0.6620708619662203 5.280293436972581 255 255 255
0.8281180138008546 -1.1275320116208905 4.859516513408032 255 255 255
0.30666437886035763 -0.7097666858647549 5.234562892548822 255 255 255
1.0156960602662308 0.7286597133234847 4.522357145142253 255 255 255
-0.1426408099371781 -1.9189013806713215 5.7209492056535005 255 255 255
1.1762642819975362 0.35046482966305376 4.432283291122012 255 255 255
0.46104257678895827 -1.7397150250726792 5.205004070879434 255 255 255
0.5596235577797273 -1.376689243472114 5.1020629550439915 255 255 255
-1.2546535350251704 -1.9405653278717234 6.642910031300997 255 255 255
0.8964328703730868 -1.0741173947781115 4.775997348142947 255 255 255
1.1364707608527878 -0.1339061003634121 4.507066998096316 255 255 255
0.049057563406090916 -1.6087622731277929 5.527203177012775 255 255 255
-1.1954735677816943 -1.7184126326016222 6.559375223264277 255 255 255
0.8904789883127522 0.31081616141151336 4.6573472778944875 255 255 255
0.1364454982297454 -1.2034476114155792 5.424788894463118 255 255 255
-1.9065032994789621 -2.1697694059287524 7.199815281176065 255 255 255
0.049057563406090916 -1.6087622731277929 5.527203177012775 255 255 255
1.0924280555655876 0.5782038296076546 4.491212300793353 255 255 255
-0.09754223038836116 -0.026239192612032364 5.280500699338957 255 255 255
0.05841791907365442 -1.3433315745994632 5.496812739432936 255 255 255
0.2788469140181887 -1.5517088138793527 5.3396261542608405 255 255 255
-1.1031454848945985 -2.0521233457781194 6.53097967074558 255 255 255
-1.7439296904446602 0.07116802850210563 6.859345104492774 255 255 255
-1.8344776420916835 -2.2391631732097212 7.137915095114054 255 255 255
0.6370520653342758 1.0901379964165656 4.8325092540955294 255 255 255
1.2117601998664997 -0.5492075362188772 4.473570348537474 255 255 255
0.9976691089880805 0.7108941670986713 4.546460732512375 255 255 255
1.2818887724979398 -0.9503332530991568 4.46939603867185 255 255 255
1.2440903363992302 0.06011144513678077 4.403252198233334 255 255 255
1.0483205642260962 0.35419535627760984 4.532107467145722 255 255 255
0.9874016238094022 -0.32574079089318264 4.63945623969036 255 255 255
0.04840549953074037 1.0342279035907536 4.692541129846622 255 255 255
1.206638301987845 -0.8114453221875115 4.517820766105463 255 255 255
-0.8932822690910288 0.6942894889000845 5.5194807806199195 255 255 255
-0.5626426808371664 -1.891211066239412 5.967941160884272 255 255 255
0.9789013255028659 -1.1925723832481157 4.72829546892508 255 255 255
0.6908124568769815 0.8414860176923636 4.79515501220623 255 255 255
0.6370344242243741 -1.6029751312920488 5.064591131365086 255 255 255
-0.3249505603117419 0.6831584876706002 5.0531873085553975 255 255 255
0.11934050650856877 -1.2557619963462932 5.432029528536714 255 255 255
0.8580023291323301 -0.3307372530241699 4.744297642115386 255 255 255
0.5498779758568563 0.10764628114979519 4.9585650669593315 255 255 255
1.1807705755467452 0.6274926455413242 4.404843466205097 255 255 255
-1.782733675171642 -0.7972680294107701 6.957922052754968 255 255 255
-1.504885101715164 -0.2842238877909465 6.687770003216412 255 255 255
-1.5669676767335303 -1.7468795700274877 6.877831953686698 255 255 255
0.6406083023550375 -0.9770417795830165 4.988553799235244 255 255 255
-1.4376348845202296 0.6948026764848867 5.9764429140489215 255 255 255
1.2751432249886705 0.014343833089011791 4.375072767036597 255 255 255
1.1143479103911795 -1.4060954694247938 4.654698609542328 255 255 255
-1.8567936297385395 -1.4763620142594305 7.080459620931274 255 255 255
1.0996173056769403 -0.7103339122874439 4.583506697052292 255 255 255
1.2184550578332212 1.0185803106942108 4.347260426825942 255 255 255
1.2341747830561347 0.5123865585433199 4.365295137891929 255 255 255
-0.40191759403304506 -1.919478077344037 5.827515633903416 255 255 255
0.1416256551281897 -1.4122578110894923 5.440204558014018 255 255 255
0.7095481324354902 -0.7134750764692261 4.909932292776637 255 255 255
1.590302215353055 -0.8732145888449455 4.658306373228863 255 255 255
-1.235687605846072 -1.9976127553596437 6.62259205596111 255 255 255
1.2420267750968355 -0.48908715824208915 4.453521059215187 255 255 255
1.2909220087134217 -0.9763047708437562 4.461673032517736 255 255 255
0.26252743047086075 -1.04210955653078 5.302004119210865 255 255 255
1.202581562726583 0.783381725136138 4.372512598496176 255 255 255
-0.46360774089062845 -1.858566615369991 5.879155236836371 255 255 255
-1.1843928739161527 -1.7001517409077858 6.5536687329523176 255 255 255
0.7488415472634596 0.8713726864064167 4.743962934015781 255 255 255
0.5163965855809766 0.1674249572004139 4.989170923955551 255 255 255
1.0439379587779642 1.360292816421718 4.351198539128504 255 255 255
-0.5299995173728596 -0.6931803682297065 5.4191941319840105 255 255 255
-0.013232259987069391 1.0018642702850733 4.7562875370918425 255 255 255
0.42209093397223574 -0.47611664741947274 5.069684554285327 255 255 255
0.35071743095827174 -0.5041204262634865 5.18092645023193 255 255 255
1.0656803367776322 -1.4612161524547036 4.69182248390006 255 255 255
1.0706715913984564 -1.112913706116595 4.6454699283810985 255 255 255
-0.8159364940498242 -0.30059515499298495 5.7375016266639935 255 255 255
-0.058909584310472066 -1.3588930560383836 5.596509272928527 255 255 255
-0.3874465373227328 -0.760754465531549 5.40357550909644 255 255 255
-1.8329543723202133 -1.6709295669077335 7.081687926738135 255 255 255
0.25146055534857703 -1.514336836003692 5.3606561692315955 255 255 255
0.4867079761003246 -1.319163408369957 5.144736540911666 255 255 255
1.0382170224339784 0.20754532540427562 4.553869308582931 255 255 255
-1.1998865796038636 -1.72854746633326 6.551730764477592 255 255 255
-0.6223865672253451 0.14442279466937732 5.591588054431285 255 255 255
1.0365972662917136 -0.5327991220790199 4.62988350175696 255 255 255
-1.8489649407599464 -0.34684716345626126 6.959544240273655 255 255 255
-1.3273375299213306 0.7224706163301654 5.880656677460785 255 255 255
-1.4225479575186046 -1.4627740822357662 6.717193718968622 255 255 255
0.8055488067256549 -1.1735862984345324 4.874677174501457 255 255 255
0.23084998044009714 -1.4331463819300758 5.369632223231095 255 255 255
-1.8397250606039826 -1.695276777715011 7.088330645138623 255 255 255
0.32476663247706655 -1.3789203877546607 5.2876827441459255 255 255 255
-1.9165104204894918 0.09964459825165985 7.00373060544415 255 255 255
-1.099094877335623 -0.2005927430401827 6.104379685497796 255 255 255
-1.9386466581125854 -1.375746831523183 7.130508678866442 255 255 255
0.6248641784646608 -0.23130984293227005 4.933273485445723 255 255 255
-1.4288686810890738 -1.107452550790195 6.69180303354983 255 255 255
0.6092534493404048 0.0009323381148257745 4.925804299366482 255 255 255
-1.8059620319305398 -0.3071121722548018 6.924507146484701 255 255 255
-1.9621676774435175 -1.089785868002525 7.13545614321395 255 255 255
1.2450215861569975 -1.1352199635497946 4.510117768062592 255 255 255
0.20722983703771936 -1.5439638229092916 5.395682858707295 255 255 255
0.657262373543807 -0.7200042730806077 4.963288136580778 255 255 255
0.9186952741212918 0.8041719655026109 4.6033907873468864 255 255 255
0.5979654045118156 -1.485930344746116 5.0795689073494925 255 255 255
1.233316168939887 0.632566782062861 4.36154521923966 255 255 255
0.6781322935320244 0.6161752577739454 4.82375739416824 255 255 255
0.9022921620025043 0.9770433822587671 4.603432890854709 255 255 255
-1.3734973783070414 -0.46287827932354136 6.59942645794669 255 255 255
-1.6359212898593716 -2.2504757179358483 6.989186066509834 255 255 255
1.0081782065968787 -0.341954959363439 4.625247891677788 255 255 255
-1.7297088708486437 -2.0536994149194068 7.041274072728914 255 255 255
-1.80631675239296 -0.1475076355264263 6.918243047099124 255 255 255
0.6289502896557776 -0.2244237669644788 4.918282686930246 255 255 255
-0.27268530776375866 0.7444749518653497 4.881833870754011 255 255 255
1.1423089781071514 -1.5491639042527414 4.638150801690242 255 255 255
-0.894812186432227 -0.624744276350731 5.70962701327052 255 255 255
0.8400886012782776 0.5178136820070884 4.681527741218516 255 255 255
1.0286970354573104 0.8639102325409085 4.521377593587085 255 255 255
-1.700516996013234 -2.402244514515195 7.079277797177545 255 255 255
-0.5350639673505864 -1.7444990667698208 5.941315539810992 255 255 255
0.9770271613870414 -1.6191982478953977 4.7829987810256664 255 255 255
0.6839316552435473 -0.23230196194124053 4.897941196000132 255 255 255
0.8675940612267253 -0.28386397392812807 4.734525821748301 255 255 255
1.1615002445514453 0.9278603892482635 4.392815388248746 255 255 255
-0.41597315224349185 -0.23345249507441548 5.355502331467324 255 255 255
0.7043327983942407 0.8176450839213123 4.781414969745735 255 255 255
0.20487699014478244 -0.48490004091226907 5.306682165834666 255 255 255
0.5509787342794891 -1.7758856122802045 5.149952105886865 255 255 255
0.4528337283480255 -0.4292458410940926 5.08807052004252 255 255 255
-1.8862552202813987 -1.8341112023024002 7.144713052096551 255 255 255
0.8616708021787407 -1.2862778213839956 4.843048627139278 255 255 255
0.4949917809664927 0.21307758003302127 5.005290242811378 255 255 255
-1.3974162722763412 -1.559749238838908 6.719820157971886 255 255 255
1.232652836231374 -0.36740272859155165 4.444524639892135 255 255 255
-0.43306405476763155 -1.1169140227019445 5.3332104169697345 255 255 255
0.2844150514240028 -1.2727936990639408 5.300536319201578 255 255 255
0.4942207156774471 -1.1262622158746842 5.124346419182404 255 255 255
0.6579064419405813 0.981174361661283 4.804169894661604 255 255 255
-0.18757798635301634 -1.789700683559763 5.7527011845514835 255 255 255
-0.7003212468474274 0.3149325358703733 5.416024663799462 255 255 255
0.996127639978641 -0.7332952077616431 4.682309793795891 255 255 255
-1.904160060752229 -0.03205965696188588 6.999738695935606 255 255 255
-0.8665781565400331 -0.5050074354982462 5.75847771862744 255 255 255
0.3922889257569733 -0.518343574810118 5.1445965419265995 255 255 255
0.3663282181110806 -1.6113093907464782 5.280328789672833 255 255 255
-1.3140392099285032 0.7660992947162096 5.871562826858003 255 255 255
0.14489729750873112 -1.5982743850374745 5.454385730897268 255 255 255
-1.7833954951883715 0.032022204463247855 6.887104084682448 255 255 255
1.297994591797365 -0.13399026825256244 4.374150044458047 255 255 255
-0.09398616796790288 -1.96610672211744 5.685232466575805 255 255 255
0.8802497226000209 -1.6655124090728197 4.863942898300729 255 255 255
-0.5161713519169103 -0.6260415701632283 5.326044234479749 255 255 255
0.9627286566169451 -0.6874669981345117 4.702929051241774 255 255 255
1.0703402821514065 -1.2301487123374966 4.6579512575907005 255 255 255
-1.7590283892069527 -0.27693862310091305 6.889131748550163 255 255 255
-1.4858028010535258 -1.684892898276985 6.794501827156837 255 255 255
-1.6087843662454582 -0.512956662387533 6.778353761483467 255 255 255
1.3577733852036045 0.9544697856553885 4.282708123079469 255 255 255
0.5814074306097133 -0.8320373190729581 5.014057712221662 255 255 255
0.050499161916317134 0.4762543378015202 4.913725068880977 255 255 255
1.1092829564944686 -1.268759583248952 4.642393817032133 255 255 255
0.4463252858854492 -1.5104514223124181 5.203585376858586 255 255 255
0.9936163016388907 0.3828235770214786 4.5731421247826445 255 255 255
-1.55061480455519 -0.12195378479912453 6.728175557176806 255 255 255
-1.9615251785026155 0.07097335740313497 7.040563224254111 255 255 255
0.5563378136292102 -1.51364078352898 5.114166944127784 255 255 255
0.14246938323098232 -1.5736665764464242 5.462479994040652 255 255 255
1.3281744980630752 1.1893721243096254 4.13029671662835 255 255 255
0.12334709589738312 -1.5101982001029768 5.462261690646574 255 255 255
0.8023476780654035 -0.16651290134409977 4.772614342812899 255 255 255
1.0063230006200543 -0.12798440087392063 4.602449729224505 255 255 255
0.5998199059501746 -1.8157490470699398 5.1255714795778795 255 255 255
0.7034867407410328 0.7530896966565863 4.7841050274821155 255 255 255
-1.4521371523877242 -2.1686669228668256 6.832116873284366 255 255 255
-0.4114728504094314 -0.10931062140881967 5.391682601866826 255 255 255
-1.3090893204048117 -1.9320295121648414 6.687908879748337 255 255 255
0.2481266097705094 -1.0667509495832095 5.310984999152032 255 255 255
-1.4504629717126418 -1.7813793248995213 6.783069765153328 255 255 255
1.0875795070363083 -0.5481406578843436 4.5843702174168115 255 255 255
0.20466082072713643 -1.483504536265784 5.394444309243299 255 255 255
0.6293537551938748 -1.147777278505171 5.019218509084448 255 255 255
-1.5821645028923834 -2.394322559090851 6.964046095810799 255 255 255
0.041191195051608426 -1.148804334353223 5.489199771059083 255 255 255
-2.0709155552074296 0.04378092124695903 7.11526676749955 255 255 255
1.0970287751243923 -0.9170759221104515 4.5982535709907415 255 255 255
0.6707997630292216 1.005832337370215 4.7919445569804875 255 255 255
-1.6233144929483887 -0.3859756163842385 6.797046944588029 255 255 255
1.0237289986084122 -0.5365230810784021 4.636436410314723 255 255 255
1.2650284307394881 -0.38511506817284286 4.426740730526774 255 255 255
-1.9804755909036842 -1.0432713301861583 7.1323450923052505 255 255 255
0.5053296427355349 0.6351921253483209 4.96133447597171 255 255 255
-0.4393775405422228 -1.9556369114418053 5.8595221533005155 255 255 255
-0.1640284832180923 -0.05871907109414437 5.350406837722613 255 255 255
-0.16922133385966467 -1.9256688609898074 5.735639542514801 255 255 255
0.9259803826653811 -0.40817230607903143 4.719415151310043 255 255 255
0.13639390310514257 -1.0429447805194898 5.392712383021586 255 255 255
-0.6487013507692797 -0.9513766550124493 5.5413084301978355 255 255 255
0.45553135358634855 -0.8824824516896016 5.137828476883118 255 255 255
0.7811114436614195 -0.4155007016377928 4.823514549818094 255 255 255
0.9570671910208656 0.5549361581689085 4.588834738935502 255 255 255
-0.2292645208788949 0.8363151663594902 4.823866417492483 255 255 255
-1.736861586429009 -0.743949165580809 6.91097338571335 255 255 255
-1.2933110483242551 -2.3732780460344913 6.714383161135774 255 255 255
0.8681813214907527 0.7785184702419602 4.656367279444101 255 255 255
-0.37050483381476634 -1.6881951939493418 5.872417765524976 255 255 255
-0.24213778861763816 0.6907017945856647 4.984296362809676 255 255 255
0.6053115431580468 -1.0177225420628413 5.024410880400851 255 255 255
-0.9363989262216817 -1.7742667435403274 6.352136999546207 255 255 255
-0.4743386073937752 -0.7259043181471773 5.3675157633462 255 255 255
-1.3648249045190506 0.5633056492677226 6.169032284252501 255 255 255
0.126708259996321 -1.9498031651207848 5.515630285584626 255 255 255
-0.7666172407391753 -2.1698171804149835 6.258621940700474 255 255 255
0.10860479639134205 -1.472746694579172 5.4647547173261275 255 255 255
0.18424116369878035 0.0902834307812448 4.909949051044158 255 255 255
-0.24593979474087302 1.2965585902533154 4.738838524466058 255 255 255
1.0948248530193792 0.5940301514101245 4.486179593344393 255 255 255
0.11305526180610168 0.6650929230255527 4.689947428297311 255 255 255
-1.5480012380683132 -1.1925751698075904 6.80342841155488 255 255 255
-1.3810273640664061 0.4784719622283761 6.153411314754483 255 255 255
-1.4523857978582615 -2.1781498560508505 6.819072593484091 255 255 255
0.9193792850048093 -1.4333945360825857 4.804381791613982 255 255 255
1.2857327556890654 0.7686859445579681 4.297592509909358 255 255 255
-1.6597233999124013 -2.0030057542118715 6.983089029812642 255 255 255
0.7143655621116596 -0.8515745210970052 4.913274275595469 255 255 255
0.24116812394411136 -0.29328582314278384 5.240757972205141 255 255 255
0.682496903312874 -1.4273910189080892 5.00355822605281 255 255 255
1.0300318748821236 -1.6579964998132448 4.743245863421907 255 255 255
-0.029545396989660733 1.32008142694328 4.680927418366174 255 255 255
-0.20018505425488325 -1.3874737979513294 5.704506313783876 255 255 255
-1.0680207863233242 0.6230140799605889 5.772369561896559 255 255 255
-1.1928972418551622 -2.182077681803975 6.612024279260516 255 255 255
0.10080417430518929 0.7110799230686757 4.69770565495136 255 255 255
-1.3211477606763702 0.3330015241395538 6.2435652887464945 255 255 255
1.0379573246593587 -1.4728660683784776 4.7194726274862 255 255 255
-1.1719338657931795 -1.7764524829108945 6.551371455575011 255 255 255
0.8315806038952795 -1.068695036994617 4.835424161578909 255 255 255
0.9311245495879551 -1.6959865098360294 4.836105633097167 255 255 255
0.06874466766131004 -1.487696250231832 5.499587420060152 255 255 255
-1.6981211188332055 -1.4384876496747236 6.941509929960577 255 255 255
0.5944458226858809 -1.4411614300445956 5.08171242514446 255 255 255
0.2234024182803468 -1.4046516463125913 5.3719825061343425 255 255 255
0.21869126590082397 -1.2869602651333742 5.359326282928654 255 255 255
0.4842125498903003 -1.6149379433776403 5.187036338528462 255 255 255
0.1885187794843181 -0.35431104422803306 5.284244109431036 255 255 255
0.2577279410408128 -1.5464347788213177 5.3529993182796645 255 255 255
-1.3490338525636394 -0.563266919549269 6.571161795393045 255 255 255
-1.9937101823211985 -1.5472877023484712 7.182535991006267 255 255 255
-1.927689883258199 -0.37628922050350383 7.023240718596284 255 255 255
0.35850261337600436 -0.7366716634847741 5.19364870032025 255 255 255
0.5534360756179713 1.2484723362253032 4.775715801954348 255 255 255
0.5435066433554304 -0.917646704696859 5.0642339715159155 255 255 255
1.2175062993276662 0.30207958434852195 4.400682863603596 255 255 255
-1.581263215246992 -2.1354130374607725 6.920394889510259 255 255 255
0.5681647532204223 -0.10129631582922671 4.962700502600338 255 255 255
-1.185068116527864 -2.128241464702876 6.591856768061475 255 255 255
1.1970736129769461 -1.281924008730673 4.570163550838521 255 255 255
1.0133697911917792 0.2535992551877257 4.570725923899893 255 255 255
-1.88081244907463 -2.3502234542328804 7.198536526073946 255 255 255
-3.2300785001937475 -1.6451153285324367 7.005322066303277 255 255 255
-1.0451510161544242 -2.2265676404143275 6.497129662901828 255 255 255
0.2773952607057238 -0.8003605830860183 5.2711854361856165 255 255 255
-1.2120993673622786 -1.6321699556651859 6.560346516071794 255 255 255
-1.6599342420152936 -2.3916688217761455 7.0302060097624315 255 255 255
-1.9798668425591903 0.31731649910943943 7.031208811249362 255 255 255
0.1928394409538691 -1.3334258728620716 5.38811379193186 255 255 255
1.0280018296610136 0.23595076479268207 4.563700305549813 255 255 255
-1.4717865562596324 -2.3095065738540486 6.859528599225423 255 255 255
-1.4714354737344193 -1.5682812000022777 6.768398176322276 255 255 255
-1.1632314062329725 -1.6165695221806826 6.518251438362963 255 255 255
-1.6145730612098599 0.7119676375628851 6.118939205707747 255 255 255
1.156793153732894 0.48574290406258924 4.428808868907352 255 255 255
0.12093349448776282 -1.3500115911161865 5.441908814679819 255 255 255
0.7367568886528553 -1.280320755463616 4.942827795571819 255 255 255
0.10429208625589068 0.546074398080038 4.692298584675058 255 255 255
0.608296907509933 -1.2909084496535197 5.04972712786185 255 255 255
0.26470725693159836 -1.007653645784862 5.295676572470184 255 255 255
1.2758409894146245 -0.37200464779375914 4.411778153703819 255 255 255
0.886714878433628 0.8140899615486205 4.630593580750626 255 255 255
0.9567789523887562 -1.4588434945612776 4.778790754994853 255 255 255
0.057255260828207734 -1.453172194545215 5.505722544892309 255 255 255
-1.2483552987573348 0.7235778167428004 5.818490639129979 255 255 255
-1.5416615805171954 -0.9467021767930217 6.792331397983955 255 255 255
0.9570439353307046 -1.6543402823554707 4.801497801144934 255 255 255
0.6586431988148314 -0.32205802917996956 4.908749493495852 255 255 255
-0.41959428097381396 -1.8645504606524597 5.8363107943643655 255 255 255
0.9398001744455521 -1.5794203770019997 4.80601073423165 255 255 255
0.8855147341148627 -0.22949085521460855 4.718750505168462 255 255 255
0.9541838555782064 -1.3252265305498796 4.767780707499781 255 255 255
-1.469255579873975 -2.2637833793080966 6.834691227204147 255 255 255
-1.4899357202128356 0.7715977546165815 6.013558579887992 255 255 255
0.368663353172936 -0.687880917112722 5.176263992061034 255 255 255
0.5558093838623979 -1.1501798131450969 5.067383617280882 255 255 255
0.6527796755747326 0.23570785706847208 4.864956835441393 255 255 255
-1.4437809144974512 -1.4217687219389783 6.739881570520342 255 255 255
-0.19681945599327885 -1.5376995753872738 5.722161624228146 255 255 255
1.2953505733642012 0.5073433107844766 4.3122123366765335 255 255 255
-0.0820238442378711 1.0377682479205717 4.804322294868184 255 255 255
0.945839606903971 1.0526897932664503 4.567738139975251 255 255 255
0.08767459812774323 -1.3581966248360617 5.464888289732632 255 255 255
0.3043743368452874 -1.6772546987319878 5.3292096959708335 255 255 255
1.266040933690347 0.6464721435101484 4.334867938492168 255 255 255
0.8845479213176928 0.5280733559745114 4.652671259000239 255 255 255
-0.08931861068633339 0.6461765520464796 4.851421515085901 255 255 255
0.692208440925415 -1.5910969348746429 5.00682704384263 255 255 255
0.2952357427870739 -1.7502037615957893 5.3447991606404095 255 255 255
-1.2803080679644803 -2.0365791612171984 6.674479704382738 255 255 255
-0.6527623858191777 -0.47975100057575953 5.625015696067428 255 255 255
-0.08331421782693106 1.0177605959377376 4.805577912315644 255 255 255
0.827664816092594 0.8779808650717317 4.6913689536343455 255 255 255
1.0520213840680284 -0.887379051969014 4.651612584782475 255 255 255
0.9490758780722045 0.1446528456329555 4.644815116654186 255 255 255
1.057542698889349 0.86179458334404 4.484819992746812 255 255 255
-1.6299929233453625 -1.7650285850693666 6.919279681178173 255 255 255
0.6499277840867195 -0.34108129868789255 4.914752216893767 255 255 255
2.005670453543492 -0.4402907547841973 4.613709393955109 255 255 255
0.8262014616804387 -1.4464101002905585 4.885195523285156 255 255 255
-0.890851352815515 0.45484589125221764 5.763578503563403 255 255 255
0.7457083485129636 -1.26568890732433 4.9368515623787586 255 255 255
1.1687706076021815 0.8767446183067885 4.413776960068753 255 255 255
-0.6275525068893367 -0.5641587749985489 5.612872410058636 255 255 255
1.2226741173491957 -1.1348220964678768 4.527908664625863 255 255 255
-2.006197007475612 0.8984276787812249 7.006705530026034 255 255 255
0.9491060221531747 0.5154170327486559 4.603996327015791 255 255 255
0.30242900849490256 -1.5720612878355154 5.339614274248782 255 255 255
1.3846144200382715 -0.14071697176454942 4.396542487287082 255 255 255
-0.8714011128014122 -2.223864573274661 6.346722174750987 255 255 255
-1.4784080901350471 -0.5315247775352753 6.6694086053941835 255 255 255
-1.7079423996713043 0.4430032221708101 6.802860254002955 255 255 255
0.9151282126217768 0.7781578049409875 4.606259739195783 255 255 255
1.1062541268109898 0.7553563668861991 4.456415443150171 255 255 255
0.46382004335000615 -0.7851343458497131 5.106400362247015 255 255 255
0.995294694069799 -1.1794620621442784 4.73179949830612 255 255 255
-0.05705526311703772 0.14892512011857392 5.222203378220028 255 255 255
1.0334317635924986 -0.3139354805339809 4.605154342058792 255 255 255
0.6017942597190763 0.9200930496253581 4.865455760048818 255 255 255
-1.7545501697075545 -0.33132140703380536 6.881541678619449 255 255 255
0.8097296075349304 0.3009391507729852 4.748105101358057 255 255 255
-0.2943685983193688 0.9520486226618523 4.774720115632405 255 255 255
0.7182534903996639 -1.0170537142699454 4.9244053963769705 255 255 255
1.1141655082858506 -0.7772328549257171 4.591046697493916 255 255 255
0.5864843318741804 -0.9298431259577585 5.027863193344194 255 255 255
1.1035330535781875 0.5228842705632577 4.480538802031922 255 255 255
0.7326279154668469 1.1827488812936837 4.695404826511487 255 255 255
1.1807809388617794 1.296807917517289 4.248611114427697 255 255 255
0.0475139967122895 -1.224030081202857 5.499204595208197 255 255 255
1.018579414713419 0.22281191349032847 4.573796610751444 255 255 255
-1.1333236114371201 -2.242134670333971 6.576668862099094 255 255 255
-1.6359649454338774 -1.802324072076974 6.927186186680988 255 255 255
0.3208835096368616 -1.6370509785627436 5.31563287920296 255 255 255
0.7740110002168661 -0.1783973200206321 4.811723721791382 255 255 255
1.020238407763205 1.1529445687517135 4.467545099457136 255 255 255
1.212522709309932 0.7596335970211919 4.376155796207749 255 255 255
-0.42722908955835553 -1.8297053599213722 5.833849133935425 255 255 255
-0.28987308892991565 -1.7042660281990494 5.823250357559098 255 255 255
-1.8908476401944274 -1.5334389785958256 7.117180122951976 255 255 255
0.2395488820935928 -1.1284760595800194 5.32790328540528 255 255 255
0.3374948424494875 -0.7832048835395324 5.205638039859137 255 255 255
-0.8299184370834577 -1.7895826588695354 6.270638178443821 255 255 255
0.8056073821875365 0.4412329122282055 4.738766654880316 255 255 255
1.1094116499771416 -0.016384131882360157 4.516036292486432 255 255 255
-0.23469139237788939 0.06476712705453541 5.381618821298499 255 255 255
0.15136228968240897 -1.2340365516451337 5.413673035832918 255 255 255
0.9516052082942617 0.258491338197608 4.616757676475174 255 255 255
-0.4516845068592557 -0.8074072069081402 5.32123394552225 255 255 255
0.8316067033410953 -1.6181129612041436 4.8950688490368774 255 255 255
0.4596177899480605 -0.5125143313982269 5.093688427958887 255 255 255
0.5237578435678963 -1.4080740264249936 5.118005572010145 255 255 255
0.0646862239242523 -1.114997602970669 5.469655345248207 255 255 255
1.102600976081073 -1.5177035448464349 4.66364912018214 255 255 255
1.1450894824054816 0.7805907879193693 4.427292011402772 255 255 255
1.3608532775608437 -0.1441004415332873 4.384270887371586 255 255 255
-1.8971066492361333 0.25083694884833396 6.970608211896632 255 255 255
0.07650013094151838 -1.1361329796284678 5.456312769020922 255 255 255
-1.074934649358484 0.7174827262694355 5.671954578924219 255 255 255
1.2393088420042309 -0.44257091211016153 4.449842183873407 255 255 255
1.1053455157127017 1.137283060147783 4.425314800075154 255 255 255
0.8521311947865186 -1.2258628664940816 4.8430903671437475 255 255 255
0.044957356043262224 -1.1552511833930876 5.485036188246312 255 255 255
-0.8400002747807485 0.7410685290010196 5.47649075404569 255 255 255
0.6417930326295136 -1.4109622564374327 5.032843364352029 255 255 255
1.065900189533336 -1.2929110296242103 4.6758251464681235 255 255 255
1.1739763709056545 1.0887804580460865 4.38409423435156 255 255 255
-0.828709402872187 0.7246283037535897 5.469376607307821 255 255 255
0.7794057288691025 0.3581923985209146 4.746050742984074 255 255 255
0.9834978688163016 -0.6729374255782163 4.6802379172442174 255 255 255
0.8686077964539416 -0.10158430680333272 4.732274597195225 255 255 255
-1.4078492804431582 -2.2597604346188604 6.795601338055679 255 255 255
0.9266912267236799 -1.2424150444533004 4.778917186267633 255 255 255
-1.922219886565442 -0.7068962931506617 7.070896609162228 255 255 255
1.0090359141712106 -1.4122388095942675 4.73668447566322 255 255 255
-0.15001085623082294 -1.3760589189186445 5.663262449037851 255 255 255
1.2655206914504469 1.0978602857723336 4.2883630589291215 255 255 255
-2.0596508181134583 0.5591102616501876 7.077324304127995 255 255 255
1.1172836993794348 -1.2178385396150941 4.626226513760718 255 255 255
0.16929297495143195 -1.5298622580587184 5.422205947173756 255 255 255
1.0788732470249918 1.2009477343072825 4.342506009581257 255 255 255
0.8459015657569878 0.3446373090507665 4.69312199768117 255 255 255
-1.1889738085833845 -2.2297313218827575 6.609553310673028 255 255 255
0.8311038450372086 1.355045878836465 4.531734335687282 255 255 255
1.205052257747178 -1.1442937490105325 4.5453913518723255 255 255 255
0.8266253042706239 0.061302713034102396 4.733761984132157 255 255 255
-1.850892228642702 -1.4345549846708725 7.071231907155233 255 255 255
0.966522014760168 -1.2198129160118218 4.747079906797257 255 255 255
1.1792507575677464 -1.0436955947269067 4.556750064815984 255 255 255
1.0576537167445828 -1.2463162563084897 4.671239298273873 255 255 255
-1.637522431195528 -1.9827952936501243 6.944332956193639 255 255 255
-0.6603885157146008 0.6634309519976933 5.331792022706346 255 255 255
-0.22818111739443206 0.20236406290763073 5.371310084571422 255 255 255
-0.8305975482498806 -0.32322542434589835 5.745463718034421 255 255 255
1.285895583493992 0.18545599033714597 4.358458653224893 255 255 255
-0.10709731736877544 -0.06569567018872018 5.288506601000137 255 255 255
0.38436257702319576 -0.7998689608343258 5.168373634228822 255 255 255
0.04049748196344169 -1.198917773504529 5.494373826072773 255 255 255
0.9622599967321809 0.5498616292795461 4.5877301811530895 255 255 255
1.0127315342846657 -1.4057399950191702 4.736483069068229 255 255 255
1.352344928100697 0.01091256131493875 4.362718163995322 255 255 255
-1.1936907996959891 0.16020636804018967 6.151685891177033 255 255 255
1.2256359804374806 -0.1910816611713464 4.436697859053848 255 255 255
-0.37387671718660465 -0.010857868177167648 5.354905803093491 255 255 255
0.3011093932529047 -1.5118931736944485 5.307616326968021 255 255 255
-0.7472240163962526 0.7439078930592675 5.4017808146652175 255 255 255
0.03382071795881544 -1.6305498696061378 5.5516350500787475 255 255 255
1.202411710778733 -0.8498696307216193 4.524378872525373 255 255 255
0.6558479478827282 -0.5422093673812483 4.956903557868296 255 255 255
1.2443072907914985 -1.3729789494421811 4.537165109633512 255 255 255
-1.672258065182062 -1.3741287268395828 6.925167099304342 255 255 255
-1.1049594947877082 -1.655734791919136 6.484724740291018 255 255 255
-1.0487143814721 0.8368560015425297 5.548328630340219 255 255 255
0.36939989613104635 -0.6028087787702918 5.171269616007705 255 255 255
0.05048628172439118 0.9826988941457043 4.704460203432285 255 255 255
0.8320978102978197 -1.5579155583535065 4.894223941964598 255 255 255
1.0544714303313647 0.9577488083079825 4.483186485635976 255 255 255
0.3821837310962786 -0.8892014383236614 5.187356759675069 255 255 255
0.5281284065667503 -0.059709765761356795 4.997036109814596 255 255 255
1.0832447600779496 -1.224392158977444 4.660306408061842 255 255 255
0.6548779215337722 -1.4895952987283632 5.028438819610918 255 255 255
0.5854111399305969 1.1537556036522552 4.8509520761090394 255 255 255
-1.6299929233453625 -1.7650285850693666 6.919279681178173 255 255 255
-1.2203407785766236 -1.682927397305449 6.585320723755583 255 255 255
-1.130340232169013 -2.2031919173135908 6.568005568407953 255 255 255
-1.9529112092600265 0.08597569988639242 7.029379689763825 255 255 255
1.0611685987541648 -0.4644409066184112 4.5975906584119155 255 255 255
0.2823607827006149 -1.353437972461001 5.310983187484511 255 255 255
0.9993891004506741 -0.49086029964963385 4.657562054777776 255 255 255
0.6142148906802403 0.763162478234456 4.866266048100816 255 255 255
0.8992886603825095 -1.1219622481389575 4.797640710159526 255 255 255
0.9128278965752464 0.08347648432959696 4.672738723267879 255 255 255
-0.09869800018869818 -1.3768562926600099 5.630485008039382 255 255 255
-0.4523565988121401 -1.15105143283764 5.258143420962229 255 255 255
0.8143697539099674 0.1969082404757721 4.735078574141483 255 255 255
-0.8495586809834904 -2.068091320270412 6.324792367022588 255 255 255
-2.8315972014210664 -1.5805221254144304 7.616460132728785 255 255 255
0.7948915668099873 0.09947424950867469 4.767915464383726 255 255 255
1.1595352235729708 -0.8669061563984067 4.55170494984419 255 255 255
0.8023476780654035 -0.16651290134409977 4.772614342812899 255 255 255
0.8053016133050628 -1.3541645884111548 4.885575224454632 255 255 255
0.9448814238197871 -1.3027861857777308 4.770328656508418 255 255 255
0.7173345861676765 0.7498591828692982 4.775526936948576 255 255 255
0.01757384854193899 -1.0121774544793407 5.4938512443292495 255 255 255
0.6323804038421339 -1.0698087637160885 4.99920203322244 255 255 255
1.3485133208738622 -1.3410105873956781 4.503708576675009 255 255 255
-0.8631527296311385 -1.9949824473808624 6.322168127756623 255 255 255
1.346620027622461 0.3063025623099459 4.337537283607019 255 255 255
-1.3537449271595143 0.787667843971889 5.898106272686419 255 255 255
1.0449285391384082 -1.4640820556367593 4.711995764632546 255 255 255
0.888139393882499 -0.3801304016540235 4.732472881249997 255 255 255
0.4757258208079892 -0.8278752152042304 5.105917310277009 255 255 255
-0.8115404928355906 -2.1971070554085506 6.292953965073583 255 255 255
-3.1187648505492698 -2.2879141850670384 7.523229953873968 255 255 255
0.9509554039857987 -1.4773445160282213 4.783798888572283 255 255 255
-0.794093076079086 0.4495716284304505 5.657995803970723 255 255 255
0.5211854422569822 -1.7316530349999768 5.1632625554453915 255 255 255
0.12279493124381739 -1.4643512596377155 5.45694038188871 255 255 255
0.6755036256122272 -0.8526024941399203 4.949803830941788 255 255 255
0.7880928159479117 0.3833538297881887 4.750194148945359 255 255 255
-1.5627424659609614 -2.208003422324427 6.906331411443506 255 255 255
1.0544320062092 -1.0994235540251613 4.660296998869418 255 255 255
1.2553675127178967 -1.2238770461835242 4.5189233228733166 255 255 255
1.0726711814516705 -1.4392918889192208 4.6835941266556045 255 255 255
-0.20039475324927936 -1.504374058274824 5.737949790379023 255 255 255
1.1549065925130553 -0.34882385113347664 4.513027728444356 255 255 255
1.144546944705059 -0.6997631516003648 4.551266275677303 255 255 255
-0.16811354126207806 -2.0072278461937643 5.759995469697124 255 255 255
1.2523349501990535 -0.2240410922146596 4.419749112314541 255 255 255
-0.33816301497505213 -0.8422375836248929 5.384415339520957 255 255 255
-0.26989369912840194 -1.9931854877927144 5.844192924351587 255 255 255
0.6912374766629324 -0.8314700482183084 4.929489647557749 255 255 255
0.9392219773315227 0.3156080643860116 4.619503463510699 255 255 255
-1.9442709258285908 -0.2396409434847658 7.0401372693946795 255 255 255
-0.644810123279283 0.7857505801268266 5.304178105422586 255 255 255
0.7836699967092084 0.43105320571282185 4.738467803213551 255 255 255
1.0892465693455542 0.5094952885542279 4.492787106468789 255 255 255
0.9590281335337059 -0.6659972642378938 4.696829057753557 255 255 255
0.6975929304773782 -1.3993276286965812 4.9776218598226025 255 255 255
-0.10205775191798412 0.6377094389210058 4.861674781399563 255 255 255
1.012491911663093 -0.44118071518663854 4.6392827112885335 255 255 255
0.348283593033555 -1.2500855442756178 5.265318805131875 255 255 255
1.2447561102271731 1.1335114908963932 4.30931135907568 255 255 255
-1.5143300021883308 -0.6172602499175397 6.718329057404491 255 255 255
1.2926219862375465 -0.3888037049424156 4.40130725576197 255 255 255
0.8640498256155363 -1.0975628630041347 4.818415301192741 255 255 255
-1.6955071953491285 -2.2444267289775106 7.034346471920935 255 255 255
-0.4545589226612865 -0.8894849280108468 5.3518406193506465 255 255 255
1.248870442597123 0.5604598372168021 4.354454094768601 255 255 255
-1.3487996557070123 -2.2418984957969745 6.738449798371166 255 255 255
1.106089917877292 -0.7627450706593277 4.588583763438733 255 255 255
-0.3284750333131039 -1.6647466154876798 5.843719846743727 255 255 255
0.7055889356510955 -0.7630954920364579 4.907679771793271 255 255 255
0.9524286579739225 -0.9329181444404279 4.737279903692658 255 255 255
0.03287850270999775 -1.8178651765065437 5.568297372589874 255 255 255
-0.5000744419032056 -1.7710273163270052 5.901510105573795 255 255 255
0.8434622556083226 -1.5929412276206727 4.898596631451581 255 255 255
-1.510963500072581 -2.129962404066797 6.862841705113672 255 255 255
0.5737615730145594 0.20760364406122775 4.927531115402196 255 255 255
1.1379750331962017 0.9433309319337704 4.430149492565606 255 255 255
-0.11609375478292423 -1.7276754906367613 5.680684005637264 255 255 255
1.190161291886948 1.3359302312922252 4.218808743351445 255 255 255
0.6684668738631084 -1.666475792068643 5.051558223640259 255 255 255
0.172321338203464 -1.254461115337811 5.3966809498030806 255 255 255
-0.7757491385855807 -0.9859932354482184 5.647280108886622 255 255 255
1.167947722911567 0.021197608705873967 4.461829832938437 255 255 255
0.9236306893489004 -1.5959404580077943 4.824241005438436 255 255 255
-1.3548558591219133 -2.02272189199614 6.725496793275072 255 255 255
-1.453760845289475 -1.1026467430241798 6.701728459739056 255 255 255
0.5082380155421474 0.5762118099915887 4.958745881453301 255 255 255
1.2216775770913102 -1.5518072352706556 4.580290443205445 255 255 255
0.23361054117246055 -1.004248005210109 5.3116235956835816 255 255 255
1.2152086947755254 1.3582244114111535 4.189064228067742 255 255 255
0.3469934164593091 -0.9536177847851266 5.227458846284468 255 255 255
-2.0236978571831346 0.6192483027254789 7.044453494073611 255 255 255
-1.4582140022046373 -2.3336672168522643 6.8432760020692225 255 255 255
0.8549435453172606 -0.9306587560296321 4.817043019364776 255 255 255
0.7573870766400198 -0.6114519552951135 4.857507599664916 255 255 255
0.7425545250141871 0.9811366834407496 4.730604677137106 255 255 255
0.7493945682810603 -1.0108246382466524 4.905370987104932 255 255 255
-1.5992192547297852 -2.1344280232325743 6.939613072293356 255 255 255
-1.0826407377390725 -2.2560950777401723 6.535313790543807 255 255 255
0.46752634593681003 1.2095493889604993 4.889705381372891 255 255 255
-3.0612937803230347 1.4088922476495978 6.677761964465663 255 255 255
-0.21724174975012575 0.19610436499828582 5.3646086402097595 255 255 255
-0.23122968340363112 0.0817479406461541 5.392405739088676 255 255 255
-0.8940750959260002 0.16818626355221847 5.782462539988042 255 255 255
-1.4715823436568807 -0.9599104149459793 6.71808512541035 255 255 255
1.023135899662834 -0.6004035506819195 4.637487065400291 255 255 255
1.2846887271879737 -1.3190022110074349 4.503049379059744 255 255 255
-0.08111652103079046 -0.11620996511197021 5.284215643271624 255 255 255
1.5072960901801358 -1.5822513210513365 4.7053153462757775 255 255 255
1.1965296032631343 -0.12842711748349855 4.45846880612552 255 255 255
-1.1609049337300883 -1.7286807688742742 6.545421714144808 255 255 255
0.20872626726979376 -0.8931823166036936 5.3182660249904945 255 255 255
-1.455785745964155 -1.837839268794886 6.7822239725055296 255 255 255
0.8509756477428269 -1.1870284886855837 4.83283011385132 255 255 255
-1.4029710908682131 -1.6615301683350943 6.7362377249189525 255 255 255
0.3689084190702412 -0.6791512922826461 5.1856986410557715 255 255 255
1.2799983663917713 0.022897314706048864 4.364356348667372 255 255 255
0.24657666112429472 -1.299397063872565 5.3428097507948795 255 255 255
-0.390864175096367 0.2715009866914074 5.353759077005175 255 255 255
0.8371479659766037 -1.7233042781195416 4.8984974088508695 255 255 255
0.7336101720312954 0.17020080541080182 4.814297737148113 255 255 255
0.2641150664523258 -1.0825691541209772 5.292467008804828 255 255 255
1.0410009181960613 -0.9098937866988002 4.660113513923921 255 255 255
-1.3542751505688724 -0.5028989907150091 6.569291330194548 255 255 255
-1.5624282776627578 -0.4612166330783122 6.7371183861281905 255 255 255
0.8459195603141537 -1.495452500493183 4.881700336021431 255 255 255
0.4365321508546005 -1.6596734045793895 5.2271670525483405 255 255 255
0.2934690162660003 -1.22818990921854 5.282094882055559 255 255 255
0.5232884175873703 -1.7637525670604493 5.168209327166754 255 255 255
-1.3885979538069646 -2.3545602256319684 6.797844335580772 255 255 255
0.5061531869716703 -1.7428878831069259 5.1760401564903615 255 255 255
1.1538027717825008 -1.087065948269123 4.588854429319656 255 255 255
0.16137799454205576 -1.7822585847682202 5.4588797307985075 255 255 255
0.7652494825863632 -0.17147135554260584 4.815625536368747 255 255 255
-1.660176300636402 -1.508433307188811 6.924720899303597 255 255 255
0.36900633195871196 -1.3974845687616044 5.251650871120268 255 255 255
-1.7303839272034727 -0.4003888970731002 6.87153827618271 255 255 255
0.9247134923304456 -1.4003217790272724 4.801266516858173 255 255 255
0.41568174570377564 -0.8203032452229874 5.15882254931127 255 255 255
-0.23733484673110475 -1.5372713038690409 5.7511901692167005 255 255 255
-0.5003317653708365 -1.9828893982411258 5.924158967039649 255 255 255
-0.4510648286206332 -1.843204488113224 5.870952430971299 255 255 255
1.1044399258341213 -1.075755037134745 4.622094161821106 255 255 255
1.1873250366665677 -0.09786101788295695 4.457718457619817 255 255 255
0.7221691036308481 -1.6928223657992627 4.995032860382577 255 255 255
0.19161996586661775 -1.3897261603033508 5.391352674405456 255 255 255
0.8678467207194654 -0.27365515550557457 4.728384596489889 255 255 255
-0.8686325058992201 -1.9800018444434533 6.321741093675036 255 255 255
0.938574397185528 -1.4442860277467977 4.793093716831158 255 255 255
0.7313082002550072 -1.6343209976562443 4.983117851219019 255 255 255
0.6989005810351053 -1.615512219016003 5.005381951530122 255 255 255
1.1663735879615897 -0.28593366520590086 4.491856489472106 255 255 255
0.9465860452877471 -1.2278407534204154 4.757189443581769 255 255 255
0.5917617372756686 0.8933779360698934 4.8589532748068045 255 255 255
0.9603408408048552 -1.41671419908895 4.77050912710027 255 255 255
-0.014672824681700843 0.6002945160252895 4.793246493897254 255 255 255
0.179144375861114 -1.1161200686436659 5.372403527111253 255 255 255
1.1900439096392064 -1.549038392354098 4.601716083784255 255 255 255
0.8679544560936977 1.3580274470492453 4.492524179885631 255 255 255
0.9290990415320594 1.0210458453458717 4.575380002556181 255 255 255
-0.34722721150834807 0.5171537161668084 5.236275189173677 255 255 255
1.2260213847975383 -1.0329036531861877 4.517592813290043 255 255 255
0.9789535516268572 0.8538806709848314 4.565509780685536 255 255 255
-0.16322886087897936 -0.34309374699958956 5.354072074957315 255 255 255
1.0968712807622896 0.9904621266001327 4.445152992584339 255 255 255
-0.7029043822757437 -2.183249976791486 6.224833964983394 255 255 255
-0.26296042678581305 -2.034030122152371 5.8349012592114375 255 255 255
0.2296826420510094 -1.5564908175793226 5.377244503734325 255 255 255
0.12398171553031832 -1.4078896713386038 5.459475828958496 255 255 255
1.3106794297115565 1.1398995815935242 4.247619168909667 255 255 255
0.5352949037410712 -1.5593905399566161 5.130495514150729 255 255 255
-0.5208892466685731 0.5050714404543671 5.377819064432028 255 255 255
0.33530962061061703 -0.5286618370606716 5.168340442918043 255 255 255
1.2163851703091026 -0.0871604922332982 4.438680595287571 255 255 255
0.5064193932638865 -1.4586822543960885 5.1602268497051025 255 255 255
1.244966905065092 -1.3436884765483519 4.533941721208242 255 255 255
0.531651057496392 -1.0411354657728367 5.0865553754432575 255 255 255
1.0609827235538816 -0.6622676186712272 4.628060217497338 255 255 255
0.7347676328682542 -0.6380004503974501 4.883327442169022 255 255 255
0.8010003387924044 -0.03577623533915113 4.781417289925061 255 255 255
0.43378243082013845 -0.9465129019787534 5.14897175796012 255 255 255
-0.06642513364743018 0.669666550568589 4.837476507392611 255 255 255
-1.8449161415019617 0.4440659401613708 6.893173672630241 255 255 255
0.9548258660267125 0.4840740061388662 4.595049230512009 255 255 255
0.25253210957487904 -1.842956488148984 5.407086049577591 255 255 255
0.9045701899446235 -1.175050862628931 4.805462400440957 255 255 255
-0.4956521552055195 -0.8163759005527024 5.365417287588439 255 255 255
0.9285196330773162 -1.4359545265086868 4.796032707459417 255 255 255
0.6526414300170766 -0.8715366383462253 4.966042396287041 255 255 255
0.6817832898372949 -0.17773588130199983 4.883455710351374 255 255 255
-0.45958344162788234 -1.2160548528623207 5.2311106790468775 255 255 255
0.005674955742533066 1.1159728508966344 4.729701937855668 255 255 255
0.47224457690217536 -1.488791908054075 5.193501881659885 255 255 255
-1.693496829730672 -2.2333390900312375 7.029432043504765 255 255 255
-1.8905586667491219 -1.3342149977740065 7.091043118291843 255 255 255
-0.892518127181828 -1.7424621466037105 6.316339712096806 255 255 255
-1.6145730612098599 0.7119676375628851 6.118939205707747 255 255 255
0.577551806906674 -1.100792010027396 5.066882912051577 255 255 255
0.7878474888871164 -0.2985087773534521 4.809307325176068 255 255 255
0.7754166165649949 0.467538841866711 4.731476290870027 255 255 255
0.5589032972385487 -0.06882197586061402 4.9600496788932364 255 255 255
-0.08111652103079046 -0.11620996511197021 5.284215643271624 255 255 255
0.4846543406174202 -0.16695707653131758 5.038206844538577 255 255 255
0.5850822413478336 0.9479014082609131 4.881760645958324 255 255 255
0.1622050952978606 -1.7429345552178248 5.462748592195014 255 255 255
1.2182255928281358 0.08292711224190133 4.418876888916008 255 255 255
-0.38903896352165335 -1.6921325898814426 5.890801560112091 255 255 255
1.3511472498802974 -0.6990138403071459 4.435170890087827 255 255 255
-1.4231705737047156 -1.4288353589216292 6.722237747436888 255 255 255
-1.3798004165541045 -2.1831561094530727 6.773588253783064 255 255 255
-0.5765045475165755 0.591428956218768 5.320983409699647 255 255 255
0.21626037288520414 -1.4336633151777836 5.381191489834557 255 255 255
0.8606827216598816 -0.7016949550886408 4.774892778079908 255 255 255
-0.43220964967678477 0.024065112327981232 5.399733358470046 255 255 255
1.0088163624691964 0.9206616244705309 4.519987027746685 255 255 255
0.890724553260622 0.7097200249426132 4.6365849166026925 255 255 255
0.8415692373862264 0.1973742364212679 4.695800040825567 255 255 255
-0.6420540933921703 -0.061344074108004555 5.615681882778929 255 255 255
-1.54659566159249 -1.8642210823661067 6.871087349301253 255 255 255
-1.5038867976245456 -0.7772694683105187 6.730419012108035 255 255 255
0.9704427906706973 -1.5998732819672012 4.78977004416063 255 255 255
1.1775277485923437 0.725428079816287 4.391588542425095 255 255 255
-0.7710507038220219 -1.9532905376812235 6.2303127896020865 255 255 255
0.5901425018028377 -1.3199006079259612 5.06308779103182 255 255 255
0.6397730092640432 -1.5617337936338453 5.0544791488485545 255 255 255
-1.2280514129320892 -1.8763628278522633 6.5978661656962245 255 255 255
0.7832510348920643 -1.0983594582018799 4.886822238383628 255 255 255
-0.6319651369231859 0.2874524031252747 5.459809063314067 255 255 255
-0.7972374693195418 -1.9209456268369824 6.262595952017065 255 255 255
-0.7301104845948738 -2.1727030403400627 6.234912465458952 255 255 255
0.895228017915911 -1.440278429130382 4.82503002935244 255 255 255
0.5534680536668161 0.07347444462471767 4.961942201592989 255 255 255
1.087157703603537 -1.3553625296156928 4.672343027363375 255 255 255
-1.3337511001617046 0.8133284705050552 5.877550121233686 255 255 255
-1.6653718878269692 -1.5497798876033484 6.941025249182971 255 255 255
0.887397898954655 -1.6825735993523858 4.867467464400717 255 255 255
-1.7746007065152547 -1.6165762200976528 7.03006303704774 255 255 255
-0.9184341591374516 -1.85763953660033 6.360074513786523 255 255 255
0.14417422976053806 -0.9120816919750778 5.385129887816554 255 255 255
0.22347667138182822 -1.5262572495892335 5.3776832200369995 255 255 255
-0.992299006930723 0.8218742359062949 5.507886098260576 255 255 255
0.683430315157565 -0.29622456030638794 4.897535093480421 255 255 255
0.28249766354724354 -1.5054103204089722 5.332865721244806 255 255 255
-0.8561787920335919 -0.11047116207046882 5.741613337870243 255 255 255
1.0759229591303552 0.44329559992029016 4.498376744996546 255 255 255
0.14610767047309306 -1.4339294531383462 5.440510350877722 255 255 255
1.0379227159277058 0.22275994712249933 4.555341351616814 255 255 255
0.8321171898430996 0.9492759061151007 4.654958120866472 255 255 255
-0.10128607993813105 0.8363696289073065 4.787997517408621 255 255 255
1.0131189050609524 -1.4541600466420872 4.732950706246595 255 255 255
-0.07106458741832825 1.01729740284414 4.794041022617247 255 255 255
1.2677282209714769 -1.3778078815154002 4.524044589275593 255 255 255
-1.4027572156854702 -1.4664029989430427 6.712993050185461 255 255 255
0.5907682854081909 -0.002418130580284752 4.943165251434374 255 255 255
-1.2510455995466243 -1.797982080766018 6.611136278721864 255 255 255
1.1003020205592617 -0.6868018053388885 4.585193122294857 255 255 255
0.11681499200022744 -1.4723795266388957 5.465437897553211 255 255 255
1.1217281864157962 -0.3683627137069992 4.533993321923121 255 255 255
0.6932999266221513 -0.012050292316469044 4.874570355243159 255 255 255
0.8897987790851439 -0.14236542362298932 4.702097311917932 255 255 255
-0.07847889019320674 -1.8297270528348417 5.658430994671982 255 255 255
-0.8418953130087957 -0.0947529238957942 5.746210534972097 255 255 255
0.2840365235257416 -1.6085059624766016 5.342067094977419 255 255 255
0.6200637969684824 1.0074227149373567 4.8399237462502365 255 255 255
0.5478527169455829 0.8117409623375766 4.906550095590306 255 255 255
0.955298320396184 -1.7012009042660583 4.81689570679799 255 255 255
-0.34178352915787485 -1.773310621264739 5.864159132915455 255 255 255
0.17452967115987386 -1.33508981869528 5.400920412013643 255 255 255
0.020285618212362175 -1.372387141467134 5.530076202533876 255 255 255
0.5689272424833448 -1.4848633058420937 5.102719839048235 255 255 255
0.9163344312848195 0.5984924822096579 4.634370570356484 255 255 255
0.1221654425751122 -1.644651143981461 5.468551019143096 255 255 255
1.2177701619324992 -1.1121162369707651 4.5285575085997705 255 255 255
-0.14987392192727028 0.1578149543490522 5.215206806221979 255 255 255
-0.18078703500382926 1.2770064709667472 4.796512574282749 255 255 255
0.5183143721484478 0.06977737138243398 4.988798304481226 255 255 255
0.5600123656414735 -1.35957064911934 5.097292883259468 255 255 255
-0.2553214489505585 1.1755626417410705 4.79351544335941 255 255 255
0.31548715120110643 -0.7818457189136999 5.227613208350331 255 255 255
-0.9405537703418877 -1.87682799844479 6.373183478011353 255 255 255
0.10829750344237679 -1.5142606668638219 5.46876584674749 255 255 255
0.7315138887612633 -1.702539351461093 4.991515843796595 255 255 255
0.47101980086592027 -0.24953903963717664 5.059741356658219 255 255 255
0.43538655627257644 -0.6073300780067368 5.115352909975812 255 255 255
0.6665123384388068 -0.8642613167545479 4.9633602580529 255 255 255
-1.8531098690266332 -2.3831460626944856 7.200950000161266 255 255 255
0.05665916758663698 -1.4818420899748743 5.508172953849852 255 255 255
-0.12096663559833816 -1.014200059917546 5.48921390103914 255 255 255
0.3688861116454479 -1.4942661179108887 5.259665879948757 255 255 255
0.3275803809458935 -1.5121421091694982 5.288862947696803 255 255 255
0.6869484820189845 -1.6456800149062552 5.016665711510692 255 255 255
1.1324190265153726 -0.14117714622963018 4.509107510339119 255 255 255
1.053866445441735 -1.2192629671873663 4.682928451131275 255 255 255
-0.8985249701341872 0.6935430401785075 5.525793163252789 255 255 255
0.5494133545557478 -0.8021934233764338 5.040310899802329 255 255 255
-1.2248837204714385 -0.014008522261972528 6.14140606695401 255 255 255
0.2824987982733581 -1.0168355405956861 5.280562995571863 255 255 255
-2.0537995365025257 -1.0425430465534118 7.194064578174462 255 255 255
-0.5408121587955524 0.5293733419788801 5.348945596279548 255 255 255
1.0435303737015849 0.1978420461057426 4.556278339280082 255 255 255
0.7346670516066053 -0.2410254607381342 4.860607210231986 255 255 255
0.8924192041347853 -1.655255349391109 4.86085773924043 255 255 255
-1.4616227067329417 -0.7705997857755527 6.677983504499989 255 255 255
0.7271678260904143 0.2753084379140171 4.822103923736511 255 255 255
0.6224834255972994 0.26880554871386325 4.890224913345613 255 255 255
-0.09836927423108767 1.0824881362071903 4.815298719665166 255 255 255
1.245897926552458 -0.7183535872652718 4.466588159037265 255 255 255
-0.584897550453147 0.7376241899211007 5.261473395266841 255 255 255
-0.44611985329580917 0.6917715591949007 5.145729457416323 255 255 255
-1.730911944911831 -0.9445548025150953 6.921712209007487 255 255 255
1.0922703214695297 -0.33748662297838894 4.5596759005674565 255 255 255
0.8516895416149711 -0.682972365789433 4.783226292974609 255 255 255
1.1411959176681508 -0.4942929526125224 4.541584746705472 255 255 255
-1.741842719316939 -1.985728048714089 7.045149211329466 255 255 255
1.1218034619626607 -1.0195731341063439 4.598626872349475 255 255 255
0.6505500601608546 0.4309730368773457 4.86941728736075 255 255 255
0.7201482288715069 -0.4891672596647437 4.869550681917705 255 255 255
-1.4196882234151393 -0.9678170875640665 6.683459623944929 255 255 255
0.8613523360792744 -1.2709257099425637 4.840078556413161 255 255 255
0.6571770157377618 -1.4708345518939347 5.035493716597726 255 255 255
0.2659667334776422 -1.511436074500695 5.343542756722957 255 255 255
-1.723802762683496 -1.833885839574822 7.011123144988921 255 255 255
0.6762894857481713 -0.7642864902741854 4.94603549269991 255 255 255
0.11528893051133628 -0.46064881854614637 5.37975700360443 255 255 255
1.1083308150901965 0.5133552670913833 4.469176996173728 255 255 255
0.7205432760057413 0.027845596091013804 4.833561458950418 255 255 255
0.001949108413497898 -1.6009069368755124 5.560902626917617 255 255 255
1.2046749627137205 0.19845773742928965 4.417818419283826 255 255 255
0.6129230252419373 0.4594486212760794 4.895002081989736 255 255 255
0.7480769076459671 0.8826055561883073 4.750863640800543 255 255 255
-1.1429505914450562 -0.3103755458147704 6.0235041559770615 255 255 255
1.0818061635563867 -0.006633011485876108 4.535140731541761 255 255 255
-1.6727135948049714 0.5902808958585587 6.756392047934528 255 255 255
0.3193492261380932 -1.6021110011923376 5.322105941376679 255 255 255
-0.3809851021228249 -1.8276041693486456 5.854128039317964 255 255 255
1.1100825440861246 -0.16969150216916568 4.5269540744817 255 255 255
0.07406312633210509 -1.1815023537602902 5.462826329034324 255 255 255
-1.0053028470161551 -1.832705403365561 6.414336076231301 255 255 255
-0.09731572046076088 -1.9073981373846782 5.690446937088563 255 255 255
0.04748359760631817 -1.1692973132972917 5.496496511255372 255 255 255
0.7278375047551506 0.8309317339697355 4.778141975738273 255 255 255
0.42718357840834054 -1.5358433161192766 5.2201058328335455 255 255 255
0.9913001431589045 -0.6460101086265944 4.67511435084103 255 255 255
-1.3701508721011162 0.7271649585396245 5.920505288026901 255 255 255
0.5750925404332317 -0.7864331762679989 5.020923763491405 255 255 255
0.32948668203041065 -0.6432850073925795 5.211190620502215 255 255 255
1.19941074144842 1.1215583124531059 4.348917358354492 255 255 255
0.5608367744203743 -1.2688133690248131 5.091292736158442 255 255 255
1.3163048534728217 1.2067321231889667 4.136303215945579 255 255 255
0.3675904567820391 -1.8749564030647845 5.337482273273914 255 255 255
0.7484440682702285 0.14571971016577867 4.810712794434281 255 255 255
-0.5255171170594268 0.6298692645387639 5.21547504075292 255 255 255
0.27923798418189305 -1.6633188707706232 5.34741373171814 255 255 255
-0.13713567374490743 -1.6251386948926998 5.67714067440234 255 255 255
0.0771120143333193 -1.1483312975436086 5.460077534650391 255 255 255
1.0392269670530458 0.5344651711340196 4.530366576836248 255 255 255
0.8701173644296788 0.348898766090856 4.670964818969899 255 255 255
0.6097159896028858 0.5361226767418841 4.873753030908815 255 255 255
1.2573765774145396 0.2970386495732976 4.3651164550987644 255 255 255
0.7487796316745235 -0.9802285888139164 4.894898573273582 255 255 255
-1.0575942318027165 -1.7594147844849073 6.450923343524134 255 255 255
0.2652883651950078 -1.4708028719889903 5.347310957154158 255 255 255
-3.370806212677461 -1.8840850628857053 7.210146770219518 255 255 255
1.2934814462280977 -0.5740988712145823 4.429751610303997 255 255 255
0.3229587289096434 0.664456547294846 4.80599003383857 255 255 255
-0.8124347900558012 -0.14831928721341814 5.729761595612059 255 255 255
-1.7764160574816859 -0.9190644776161088 6.960707673591833 255 255 255
0.9387925755584287 -1.6774926990267873 4.82346590649742 255 255 255
0.5037006539880514 -1.6738777959511 5.1739016726001985 255 255 255
-1.8021262912645064 -1.5892856342261814 7.040409341159606 255 255 255
1.1177510708997742 0.9770660908118611 4.43254317441357 255 255 255
0.9311181814303896 0.8746658744626149 4.5975396177328784 255 255 255
-1.4446425755449197 0.7169563967331444 5.963071641593086 255 255 255
0.8494248866006743 -1.4294111355304988 4.869003522562114 255 255 255
-0.515675828255101 -0.813617523244164 5.360272102571761 255 255 255
0.640268284437459 -0.9870648291189119 4.9875032567031825 255 255 255
-0.8433809843313882 -0.06454235634776713 5.749656348880192 255 255 255
-0.04634232255500257 -1.397582417211143 5.6047080084277505 255 255 255
-1.5561033603016545 -2.295391460061513 6.926716883889308 255 255 255
0.5715216009350887 -1.5279712205936764 5.100159581477035 255 255 255
-0.3213570904431666 -1.9178206469989838 5.88721491812911 255 255 255
1.1818703339110694 -0.7399310012291243 4.529724159561294 255 255 255
0.4301073049607235 -0.9256803099616128 5.144184740545341 255 255 255
0.7686804109894839 -0.8250280595206502 4.873774277320899 255 255 255
-1.3712265537510708 0.42461317485539424 6.253445731837653 255 255 255
-0.9519713504203999 -2.1613633754817245 6.408673853701628 255 255 255
0.48999916984627623 -1.0875065638490078 5.122114674936173 255 255 255
0.929314406272241 -0.44919353039468635 4.6928544532938234 255 255 255
1.0800977549111543 -0.42192969671413805 4.581642720895509 255 255 255
-0.5793009793978868 0.6623860910901201 5.266092770775329 255 255 255
0.9953915748599159 -0.406559408380949 4.663157561172497 255 255 255
-1.208958097562228 0.1944360161505263 6.157078103242008 255 255 255
0.5886680685714638 -0.24580575792890444 4.958441973830214 255 255 255
-1.9926213792479377 -2.498154445178024 7.297760651637703 255 255 255
-0.5306090984040353 0.49137900459920764 5.3681285952441655 255 255 255
1.157266242389234 -0.3208820211338339 4.509157716733761 255 255 255
0.6277685832502167 -1.5566348895591673 5.05835251569229 255 255 255
0.018343625011241323 -1.437557016546479 5.535620997814817 255 255 255
0.9699408446485124 -1.6268003081477331 4.789367598284799 255 255 255
1.0523291318239767 -1.0841344072810761 4.659819908932629 255 255 255
-0.08486690317325521 0.08057002529632046 5.242103641320143 255 255 255
0.17152226204778095 -1.5630814125181962 5.425716094232508 255 255 255
1.1166395011833181 0.4497588503908882 4.471012298648542 255 255 255
0.4389348314972016 -1.6078430776078108 5.22350505409335 255 255 255
-1.7690975269300175 0.07770906819534024 6.869289502230721 255 255 255
0.8063147950347296 0.0054554832033955865 4.774843682382916 255 255 255
0.9347867133189589 -1.480605835670208 4.794401508759246 255 255 255
1.2411924925283808 0.703988354933991 4.355664657935436 255 255 255
-0.8453824026789551 -0.6209269352940467 5.779544350661861 255 255 255
-0.817515998516114 -1.844509976221986 6.258182724996598 255 255 255
-1.6862803768805021 0.49771300861193496 6.774266462577572 255 255 255
0.757650776837801 -1.2613772298797392 4.930033764622669 255 255 255
0.8451439063798258 -0.3671973079189467 4.7641329478917385 255 255 255
-1.977246228709752 0.10444526734079135 7.05648597883819 255 255 255
0.6994557580857705 -1.1693308266220281 4.958754742882883 255 255 255
0.10674937474779769 -1.0161179273418157 5.428796737061953 255 255 255
0.7673419098849152 0.862631133996375 4.728662224049389 255 255 255
1.1538027717825008 -1.087065948269123 4.588854429319656 255 255 255
0.9492691079657636 -0.9884023335526709 4.7240600408409374 255 255 255
1.08160022800019 -0.006641888683512632 4.534713526423213 255 255 255
1.0900159302624617 1.1565144032679537 4.397018183479931 255 255 255
-1.9243115722504223 -0.6917572290821806 7.058567503239231 255 255 255
0.7789371363366149 0.20818644886485496 4.76653509982395 255 255 255
1.2471182502440628 -1.2515015142550847 4.526688387761854 255 255 255
0.04167359817101487 -1.4070982769446825 5.51106528574673 255 255 255
1.0807889035440867 -0.8741645746085388 4.6197168716135755 255 255 255
-0.11590807509295316 0.5876474624791723 4.893007354478517 255 255 255
1.0184510268095122 -0.9947362922280151 4.677794200542477 255 255 255
0.8478567835517545 -0.8369213492337539 4.8049247694699595 255 255 255
0.7455162005509618 0.8075231478299874 4.748266529361497 255 255 255
1.096233067441324 -0.8163280106691021 4.608145996082657 255 255 255
-0.2921271028543143 -1.8984733384492352 5.839487639659997 255 255 255
-0.2372071113923101 -1.9181712897239251 5.800329164018158 255 255 255
-0.5550354363252413 -0.9946138618388162 5.464373491427485 255 255 255
0.4838468482008819 0.5312251451671435 4.982392795674949 255 255 255
-0.5013675754792898 -1.9288040954268437 5.9092899323067 255 255 255
1.0749600222321138 0.7711944686544122 4.483560829050824 255 255 255
-1.6618749922704827 -1.869314365635857 6.975771485006679 255 255 255
1.124577082576296 0.7069618266293085 4.445602161756112 255 255 255
0.25092085595537034 -1.4573425602139696 5.35250903554071 255 255 255
0.8899499944359198 -1.5618626678199388 4.858968802046653 255 255 255
0.5005246471272737 -0.941790113177844 5.095796440462112 255 255 255
0.0762980904471716 0.9501471597670607 4.679408557274687 255 255 255
0.2637967371456717 -0.7593987065385799 5.266037703862395 255 255 255
-0.09761444465585546 0.15623026083413308 5.205854901504049 255 255 255
-0.07827981611156236 0.6155639146417025 4.843371702874693 255 255 255
-0.7310729166083407 -1.9409506625149098 6.208612123596472 255 255 255
0.981173546710146 -1.3043987379700648 4.7475227231448285 255 255 255
0.7075271658080151 0.22251925464303351 4.824930896101475 255 255 255
0.4899969449283017 -1.2607795421322505 5.136241101637564 255 255 255
0.6983968964087424 1.2303537942441207 4.653587928201246 255 255 255
0.555460362733461 -0.5142840162994308 5.006989322784062 255 255 255
0.6014354686133541 0.261778785209961 4.908327169019128 255 255 255
0.8829485888928683 -0.8480208765319571 4.777424705254105 255 255 255
-1.2983272802536503 -2.0354590731410687 6.682006985172192 255 255 255
-0.2677438326742749 -1.838130328625283 5.815187463791938 255 255 255
0.03713530683660503 1.033352242459432 4.708863469310753 255 255 255
0.43214636921384747 0.432029643722254 5.0193993251706885 255 255 255
0.542940883575041 0.3191683366466268 4.956994094871485 255 255 255
-0.37226319658638773 0.023704183073095145 5.356443758038593 255 255 255
1.2085905342961203 -0.030753212802320226 4.436126885253331 255 255 255
-1.0224138835257803 -1.8310123275769938 6.43262117676914 255 255 255
0.6613448724685168 0.633181267507724 4.83929739728042 255 255 255
-0.16394345004303384 -1.3809754234682596 5.679995152726844 255 255 255
1.1448176619379689 0.23427989210714462 4.4647134751477 255 255 255
0.12574757025326008 0.630232121071779 4.67371975255396 255 255 255
0.7389187925564817 0.0217957676918216 4.819945191267839 255 255 255
-0.03343550398896264 0.5853440702782741 4.796274198158469 255 255 255
-1.3948844282121924 -1.7391392584693717 6.735584538773953 255 255 255
-1.5464145806519614 -2.140583142115897 6.898325920577458 255 255 255
0.7981161402096966 0.8463119334323606 4.7088657100412075 255 255 255
0.43383293015359203 -1.273301344743878 5.2049766383577225 255 255 255
0.8682711276905902 -1.317927070439901 4.8420387241576135 255 255 255
0.954696299864507 -0.13020848213454939 4.653894565603633 255 255 255
-0.7625093740403347 -2.0368255427048245 6.243003194313315 255 255 255
1.8977045678292348 0.3047554918320047 4.549543879668525 255 255 255
-0.4429599118660014 -1.7607351620868332 5.91806847319328 255 255 255
0.7824880472157832 -1.2121540194269211 4.900994816127605 255 255 255
1.120423306407088 0.7904075389779454 4.439949566756436 255 255 255
0.9570671910208656 0.5549361581689085 4.588834738935502 255 255 255
0.5924871127744347 -0.4331348846119673 4.971888658249481 255 255 255
-0.19738405407893606 1.19973969521494 4.81345281585017 255 255 255
0.6595994478279655 0.32290938771054256 4.85019836608864 255 255 255
1.000526447644545 0.21888198268984385 4.584808091763517 255 255 255
0.1594726516005373 -1.5421421885513198 5.4412959923670705 255 255 255
0.512348168708361 -0.9199413370658039 5.086157713157178 255 255 255
1.007549929352811 -0.12096887128460082 4.609882482726558 255 255 255
0.0905659887184386 -1.3680333570350376 5.464358471104936 255 255 255
0.3684715545810709 -0.8348040614788614 5.189941295187859 255 255 255
0.4966414484234934 0.6726739409726987 4.959575954728051 255 255 255
-0.6321863361719492 -0.47616535656942344 5.6078741103313625 255 255 255
1.1235244239121382 -1.3693694272616168 4.6367187578683655 255 255 255
0.7493031386479135 -1.0165997309921142 4.8990141202930335 255 255 255
0.6396262130159355 -0.9519933397425471 4.988622016167581 255 255 255
-0.7215458371190004 -2.1915084722098115 6.2258214881039695 255 255 255
-0.12790120181091574 -0.33745896676116854 5.322560935917342 255 255 255
-0.20358858564975255 -1.8843166322731637 5.759229759253084 255 255 255
-0.6791777034466434 0.7915274698049714 5.330726655735403 255 255 255
0.5118617444856577 0.34775138589979515 4.96806663213685 255 255 255
0.9075466708708669 -1.39902662215622 4.814702616671561 255 255 255
-1.8719859066833247 -1.2135005342129643 7.052619809436408 255 255 255
-1.1896145702396743 -1.9411491905092175 6.576770477734978 255 255 255
0.7079253313714605 0.8013456997272644 4.7790595238217115 255 255 255
0.4670830615608665 -0.3389452938388201 5.061057927849453 255 255 255
0.47916901659029576 0.5834826599317386 4.9733320810127735 255 255 255
1.0865383950650507 -0.6040438813568461 4.586519361253441 255 255 255
-2.8558867359061884 -1.5708317499508473 7.511526295113501 255 255 255
0.5742265992543913 -1.41430750000068 5.0932287638684 255 255 255
1.2954959069657674 -0.20881317718367615 4.37697855774431 255 255 255
0.003973967720322856 0.9774890401727114 4.737940274238212 255 255 255
1.056066490678848 -1.274748707448704 4.6895233738602355 255 255 255
-0.018776495344160645 -1.3708781695946943 5.564038439375653 255 255 255
0.6216909179700312 -0.3153682271544551 4.935964278895355 255 255 255
-1.0007450331199501 -2.254631685134057 6.461592362200029 255 255 255
0.42272623725936653 0.16526792127935316 5.058833021117969 255 255 255
-0.9819371806131978 0.7753834175703889 5.589831141842238 255 255 255
-0.03293679659546272 0.6123571302110881 4.8147893655823335 255 255 255
-0.9340918360658123 -1.711485792238864 6.339289063725906 255 255 255
-1.3716190181200514 -2.3470161151441564 6.7853343368862475 255 255 255
0.4853756430660796 -1.466216639416757 5.177300486040432 255 255 255
1.050333170284732 -0.007804165021744769 4.557096078790668 255 255 255
0.8780015948006029 0.056502562047563064 4.706018390663696 255 255 255
0.1780130084977818 -1.347209528377827 5.39525986743587 255 255 255
-0.18100006087357104 0.6241508449538152 4.935595543177988 255 255 255
1.0251836223513209 0.9249346450430781 4.508466846358763 255 255 255
-0.18665647365577515 -1.5291910382814793 5.716065320728583 255 255 255
1.1753654370429938 -0.1132491924628508 4.476208150185271 255 255 255
-1.986043213220866 0.6625533010223659 7.004021820662269 255 255 255
-0.06238311434779858 -1.966599437171245 5.671117849786364 255 255 255
0.5923584023117161 -1.7953142343095014 5.130232937653785 255 255 255
0.7189147254621432 1.2236724316958194 4.642694532353761 255 255 255
0.2564905126520803 0.5713779741680448 4.734925804288859 255 255 255
0.11722337593519352 -1.7747090987783163 5.480777091610657 255 255 255
1.1346150795194951 0.2412843602274458 4.471953024899431 255 255 255
0.3250870850777422 -1.3976120235130214 5.279305400106076 255 255 255
0.8945328631333754 -0.00766202642004957 4.697417840918474 255 255 255
1.189721987646228 0.2005147045004473 4.43680609258576 255 255 255
0.6357446766632003 0.6831614523984868 4.842811181568395 255 255 255
0.4223826330661465 -0.6781358433899961 5.1498636914179166 255 255 255
1.0238265519709093 -1.0972704652466037 4.682718185623781 255 255 255
-1.5080807286602553 -2.293497397555724 6.887014004412218 255 255 255
0.9378207194361405 -0.4395354914450185 4.703829189188248 255 255 255
0.43974388658012725 -0.4196093088144848 5.092088889319151 255 255 255
-0.963767578998786 -0.7190871787119182 5.740271074550245 255 255 255
-0.7787927584134855 0.6153971764870514 5.425591436730304 255 255 255
-1.862169719225297 0.6595248367857608 6.905510357339098 255 255 255
0.9320245238562663 -1.3917424361148865 4.791130040411607 255 255 255
-0.5044942020675605 -0.8055456509710142 5.359471778483518 255 255 255
0.6847515678964085 0.048016593406694355 4.858456380425809 255 255 255
0.8219406533306699 0.41047795043806096 4.7105156402212245 255 255 255
0.6654787660598451 -1.1617237966861953 4.984394896930463 255 255 255
0.6674292014159221 -0.8440797645731214 4.95295987269814 255 255 255
0.6901481122080088 1.07041642967061 4.7717216170135215 255 255 255
-0.8800521346143565 -1.8588102047901436 6.3206353208580985 255 255 255
0.6687392546042482 0.5723454595979136 4.82600849368047 255 255 255
-0.5137282131319412 0.5709636635420068 5.302026286986842 255 255 255
1.2742415950947001 0.0069610200282464 4.371530184082849 255 255 255
-1.9781293266329556 0.45183240231462335 7.018845728398793 255 255 255
-1.3016269837858225 -1.8135171376478985 6.647951225412104 255 255 255
0.7862076335488297 -1.4720281125597934 4.928210305106671 255 255 255
0.3341832392435629 -0.7051932633129303 5.223181940708528 255 255 255
-0.13311421932076425 -0.33760138845647264 5.316847992120741 255 255 255
0.8709347567421624 -0.1897869297908593 4.726176083838161 255 255 255
0.03687103088617621 0.5852470012110597 4.76007618566414 255 255 255
-1.3490338525636394 -0.563266919549269 6.571161795393045 255 255 255
0.6410112079275083 -0.6035457611574669 4.951966803957173 255 255 255
0.7194601889513136 -0.04440464466095184 4.85304521129336 255 255 255
0.6341643888232569 0.41910414414971253 4.870855684351274 255 255 255
-3.2119158285942753 -2.4606183653438793 7.433764415140297 255 255 255
-0.44630643618669796 -1.9758180346890617 5.869677813152771 255 255 255
-1.8189837371006499 -0.20141949974079867 6.921858176527751 255 255 255
0.8584421987078451 -0.9766853276770472 4.806497224455619 255 255 255
0.5920431106535843 -0.03047776720190501 4.92944072181736 255 255 255
-1.1784087794344378 0.10533367388619609 6.146319514984922 255 255 255
1.3358641200345434 0.24954100135117202 4.340333354254422 255 255 255
-1.5889337218212223 -1.8607523690619217 6.908658493213292 255 255 255
1.3385671538259156 0.8576178433921423 4.285637524020986 255 255 255
0.7229124656879493 -1.5671329593211938 4.975350710578474 255 255 255
0.07998581239804879 0.8863584525558325 4.677501408523677 255 255 255
-1.2267910444935606 -1.9025132267108444 6.598109481701307 255 255 255
0.4448547948733872 0.7275354071329113 4.923625892406268 255 255 255
0.6056484899042992 -1.4011674765237656 5.057457956256643 255 255 255
-2.382276691964559 0.4020003628122349 7.2891475741323655 255 255 255
-1.159350801021447 -2.097647902577622 6.5887832449372015 255 255 255
1.343369997304158 1.3551901082362126 4.1042836565299226 255 255 255
-0.24904915151237145 -1.9913136864811707 5.833578493058564 255 255 255
0.9552660720792918 -1.4467897816475637 4.773598448205001 255 255 255
0.25932014060317254 -0.983566117651775 5.302436880666136 255 255 255
0.833934565682125 -1.6105848535153815 4.90088435018798 255 255 255
0.7692004265370533 -1.488154446246771 4.9436246145672635 255 255 255
0.8083315955182441 1.116072324540405 4.671587489284293 255 255 255
1.2084112687065212 -0.908198594285733 4.521452852905432 255 255 255
0.4175564292634638 -1.343480901942359 5.223585561764562 255 255 255
-0.476163752381308 -1.929966933797038 5.8976347141697225 255 255 255
-1.4582140022046373 -2.3336672168522643 6.8432760020692225 255 255 255
-1.1814726626646326 -1.5880662259625804 6.522088438679358 255 255 255
1.2884385743441575 0.3100199606604968 4.340938804549662 255 255 255
1.0519924845973287 -1.2412134626670044 4.683733789890739 255 255 255
1.2954959069657674 -0.20881317718367615 4.37697855774431 255 255 255
0.3962903414665943 -1.0776355305679939 5.199875367911515 255 255 255
1.0200282054599783 -1.205936856296693 4.694396643340229 255 255 255
-1.4888509955339606 -1.9988142638606794 6.817330271642737 255 255 255
1.1377551555365222 -0.5604827722326443 4.545797417664717 255 255 255
-1.6319858567540588 0.5869536986799915 6.725123138695478 255 255 255
-1.0826407377390725 -2.2560950777401723 6.535313790543807 255 255 255
0.9377297808607106 0.3624880824398904 4.616455057985538 255 255 255
-1.7666599952770985 0.2621867803916081 6.867482494207941 255 255 255
0.8069807397067358 -1.0717305135083863 4.8614240105270445 255 255 255
-0.48807876613529194 -1.0191224030501032 5.409443130695832 255 255 255
1.1095047343062685 0.6947748273323946 4.45236305220488 255 255 255
1.3190622072936042 0.7425590374909338 4.285654501198936 255 255 255
0.6834560592105067 -0.16041947568052012 4.884305428174731 255 255 255
-1.8150673391376506 -2.0968370082540173 7.116682400470814 255 255 255
-1.8588431681039015 0.5118760538062478 6.918227772373245 255 255 255
0.6561642465238013 -1.3683569038417742 5.010543724464324 255 255 255
0.8938021643408318 -1.1426754569373434 4.799703774937486 255 255 255
0.31952571979181515 -1.5424255417219213 5.305077632011427 255 255 255
1.2704293080439941 0.5065836813484274 4.345726226637039 255 255 255
-1.3778347367071855 -2.3734317456207874 6.782779137753771 255 255 255
1.1983454702772727 -0.7438836047084855 4.510111815906465 255 255 255
-0.08261472047077606 1.085924538945394 4.804526423264793 255 255 255
0.7893990997714371 -1.433112784695056 4.914109310687859 255 255 255
0.6823444361752633 -1.4351660185513473 5.000762420583441 255 255 255
1.3853079670948323 1.2084917415673648 4.144822145015292 255 255 255
0.3172712422490349 -0.8763909556021153 5.23516346059466 255 255 255
0.6426744582084783 1.0061540472612542 4.812252031961398 255 255 255
0.5393489698341178 0.19528126262324486 4.986202151451869 255 255 255
0.5769158232636801 0.5617740896476594 4.897263272100678 255 255 255
0.5704516884877557 -0.44024931403271145 4.996511455871516 255 255 255
-1.400775612369785 -2.137996594569323 6.766867070192919 255 255 255
-0.8673604119829321 -1.7699478341938968 6.292429349966361 255 255 255
1.1003020205592617 -0.6868018053388885 4.585193122294857 255 255 255
0.4463252858854492 -1.5104514223124181 5.203585376858586 255 255 255
0.9422249981424045 -0.07845720998048059 4.660393276983762 255 255 255
-1.0170287123288297 -2.1796204647686084 6.462076913239714 255 255 255
0.47090689978458344 -1.4012794294881759 5.165819797291731 255 255 255
-1.3838569167191734 -2.1358034505604073 6.758260527746705 255 255 255
-1.325317756574779 -1.7980624178703826 6.682834849375144 255 255 255
0.629195764028086 -0.9923984324105591 4.991717354297266 255 255 255
0.7165109924716414 0.44588615151610494 4.831770384553558 255 255 255
0.9147518022366792 0.9936534788330509 4.595015315255523 255 255 255
0.7715551553392174 0.030209810764231404 4.787496984640401 255 255 255
-0.4179860108276378 -1.987234357549816 5.8492965498259215 255 255 255
1.0787814446417803 -0.4460418965503911 4.581382667809813 255 255 255
1.1875163870531618 0.6525862792139385 4.3921062435557685 255 255 255
-0.1134995453785863 -1.382131367373699 5.636999069534164 255 255 255
1.033388429681117 -1.5087211288674953 4.719208312412846 255 255 255
1.1710768356046986 1.0508299830942673 4.376839578121481 255 255 255
0.986417195246825 -1.6425073643930599 4.777296444356635 255 255 255
0.25483132738752745 -1.3887754657319966 5.334633309354193 255 255 255
0.008738368349896358 1.0008196536129148 4.731814031696779 255 255 255
-1.6783475812170345 0.2918626956749763 6.786921995529442 255 255 255
0.9087582069511506 -1.7013279739982567 4.855160744781316 255 255 255
1.0102318800373524 -1.4689618922063352 4.734016641335516 255 255 255
0.511490172343607 -1.4229762303595095 5.138648549307288 255 255 255
1.0944494246101941 0.797912548457253 4.4674424116292455 255 255 255
0.5615775579101837 0.7034322753920679 4.912165055032934 255 255 255
1.1364701019637617 -1.05866178292911 4.579815629303591 255 255 255
0.8812761818401728 -1.0782968695220199 4.796461789273611 255 255 255
-2.778655557401383 1.463207900646358 7.013474125804537 255 255 255
1.267570191704131 -1.5605204918230027 4.542914640602465 255 255 255
0.9322665340667045 0.8402253711024621 4.592704776697811 255 255 255
0.2833989580452623 -1.34078826776429 5.306689994118709 255 255 255
-0.4615881709371762 -0.8220276484942555 5.326631686686901 255 255 255
0.6056801399648839 -0.042242280009704196 4.926447598337231 255 255 255
0.2753050199622966 -1.2876284807378922 5.313751996090429 255 255 255
1.1191302791570144 0.050891141076621856 4.49983401229914 255 255 255
-1.4187120858053919 0.652120933494129 6.067651464032051 255 255 255
0.9151688181275908 -0.2600213432954064 4.695276319467048 255 255 255
0.7497174803546152 0.7590827394509686 4.754882329416719 255 255 255
1.0316544611539495 1.143387422305982 4.481907893444764 255 255 255
-1.4181283759590697 -1.929985940589289 6.750085500022904 255 255 255
-1.1660955222815113 -1.737939221732435 6.5442607433818365 255 255 255
-0.7322047188446692 0.1703233031988508 5.533550512484461 255 255 255
0.25630078442673027 -0.9368898451071349 5.2931226453571 255 255 255
-0.16452341565937842 0.8546093365789104 4.810113942344347 255 255 255
0.5055217357248961 0.31896282783675795 4.9959093227295615 255 255 255
-1.053837412616343 -1.6655605366285706 6.432229259224499 255 255 255
-0.6820525577771862 -0.6757406235617889 5.625398027558204 255 255 255
0.5687109724323614 -1.3171952702027068 5.087584600828392 255 255 255
-1.409800769677752 0.7788678957403 5.952337535891321 255 255 255
-1.3855616700451774 0.7309907769994648 5.927802908588558 255 255 255
0.003973967720322856 0.9774890401727114 4.737940274238212 255 255 255
-0.6877808949479752 -1.8815041566824755 6.171776222567222 255 255 255
0.12303933933379163 -1.0411968585497478 5.412336034249613 255 255 255
1.0398763418886905 0.879911040800055 4.524715546924804 255 255 255
0.03480750980329858 0.6936538524561815 4.76137755553942 255 255 255
-1.7290150478146347 0.07866972378309355 6.841287335803129 255 255 255
0.38580679915953964 0.5744601330629174 4.8720433926371705 255 255 255
0.368663353172936 -0.687880917112722 5.176263992061034 255 255 255
0.5790333514087062 -0.30884889627513473 4.981060561945158 255 255 255
-0.5185602883434789 -1.8597940181217818 5.926129705163606 255 255 255
-0.6802390596388863 -0.19903173420028894 5.632731064532549 255 255 255
-0.015726269281942932 -1.5706341649415458 5.575530585261547 255 255 255
0.29041452759593084 -0.7607604803052315 5.253820040085911 255 255 255
0.7742552641696856 -0.06034176890413942 4.809588105453742 255 255 255
-1.010882261958164 0.6890107598190763 5.621969310991495 255 255 255
1.0445299330638904 -1.2675914778153548 4.69290746963629 255 255 255
0.5459623785799084 0.3593397775217019 4.94161578811302 255 255 255
-1.2535728667867059 0.7104004707486736 5.819386579052944 255 255 255
0.769354189904269 -1.719100754271526 4.973421181364904 255 255 255
-1.6976028686315217 -1.029446725076075 6.908273973484064 255 255 255
0.8032840986494427 -0.7417279902437779 4.855016286665661 255 255 255
0.6816548801491116 0.5336835433524071 4.8326409430036925 255 255 255
-1.0199992495175694 -1.9411917459548302 6.436235791878014 255 255 255
1.0813681184974666 -1.0357627868672448 4.632666168345503 255 255 255
0.674130961038601 -0.8753378867590513 4.95672836430717 255 255 255
-1.5997533983948513 -1.0373180080014337 6.8326705392322005 255 255 255
-1.018836123103484 -2.194770024959204 6.464294384264379 255 255 255
-1.2119958161811617 -1.6317555888487905 6.557824125358523 255 255 255
-1.7856342757588948 0.4616716647545801 6.86359363650979 255 255 255
-1.2093935520283565 -0.002258254578180364 6.136247758162484 255 255 255
-1.207694212272597 -1.8560072768416702 6.578028731256423 255 255 255
1.054042782251499 0.0020018488376481332 4.561716246864752 255 255 255
-0.9647255197360967 -2.0059435866149933 6.405828633156844 255 255 255
0.2158009765479262 -1.2360950578685714 5.370507626242548 255 255 255
0.3938927510981423 -1.8383667678940283 5.27739965708557 255 255 255
0.5943843424789 0.3434501101421651 4.914622594000379 255 255 255
0.997684001248735 -1.5723489475735257 4.762500964397696 255 255 255
0.3309012380042336 -1.1773988197653353 5.243192776390092 255 255 255
-0.11719961789261316 -1.9046232407471275 5.706796554373256 255 255 255
0.25733615839863977 -0.8139026916184379 5.279298862405759 255 255 255
1.267481331434251 -0.7606861800003976 4.459486700187278 255 255 255
1.0798126575405487 -1.2658333553945773 4.670845947237204 255 255 255
0.9443554218472417 0.5847606829908301 4.6064479534145 255 255 255
0.8787925257669313 -1.440675179098035 4.842822655567706 255 255 255
-1.4141209323977277 0.7067187662366767 5.953473552748558 255 255 255
-1.9077203540944245 -1.9451510996821335 7.172311004080928 255 255 255
-1.6933532709736392 -0.5529297622900311 6.854553841312073 255 255 255
-2.016952123433306 -0.188522288951689 7.1019146437054586 255 255 255
1.2680519274671394 -0.19858415946975705 4.4032023478480165 255 255 255
-2.9780420481752503 -2.492311960223434 7.6484399406332315 255 255 255
-0.8689390956683934 -0.6624180448615584 5.758361455318954 255 255 255
0.01783749241264956 -1.7539557610000045 5.575146863834652 255 255 255
1.3160278648456618 0.8670292491012785 4.27395918311597 255 255 255
0.9728565857120168 -1.4402927869639186 4.763829789818513 255 255 255
-1.9272848204307507 -0.8810744553819744 7.071220014910571 255 255 255
-0.8954829347683885 0.2943590377796735 5.7773555683036 255 255 255
-3.376361485474338 -1.692017391493712 7.196767812652711 255 255 255
0.8245641308192663 -0.1580130670161256 4.744372853283076 255 255 255
1.0283250161499062 -1.6712886111029315 4.747755269971638 255 255 255
1.1890406262202804 -1.0217270671258243 4.547429283781294 255 255 255
0.5342474706727677 0.3010141492086416 4.969832167411116 255 255 255
1.0335548866116748 1.109571975667597 4.484271953368637 255 255 255
1.5986589087016523 -0.866142291706066 4.657947205943273 255 255 255
-0.40465063480100555 -1.8638662862125033 5.832605619223691 255 255 255
0.8219375730365013 -0.6096243546887996 4.803697427214124 255 255 255
0.9526170133873287 -0.05241690315173063 4.647011770711837 255 255 255
-0.8752222503522394 -0.5694467348589224 5.6979268884933125 255 255 255
-1.7476864692298042 -1.778268872157005 7.009840135026767 255 255 255
-1.2011525589022414 -1.447188693722016 6.524502494158778 255 255 255
0.8266926462631713 0.8579116610011791 4.681411525833309 255 255 255
0.5873937668324957 0.8564236135467906 4.866318461501726 255 255 255
1.3406852044096815 1.1197967173516743 4.262196381321076 255 255 255
-0.7642513449704713 -1.227924471558847 5.575974850370437 255 255 255
0.190609496983434 -1.9189549427213468 5.446113044477631 255 255 255
-1.236943882580106 -1.5212029890316625 6.574294254082146 255 255 255
1.2122829022998027 0.7662177084531406 4.373219086565823 255 255 255
-0.13985381444184183 -0.6855556526520304 5.217557789274454 255 255 255
0.4829327927468649 -1.3511230409086776 5.147960937607107 255 255 255
0.7164566918357957 -1.0102613702563843 4.925470141032408 255 255 255
0.5943676583903293 -1.5235095314630218 5.0833625595539065 255 255 255
-0.07383727933517048 -1.353821462874198 5.602202442517571 255 255 255
-0.19620470513715083 -1.7818442939958055 5.749859775218927 255 255 255
0.8568989934463311 0.3547407668856204 4.683431677480209 255 255 255
-0.9913833759098448 -1.789075979640777 6.403123155896672 255 255 255
0.8327225361425625 -0.0006461184849089223 4.741476427915192 255 255 255
0.5810289499804362 1.0341425687934827 4.869186400102998 255 255 255
0.15226569020089023 -1.2200104538710301 5.415717243033879 255 255 255
0.610379963869847 -0.6977229956918355 5.001237338879044 255 255 255
-1.7999888010800922 -1.8264195928458022 7.073759192458127 255 255 255
0.6535186071883019 -1.0423123452201244 5.0040604578113745 255 255 255
-0.5957208657968087 0.31959514980815257 5.4212654061813375 255 255 255
0.5730168222499417 0.7103167273239261 4.900761958417075 255 255 255
-1.003145936461535 -2.1132036645621586 6.460263964069536 255 255 255
0.11669073976185976 -1.5565065987567261 5.466734759090531 255 255 255
1.1000580602922378 -1.2014578709228556 4.643958979842822 255 255 255
0.9447235214371112 1.0134252634255436 4.581701987718316 255 255 255
-1.1620172135491624 0.022994297325641955 6.141422888629587 255 255 255
0.47916901659029576 0.5834826599317386 4.9733320810127735 255 255 255
-1.8349110014488896 -0.7443262212073111 6.97867202529726 255 255 255
0.5696906104392919 1.2266879601052485 4.78164553391187 255 255 255
-0.23986158686113004 1.245261397978703 4.748679898884082 255 255 255
-1.310243578749803 -1.565553542320119 6.651524025260355 255 255 255
0.2190632974989765 -0.8331166162558495 5.3158911909136455 255 255 255
0.9119497626089322 -1.2514245352460098 4.791818956753225 255 255 255
1.0946194559183158 0.5999441125203514 4.489173359078855 255 255 255
1.1276515761701973 -0.526976877147501 4.545825437683208 255 255 255
-1.689861459291444 -1.6614439495046966 6.95415238295144 255 255 255
0.5483587820397521 0.09527357945231239 4.951239332157468 255 255 255
-0.7939286826420214 -2.0514677748239447 6.270801186660965 255 255 255
-0.12547702972899968 -2.0209908711251563 5.719455189054029 255 255 255
-0.7802971247671793 0.6539373291816966 5.429798746982697 255 255 255
0.2659667334776422 -1.511436074500695 5.343542756722957 255 255 255
2.697447166696061 -1.860054808287931 5.382852875152024 255 255 255
0.8770862987870649 -1.141815509162987 4.809778139948994 255 255 255
0.6975929304773782 -1.3993276286965812 4.9776218598226025 255 255 255
0.766058450240142 0.8392958152625735 4.723259285163501 255 255 255
0.18888946048955205 -0.7965831698581195 5.328383167770775 255 255 255
0.888139393882499 -0.3801304016540235 4.732472881249997 255 255 255
1.2530665622123192 -1.4746124963449483 4.544607222370941 255 255 255
-0.7965721776413429 0.6498260924476488 5.427642894253383 255 255 255
0.8785943688870067 -1.6744303413475905 4.871357248711994 255 255 255
1.3835857114875572 -0.18599571032674878 4.399164910150778 255 255 255
0.09263402752249701 0.6167302600775016 4.6856402629386915 255 255 255
-0.4810446792748135 -1.8084562731545546 5.885431684702993 255 255 255
1.333432180320298 -0.10773795441126703 4.3771680603286445 255 255 255
0.7526589158174127 1.0184219924648115 4.727876727297397 255 255 255
0.6593128469693093 0.7843348973534354 4.827145970268176 255 255 255
1.1667134145004083 -1.437074432405472 4.613778120556851 255 255 255
1.4303315448963516 1.2149426953886089 4.171739851376437 255 255 255
-0.5193651701057656 -1.9128472339615166 5.9312088024316685 255 255 255
0.8870131162481693 -0.3486191689636264 4.728832889147404 255 255 255
0.8479062779742861 1.3586141900780975 4.500076280773068 255 255 255
0.6951143012291042 0.32258742163183346 4.821582735377432 255 255 255
-0.5101954709188691 -1.7362018847706986 5.919416309757519 255 255 255
-1.838814693517067 -1.6444197425298024 7.080277971179117 255 255 255
-0.3747393558509841 -1.6992098002828566 5.880869135280944 255 255 255
0.18760723510514887 -1.632927713063412 5.417727133277776 255 255 255
-0.6916765624145392 0.40574374477478353 5.561017770250394 255 255 255
0.3321652069329821 -0.7247207845992809 5.209161748597688 255 255 255
0.9583294537635164 0.3499732140193524 4.599774576283594 255 255 255
1.1418514857011257 -0.8538281242997947 4.564853696977124 255 255 255
-1.4131912195340954 -2.29566986118101 6.811203432285747 255 255 255
0.7838084583227211 0.46005470758461653 4.717344362617538 255 255 255
-0.06867751428621882 0.6462778958400034 4.828140065451823 255 255 255
1.24302802689001 -0.4991929826139324 4.449890057396701 255 255 255
-0.08190294335764328 0.29348456866558825 5.256358327910082 255 255 255
-1.9354751841349949 -0.6504277306189056 7.042625849491289 255 255 255
-0.9093679284612313 -0.6442801964465054 5.718962824764359 255 255 255
0.6961761487471906 -1.0199443811291973 4.944849978025357 255 255 255
-1.371489906378469 -2.0564163895368393 6.748093567370155 255 255 255
0.09186576360076472 0.5749694756349947 4.700245918582557 255 255 255
0.5325147442159517 0.6175884570538128 4.923284121713157 255 255 255
0.504488449809048 -1.4686635535086185 5.165672747843268 255 255 255
1.19683306258199 -0.49703970438547845 4.49313380134131 255 255 255
0.5146507916055728 -1.2214414326604686 5.118261536162127 255 255 255
1.016694559316435 0.18751586612543106 4.579561193920559 255 255 255
0.7843072990093134 0.3284512034984388 4.75094259862955 255 255 255
1.3034937407186227 -0.3100559038966071 4.3847693154188425 255 255 255
0.46279672435282143 -0.2964761461814687 5.065903758569212 255 255 255
-0.018155397542248562 -1.9020331610464798 5.629308635005576 255 255 255
0.7856067088606746 -1.632356036096082 4.939242061507971 255 255 255
0.7072696632787697 -0.292648653513559 4.865020436602378 255 255 255
0.833934565682125 -1.6105848535153815 4.90088435018798 255 255 255
0.48483406843055954 0.6845049204166606 4.966530436952828 255 255 255
-1.8063476204788689 -1.3579235378427872 7.029045501536753 255 255 255
-1.1582108868261605 -0.11725583704779761 6.146145627119851 255 255 255
-0.06811473394190902 1.2955698102039184 4.704903053643048 255 255 255
-0.19938559923890534 -1.7940003069610548 5.755179176241665 255 255 255
0.4032412079123285 0.7024970353405134 4.890248471504521 255 255 255
0.09938218310973142 -1.2124445903767678 5.452513515091952 255 255 255
1.2318038397753093 -0.18567593361694396 4.432087447082125 255 255 255
1.152160836881865 1.038504780295174 4.405159666459339 255 255 255
-1.5921664044439043 -0.3992171911584548 6.774869239210833 255 255 255
1.3454070108796823 -0.6922323151956331 4.430297663739364 255 255 255
-1.79216577841107 -1.537958721098952 7.033505673882256 255 255 255
0.18004924464926472 -1.1452157892425525 5.378165622104301 255 255 255
-0.009701844372740206 -1.58996885911998 5.572359640813309 255 255 255
0.9158501802186347 -1.2183131562513294 4.791738407933272 255 255 255
-0.1713356275973131 -1.6531261460809503 5.720892738581238 255 255 255
1.3894720553966777 0.8561204597582858 4.33440625648499 255 255 255
-1.8934817678973386 0.43469945220463063 6.94183948164985 255 255 255
0.8879166392836717 -1.6002588101154338 4.857295539365822 255 255 255
1.2829744311203501 0.3403262234848202 4.342952978770838 255 255 255
-1.8011610066637083 -0.6931621960266818 6.970545325920573 255 255 255
0.47090689978458344 -1.4012794294881759 5.165819797291731 255 255 255
1.3522235241689844 -0.4972452209408879 4.414418146683233 255 255 255
0.04798223213887724 1.0502211360690554 4.701487613365731 255 255 255
0.3058789687891611 -0.3383487327742147 5.202201024816702 255 255 255
0.09365388165060254 1.1224931265243434 4.652284235890884 255 255 255
1.2437411586216924 -1.0310004985209376 4.503949995788147 255 255 255
-0.4069550282240583 0.40766429103588786 5.359911269101937 255 255 255
0.3975891360703718 0.6652020692677816 4.883936156316503 255 255 255
-3.382037588399493 -1.8674884924730428 7.189282399383016 255 255 255
0.1733626258584468 -1.0648308267067783 5.366674380615298 255 255 255
1.7603490858700848 0.8037894114334987 4.596171713817101 255 255 255
0.7445583096736684 0.285238421757896 4.804093937829557 255 255 255
1.1821725009647257 0.9914828665575898 4.379113037212725 255 255 255
-0.9715317220292132 -1.7425437173250045 6.3793945021516585 255 255 255
0.41580943583304725 -0.721287901680936 5.149380819325738 255 255 255
-1.9937101823211985 -1.5472877023484712 7.182535991006267 255 255 255
-1.0989624233943318 -1.625716523130804 6.478568096491937 255 255 255
0.3396411523394305 -1.6930245562166681 5.307286910732484 255 255 255
0.90192022960709 -1.1091318853325591 4.781541980307567 255 255 255
1.0286208309497749 -1.106632857504942 4.679787854205114 255 255 255
0.6693449520965555 -1.3959187427554092 5.005196294897152 255 255 255
1.1322313451497175 0.2621030497301222 4.492366840566241 255 255 255
0.14483407064918558 -1.547200339525355 5.442337783384921 255 255 255
0.08900283285526851 -1.569401480433433 5.504604222393137 255 255 255
0.6953522884750719 1.1042433283792445 4.793602686393156 255 255 255
0.7671964151079127 -0.9823833370634244 4.879258174862442 255 255 255
0.4133149943534484 -0.8711906923896179 5.168689089380695 255 255 255
0.1479916061079792 -1.5128888676820806 5.4356131002608645 255 255 255
0.3299238430954539 -1.8663263110441088 5.348926038085025 255 255 255
-0.05763178244337046 0.28734018601000616 5.239824377071026 255 255 255
0.699116470472537 0.2751662484610795 4.842509804432644 255 255 255
0.8968087984675367 0.1071047207276849 4.6783850757238445 255 255 255
-1.4561960137240875 -1.7646714951443898 6.7918198913671315 255 255 255
0.7955478818181995 0.3538627310069179 4.738633789059491 255 255 255
1.2758823583001968 1.0133345019121032 4.294174235759482 255 255 255
-1.6544288053853837 -0.416332959726578 6.8042931678722045 255 255 255
1.0485500456045291 0.5129388896502877 4.5306459183545105 255 255 255
1.2256359804374806 -0.1910816611713464 4.436697859053848 255 255 255
1.2077923964456088 1.1153150280994821 4.343828098378145 255 255 255
0.44703933977264226 -0.3851429081583499 5.094448104189001 255 255 255
-0.7639651880215037 -1.9998739638171856 6.242500947985798 255 255 255
0.5123890625031845 -1.4952093975101022 5.150423019213076 255 255 255
-1.2385770292039486 -0.09673368020136881 6.137006558435701 255 255 255
0.26961626887342705 -1.3282664553650427 5.317495549594802 255 255 255
-0.20068369227273816 -0.42451677165867313 5.367298571030046 255 255 255
-0.6492351933082459 0.04272980084539911 5.506106942778399 255 255 255
-1.7516339416346198 0.08251444347473065 6.86111560425015 255 255 255
0.0172368325905468 -1.672139067805916 5.58351741748926 255 255 255
-1.24698833463963 -2.1303710178877826 6.6461421493291795 255 255 255
-1.3395355627275896 0.7488892717532082 5.896804070339663 255 255 255
1.2256411757804369 -0.8155678613107407 4.4948716670915285 255 255 255
-1.8262446878844834 0.12025257862808075 6.907730153668513 255 255 255
-0.1530671930296643 -1.3987277788760943 5.6719796596480245 255 255 255
0.883129735272681 -1.2333459326265668 4.800050425216756 255 255 255
0.9623966275788782 0.30416720901983385 4.603442640483975 255 255 255
1.0874228371636534 -0.07310180274549656 4.543338660628756 255 255 255
0.4580385341381606 -1.5275994041668308 5.197652864344043 255 255 255
0.8951456508931421 -0.26894674221946246 4.719598089857411 255 255 255
-0.7949241043562563 -1.7526862482452195 6.231069847535905 255 255 255
-2.663498661349025 1.4127029378382412 6.448843833516436 255 255 255
0.34532238353902334 -0.7306422408767174 5.206278089227923 255 255 255
1.2721360957324344 -0.6449508712065488 4.432349758461344 255 255 255
-0.16394345004303384 -1.3809754234682596 5.679995152726844 255 255 255
-1.174669033213314 0.26178807834026063 6.159454752434861 255 255 255
0.520756155066427 0.11232205928876252 4.981236406177073 255 255 255
-1.3886365579844735 -2.1165187717231113 6.763732755284931 255 255 255
1.0782306223164781 0.5187632054108448 4.501730640453534 255 255 255
0.8785453425831202 -0.07662840087169015 4.722695416793891 255 255 255
0.057335750922677696 1.3279634877482156 4.603993324384124 255 255 255
1.2268407195303843 0.42133136864705345 4.3830243022675335 255 255 255
0.6701487009009207 -1.1429910233831493 4.973325881555642 255 255 255
-0.19998483760805194 1.1932446874891325 4.836786622038179 255 255 255
1.1722716492665533 1.223353227034461 4.257131849700118 255 255 255
1.1920570324858504 -1.1052115160197007 4.55171298978881 255 255 255
-1.5647684588932047 0.7636082015204266 6.082169650115741 255 255 255
-0.5459762895502764 -0.41051403891266824 5.526096218983123 255 255 255
1.06585907722931 -1.4744214904015964 4.695436544885617 255 255 255
0.952725777481235 -1.1411655590395153 4.75859676697952 255 255 255
1.2373609265141843 0.21503426342946766 4.392096960966934 255 255 255
0.7547862083509969 -1.25111549679549 4.924557359515918 255 255 255
0.4578586607537571 -0.7762931198514817 5.113773352173469 255 255 255
1.213026325391617 -0.9507272286508915 4.51271466270672 255 255 255
0.015476057862438556 -0.39285422313072216 5.110193990034108 255 255 255
-0.6938452010466483 -0.46441408204258633 5.659324100033061 255 255 255
-0.8774814116617159 0.8133212284889237 5.4235212698858275 255 255 255
0.6320908615164048 -1.7548976740604294 5.074337955883073 255 255 255
-0.7871482224404501 -1.8568107751499436 6.239856008503508 255 255 255
0.6397730092640432 -1.5617337936338453 5.0544791488485545 255 255 255
-0.9006490826340933 -0.7377384823886084 5.6905366400005075 255 255 255
-0.3086849590703874 -1.840348505635829 5.840337031332543 255 255 255
0.5999073729650398 -1.2918660094682022 5.070538752645116 255 255 255
0.1700847275005245 -1.819732754754003 5.454934108228658 255 255 255
-1.293937214207734 -2.3554458477390923 6.723542133779002 255 255 255
1.1813689124472666 1.025133869374039 4.375855356669824 255 255 255
-1.4161014614186131 -2.0066043434891814 6.742224272406708 255 255 255
1.0720315678360144 0.7798705116490984 4.482398062106401 255 255 255
0.20911343964371243 -0.803668364389783 5.319557518612665 255 255 255
0.7370185096651588 0.9160371441144927 4.762501882333223 255 255 255
-0.5261093672687894 -1.7586089807691785 5.934127780834127 255 255 255
0.24760470806721654 -1.4857153581748446 5.348357645655835 255 255 255
1.069596743909486 1.2371359550670264 4.3447258194246725 255 255 255
0.9597443756950962 -1.4417487310378836 4.768275797726517 255 255 255
-0.8182362196868944 0.8071456134876557 5.367785889217491 255 255 255
1.269668038777555 -1.516312932293696 4.537622498285638 255 255 255
-0.14720195198188815 -1.8750694444953138 5.711351058634332 255 255 255
-1.9337833873035133 0.8489981855698465 6.960423950909252 255 255 255
-0.043757495411258986 -1.548269435623988 5.608256958263933 255 255 255
0.5764873343944805 -1.3648694141764834 5.085616871953861 255 255 255
0.04049748196344169 -1.198917773504529 5.494373826072773 255 255 255
-0.6502794527605387 -1.779434551190929 6.110071206208795 255 255 255
-1.5587614392429918 -1.8838618575535744 6.887060741819212 255 255 255
0.9326692171403898 0.5759735458163775 4.60702958250435 255 255 255
1.0218202993099408 -1.130077643104653 4.6859590774452435 255 255 255
-1.1231747363464621 -0.189033992351235 6.116113851728932 255 255 255
0.3918263132569738 -1.1241252600905451 5.210321278108464 255 255 255
-0.21562497086342708 -1.5478939601214952 5.743986412837089 255 255 255
1.126209958019873 -0.055917253480074494 4.527014022279722 255 255 255
1.1541623726854016 0.27901981420664523 4.4570710947129974 255 255 255
0.8245641308192663 -0.1580130670161256 4.744372853283076 255 255 255
-0.5178891920038456 -1.9005707696180418 5.9333782131186465 255 255 255
1.1919263988549584 -0.19008513040593172 4.467623177322812 255 255 255
-0.41012153773403326 -1.9643285143901823 5.842405718911373 255 255 255
-2.0588298287334266 0.9678419674859969 7.050216410145693 255 255 255
-0.3086849590703874 -1.840348505635829 5.840337031332543 255 255 255
0.41774175436546873 0.26473379979564354 5.0538141856943595 255 255 255
0.43220607499288066 0.19063498257250686 5.067052154116555 255 255 255
1.0492895496596915 -0.5220259606406437 4.616580553435483 255 255 255
0.8141653065797417 1.0059655775757903 4.676100447171517 255 255 255
1.1805664973901635 -0.16191116077310438 4.473693945173101 255 255 255
0.5246630141883935 0.084651933960551 4.977968596099915 255 255 255
0.41362117851492214 -1.6674112205786542 5.250116447789519 255 255 255
0.6097159896028858 0.5361226767418841 4.873753030908815 255 255 255
0.7358207935606705 -0.2816746688539417 4.842575362949256 255 255 255
-0.6041212391194465 0.7063164150736808 5.268104601011707 255 255 255
1.3428495757114933 0.3520526992264722 4.330572629897789 255 255 255
-0.4477202676573008 -2.0008144485300696 5.8672764348428945 255 255 255
-0.06632972218535937 -1.3700234027770533 5.611747727865073 255 255 255
-1.3213179709231293 0.7992708747297894 5.872503637770816 255 255 255
0.1327113053352982 -1.4543393443953412 5.454284975173648 255 255 255
1.0574204652233827 0.9872087010979624 4.489635190385766 255 255 255
-1.5359979993813835 -2.3354841297811952 6.9089533558284915 255 255 255
0.11698577642759346 0.5964994126946712 4.689042240602046 255 255 255
1.102081390644192 -0.3506026526207552 4.549254866059476 255 255 255
1.0279416454900017 -1.3291181499999003 4.711060230191391 255 255 255
0.763613453657372 0.34531715133212093 4.763149749762854 255 255 255
1.3283193914609333 1.2473614770688233 4.1181466122876005 255 255 255
0.9681600105508665 0.3621886887725049 4.593291820550436 255 255 255
-0.13991164208470486 0.183363529722479 5.222072693139805 255 255 255
1.0617283968435927 -1.3163979454422863 4.681756523552398 255 255 255
0.0735178395975899 0.48996118314918063 4.88936236680382 255 255 255
1.025414830931704 0.032457099553538704 4.580328324137573 255 255 255
0.7493031386479135 -1.0165997309921142 4.8990141202930335 255 255 255
-0.13991164208470486 0.183363529722479 5.222072693139805 255 255 255
1.9313650954957693 0.30675845249139083 4.542370605364042 255 255 255
-1.1889738085833845 -2.2297313218827575 6.609553310673028 255 255 255
1.1382884554858954 -0.09555117476888715 4.4958454603251266 255 255 255
-1.9053817600427463 -1.6866613467158278 7.145429022290508 255 255 255
-0.6359547496498462 0.1301901568098548 5.58267074554963 255 255 255
-0.2209247574461378 0.6295730200499909 4.975504447191855 255 255 255
-0.408271825168258 -0.06280935464210997 5.376260858892832 255 255 255
0.5872103778550462 -0.9895402670807187 5.033592508188913 255 255 255
0.6971195642777047 -0.30598617477521106 4.877349849774244 255 255 255
-0.1679268660099363 -1.538647947616982 5.68869293333783 255 255 255
0.8120295381442721 0.46835160764472494 4.70866031325713 255 255 255
-1.6566202556732086 -0.3967451257368484 6.815478032672695 255 255 255
-0.13005967030747284 0.7532680445605057 4.881383118652293 255 255 255
0.7084758971313995 -0.6279801003088742 4.900015933193566 255 255 255
0.9300611976672184 0.19408635272513636 4.642979649264249 255 255 255
0.8315480820200857 0.48681409168373835 4.692908673648557 255 255 255
1.1931780303104564 -0.1812576022325257 4.465927449964236 255 255 255
0.8558093259475652 -0.6927913737965075 4.782904226279568 255 255 255
1.0172291420155535 0.5316513334469994 4.5421070529226855 255 255 255
1.141333307273838 -1.4733130971842956 4.634788305124226 255 255 255
-1.5469631272597166 0.8437251109053655 6.0548239712794665 255 255 255
0.4378275491340148 -0.3325200434775007 5.082688923228739 255 255 255
-2.010014499805361 -1.2905886963724424 7.176161273976641 255 255 255
-0.6687954211309177 -0.03589535914644294 5.621533104698233 255 255 255
-0.7387869003447043 -0.6184479755580246 5.702573544820776 255 255 255
1.113986232238404 0.432572309224177 4.466774110007542 255 255 255
-1.5560737679880101 -1.1603756966701777 6.800813798387507 255 255 255
-1.2047996014231128 -2.28895782059851 6.629941628306607 255 255 255
-0.1170131014704907 1.050268565436895 4.830836321069719 255 255 255
-1.4541571125069863 -1.5801810497279383 6.761310650308541 255 255 255
-0.8783012288712365 -2.104881143786303 6.342229280557962 255 255 255
-0.7710507038220219 -1.9532905376812235 6.2303127896020865 255 255 255
-0.24335138074501447 0.7014926437839852 4.977610777648849 255 255 255
0.4899572334541301 0.2897921753589108 4.997374507257679 255 255 255
0.8183957590818162 1.2375098665601774 4.555565532483738 255 255 255
1.0946638602870853 -0.11357331653805436 4.54671346585394 255 255 255
-1.430797997109357 0.777421122557648 5.9612658635227005 255 255 255
0.45132919638813035 -0.4097999598861765 5.090185797429868 255 255 255
0.6674292014159221 -0.8440797645731214 4.95295987269814 255 255 255
-0.1363960533776395 1.1244245609622345 4.849427116791785 255 255 255
0.8021759009118417 -0.06297929038199938 4.779415743217871 255 255 255
-0.05889951968482757 -1.469710958368387 5.597610330021626 255 255 255
1.0589303272161448 -0.4740731505901415 4.590982392015158 255 255 255
-0.23147917740272275 0.27042235062481224 5.375765984507066 255 255 255
1.0861919895139682 -0.20132482049109376 4.558244732327369 255 255 255
0.46022228253156644 -1.2382339285861108 5.160727728753811 255 255 255
0.9297097552053264 0.02769430877401687 4.663633318008979 255 255 255
-0.5459762895502764 -0.41051403891266824 5.526096218983123 255 255 255
-1.932315614466755 -1.3328522817574833 7.103314050493507 255 255 255
-1.3398057204211051 -2.383726594167927 6.751926032718756 255 255 255
-0.22909070740572193 -1.6765753933251162 5.761919773714486 255 255 255
0.30907462777489786 -1.4332715326881635 5.313849692178844 255 255 255
-1.9000848864337077 0.646629979316318 6.950276287633287 255 255 255
0.5386851207827686 -0.45511681691209555 5.018292025769389 255 255 255
-0.8001163591570841 -1.8911146958098455 6.259012103011826 255 255 255
-1.2548695904792655 -2.2427310748700626 6.665857698450339 255 255 255
1.1022788951593523 -1.3586625098730896 4.667260007759416 255 255 255
0.5242038157088856 -1.7997544718794367 5.178476444545344 255 255 255
0.40576224085868834 -1.0631677095779002 5.193237882054853 255 255 255
1.1652362646779164 0.9548856440514161 4.3921026495501785 255 255 255
-0.1086249355919567 0.07172442896916659 5.268301530290225 255 255 255
-1.857637875952236 -0.7556582851332696 6.99596350101331 255 255 255
-0.4906829888823698 -1.923555345215905 5.915158059878715 255 255 255
-1.4085829028539867 -0.4224363907321956 6.615091245930946 255 255 255
1.01489768051237 -0.9390466660061497 4.683761680062209 255 255 255
1.026489626105165 0.6482367617931457 4.533560627968819 255 255 255
1.0253651158572978 0.24581501531904174 4.554666308773681 255 255 255
-0.5799378050145478 -0.0020058872965874673 5.540144488748611 255 255 255
1.1822189841050663 0.1940403119887219 4.469389129439481 255 255 255
0.13894354669644743 -1.398758301764329 5.444632527208123 255 255 255
-1.8140580627058296 -0.7516378799096768 6.97034727055375 255 255 255
1.0506949573599926 -0.7279684405931771 4.633405629861102 255 255 255
-1.6409380262025872 -0.5570341853463926 6.821296060090396 255 255 255
-0.8215648144790421 0.8051823190177314 5.442899406893769 255 255 255
0.07934486779030904 -1.4304976125289468 5.493343147544112 255 255 255
0.864128382627797 -1.074433606512276 4.7993615449754135 255 255 255
0.9866373622483824 0.2350912346879344 4.592795167924503 255 255 255
0.7508202692307362 -1.7330141426418912 4.984478697202987 255 255 255
0.7436940459384617 -1.3903427111799571 4.942416721410532 255 255 255
1.1351034240362192 -1.219120732559888 4.60755394476149 255 255 255
1.2009253452803823 0.545750121206092 4.398705707785601 255 255 255
0.9284309873408887 -1.1790710804130262 4.778499784825397 255 255 255
-1.4798421361809453 -1.0900646706729038 6.7298759506282675 255 255 255
0.22964484804014806 -1.28605864144385 5.347822453847021 255 255 255
-1.5487370734457269 -2.044428329641316 6.886107628108638 255 255 255
1.2742703482888513 1.2474613514067374 4.161168344202655 255 255 255
-1.387723176191551 0.46823340403296715 6.171208899071252 255 255 255
1.0330608208457406 0.4360191661006372 4.5537115466934734 255 255 255
0.9098570177681378 -0.670018468394853 4.735883425179056 255 255 255
-1.8193313577281724 -0.5635265816158853 6.959545640278338 255 255 255
0.26551010110381595 0.4085732335095818 4.8900056138861165 255 255 255
0.37200892186313317 -1.058100132733337 5.216717264656496 255 255 255
0.9572904834255226 -0.8978625437021978 4.736666465910824 255 255 255
1.0013494120517725 0.2101612125717427 4.585878825842313 255 255 255
0.6005948636073584 -1.0753216401156032 5.0323416602819755 255 255 255
0.6640130029226589 -1.1898449319913411 4.984511971677543 255 255 255
-0.45114888043529383 -0.8325909364526625 5.322587467806558 255 255 255
0.8045914729376343 1.2481132256098963 4.565527000100506 255 255 255
0.9064443504571762 0.5738765657602525 4.638000219394897 255 255 255
-1.6426578698768446 -1.0671715180155166 6.864461656655045 255 255 255
1.23757527655047 0.8620513033819359 4.3395602843216965 255 255 255
1.2084112687065212 -0.908198594285733 4.521452852905432 255 255 255
-1.1972499263157772 0.06021266085129531 6.140897765648011 255 255 255
0.5767313247254876 -1.6915255344213538 5.115173663379806 255 255 255
-0.15825104042601354 -1.3706402201581862 5.671684234376294 255 255 255
-1.636155451143497 -0.537317174947808 6.791819891645846 255 255 255
0.6137754314059685 -0.04177629330367563 4.91251555394782 255 255 255
-0.030282925097381966 -1.3314362427140831 5.555855823156793 255 255 255
0.17068646162405776 -1.8089798703588704 5.466787977831088 255 255 255
1.0513947567791564 0.5583478355341225 4.5212752304465385 255 255 255
-0.7479522547592501 -1.833608710714493 6.206142767595484 255 255 255
0.12296074558545039 -1.4615097049771755 5.459742798119617 255 255 255
0.48580446401952465 1.2357203827154215 4.836585977764023 255 255 255
0.961160690266027 -1.2047724782877378 4.750267622886661 255 255 255
0.5022352494097422 -1.7944262723494333 5.193119511999514 255 255 255
1.212777746412296 -1.5394017755656308 4.587098652005646 255 255 255
1.212909704792504 -0.5161130048665571 4.474849530464085 255 255 255
0.884747035710764 -1.1554154383018977 4.813898457423279 255 255 255
0.1288764175654222 -1.7999199476617405 5.495091652503921 255 255 255
0.9767598297181583 -1.265514128139434 4.745869532132605 255 255 255
0.1339035785991559 0.6426763245302468 4.667269673834365 255 255 255
1.270190951459196 0.4529329847956003 4.3390701602925095 255 255 255
0.5383902229719836 -1.5972646582697394 5.130670312169302 255 255 255
-0.2795206611534718 1.0865661716479456 4.78538606457777 255 255 255
0.9515656571479084 -1.6756962320629638 4.802373986023093 255 255 255
1.0425160449373503 0.40211278292079056 4.534115754279511 255 255 255
0.5952377459391764 -0.42500507304037777 4.97350742799909 255 255 255
0.6455701455023238 -0.8990916423471971 4.975862166023761 255 255 255
1.1384616347075407 -0.3322986007509441 4.526092678855248 255 255 255
1.1392729064076148 -1.188730895587071 4.6044451495926735 255 255 255
-0.4935633441343803 -2.0247463628478712 5.911214115940449 255 255 255
-0.5460033194835552 -0.7628824557156285 5.417990530820193 255 255 255
0.11555123763736276 -1.5017832172381709 5.464558194979904 255 255 255
0.7255340183303506 0.25049930342645044 4.815411216741386 255 255 255
1.0797837343351078 0.0024978594697796044 4.534523041560632 255 255 255
1.1207626569985618 0.2505068724380834 4.505115119884056 255 255 255
1.2691545550589098 0.8343796227720557 4.3102006382606035 255 255 255
0.6925891608251019 -0.9693933447494448 4.945117701182901 255 255 255
0.9905396088869288 1.1654540340458706 4.481646259633218 255 255 255
-0.033601286893938286 -1.561680488125745 5.601530948219486 255 255 255
-1.9993793909781306 0.47081970051895566 7.043711108308205 255 255 255
-1.703708280258263 -0.5400630478944797 6.8718709906472855 255 255 255
0.5194246057659675 1.3612815039129262 4.796613022595404 255 255 255
0.9976914159729954 -1.2719892593304478 4.729157054840829 255 255 255
-0.2995320654015518 -1.8177219432405962 5.831767739786965 255 255 255
0.41588298126458406 -1.2723578066082002 5.191342449117466 255 255 255
0.12447595124706422 0.5452925431066679 4.686232494702245 255 255 255
0.3532742169472657 -1.6141757023510939 5.28720055796212 255 255 255
0.5740092779882573 -0.3263486480774419 4.996009527542728 255 255 255
-2.015251671617771 -0.8954912360274668 7.143159599258251 255 255 255
-1.4073210366334192 -1.4230923524531591 6.700301261387367 255 255 255
0.2921530288170157 -0.846968513158463 5.27516169973574 255 255 255
0.22371100524781487 -1.6726448448438604 5.399856862283323 255 255 255
0.9866170195616775 -0.19855766744956463 4.629726690761914 255 255 255
0.9804926482709231 -0.5169905620714558 4.672335046565501 255 255 255
-0.580504106962581 -1.9011829765313022 5.979395675694865 255 255 255
-1.309813201525639 -1.705003544563723 6.659016012844707 255 255 255
0.46406114281686334 -0.4338441349818455 5.08711937763393 255 255 255
0.32623586562087015 -0.9393607402229659 5.239081577877391 255 255 255
1.146460494360224 0.10110338603839572 4.47306733021417 255 255 255
0.35271235521124067 -0.7660739104748917 5.20714684481865 255 255 255
0.1117549650138342 1.3194496574777017 4.564857586569551 255 255 255
-0.9433827738538697 -0.7109488261675835 5.749891179801317 255 255 255
1.0741836532395352 0.5715915843177026 4.494493479396462 255 255 255
-1.4576743478279597 -1.4642089485851753 6.75585609388798 255 255 255
0.9159193020158894 0.13107116196465626 4.671943871596761 255 255 255
0.29523094619889434 -1.3014766562283122 5.301145475898399 255 255 255
1.0363181925837666 -1.4614849379106725 4.71800576573236 255 255 255
1.1121794351136045 0.23172834666085068 4.497302624044993 255 255 255
1.1818192285369584 -0.9258109146539154 4.538380331901507 255 255 255
1.07803246203122 -1.0670602889913152 4.635261968186901 255 255 255
1.0238108449662195 -0.31571085297675794 4.613158307225862 255 255 255
0.804196142625193 -0.33718447084272474 4.800218793225412 255 255 255
0.9381360271586872 -1.4722009711965787 4.792763233189446 255 255 255
1.1785536069045282 0.8507107878444051 4.40017784578474 255 255 255
-0.23401139638840113 -1.9296263201906452 5.7981896988170405 255 255 255
-0.9622045227057379 -1.8340134916638509 6.392640385145 255 255 255
0.47965938599452573 0.583604427539811 4.974921822760136 255 255 255
0.6750693213485603 -1.6801550822704643 5.039194188178221 255 255 255
0.8378896211669311 -0.1785732426750868 4.757778751036539 255 255 255
0.6478985804543882 -1.1309047149571843 4.993730659978032 255 255 255
1.141946223458698 -0.8295153105247417 4.560901550044325 255 255 255
1.1672320103303493 0.7685188144212425 4.405579165560408 255 255 255
0.06729447474050651 1.078673530009037 4.677168940472307 255 255 255
-0.48717256248046 0.7249963781968146 5.185578101726493 255 255 255
-0.3871386235042247 -0.9442849931207973 5.400003796473411 255 255 255
0.6278846364088548 -1.3324183077018352 5.034703115223263 255 255 255
0.8246170312548118 0.39207553244203297 4.709624433557393 255 255 255
0.804196142625193 -0.33718447084272474 4.800218793225412 255 255 255
0.5225832406706263 0.9063727955631016 4.9364945257597075 255 255 255
0.567389222753058 -1.7669946717610479 5.1482644843010705 255 255 255
-1.447789261912436 -1.4714151482060323 6.756159863683219 255 255 255
0.7928562479192626 -1.3521749672867136 4.9037694926461395 255 255 255
0.372537008446643 -0.8653767007666627 5.1991111496712925 255 255 255
-1.1630767520677516 0.04347520840886409 6.139116468073476 255 255 255
-1.8015414309355018 0.09402876363036171 6.88913170053563 255 255 255
0.6042245050789709 0.17120179116799075 4.9179209770568 255 255 255
-0.8609992569065247 -1.8333239870308489 6.2812473544952825 255 255 255
-1.412434002074921 -2.1740355359781653 6.789613216592276 255 255 255
0.5180120153988587 -0.13032108752345434 5.002348070707358 255 255 255
-1.4083675621106229 -2.0683378376047714 6.774703470627867 255 255 255
1.2229608390794628 -1.1232382505010463 4.537605945644733 255 255 255
-1.392836903958522 -1.1375115737701358 6.66960911328363 255 255 255
0.9350909232173998 -0.32071048851936146 4.676554539963558 255 255 255
-0.4895346043639726 -1.784268179968716 5.8980778292485825 255 255 255
1.0152348678020062 -0.8189533047721177 4.670295256577628 255 255 255
-1.9124257855192184 -1.387428458260133 7.1001756771562485 255 255 255
0.8531091335671498 -0.7820069161000338 4.809886324216789 255 255 255
0.2711299802895491 -1.4995862798594333 5.343599978001789 255 255 255
0.772688345174687 -1.6825036905147261 4.9583412955090065 255 255 255
0.112355822461679 -0.8250497085745389 5.303812842543967 255 255 255
-0.8974893321312281 -0.770572088210554 5.693905180771324 255 255 255
0.6728841442447934 -0.31262305047347 4.898480181410191 255 255 255
0.12303933933379163 -1.0411968585497478 5.412336034249613 255 255 255
0.9066320531754125 -1.67674470965299 4.850689827940383 255 255 255
-1.1553893537032027 0.0522251313364298 6.139655470423936 255 255 255
0.2505800296975064 -1.6168642778793698 5.373026747230417 255 255 255
0.6920453433434012 -1.6930240800530216 5.023809543052118 255 255 255
0.7631625492148222 -1.443833214685487 4.941559937563953 255 255 255
0.9955854541371437 0.6215004445573059 4.548057573996675 255 255 255
1.8919125507339685 -0.19074445320995606 4.625580574457559 255 255 255
0.5018507213277948 -0.07300870988237058 5.02384145114213 255 255 255
1.2785439347172631 -1.1053670317768316 4.4847707996565696 255 255 255
1.0699531622009215 0.3278612957691746 4.516858153625488 255 255 255
0.5237373339845931 -0.8865901754303851 5.083360904517333 255 255 255
0.4323369968634428 -0.2253192130597294 5.07556220890838 255 255 255
-0.9259775198581974 -0.6670977686616699 5.737650964904737 255 255 255
0.6222663676544218 0.27775743650411006 4.89989476268939 255 255 255
1.1674951008677117 0.9722252161056013 4.391321946075117 255 255 255
0.49014258624639045 -0.49529090870760784 5.046780194672367 255 255 255
-0.818356034991547 -1.2032435085715425 5.656630355190086 255 255 255
0.10899219637485517 -0.9437274266764951 5.410464448486941 255 255 255
0.265520778306682 -1.6215721481009358 5.361923727696725 255 255 255
0.8322394378968313 -1.3887371528463213 4.87474992042997 255 255 255
0.9830512436642992 -0.8225734016288565 4.698424945337156 255 255 255
-0.7752039914740095 -0.3264547066122713 5.7359451763647495 255 255 255
0.7183230879207143 0.1756535864609595 4.832935611918206 255 255 255
0.24722846761816145 -0.8800639371983022 5.295741397950144 255 255 255
0.03985303552386273 -1.7667274892887357 5.555938841421381 255 255 255
0.8004665003511043 -0.3478041229704404 4.792114678187545 255 255 255
-0.15166396609420235 0.6891608049280886 4.906867722789266 255 255 255
-1.0378101544939253 -1.968394965508937 6.4527217302851225 255 255 255
-0.3922138004279579 -0.8178377315753295 5.376146110585783 255 255 255
0.7467188696842413 -1.7475852630851876 4.9860273188305975 255 255 255
0.046883295545988087 -1.7560604155826096 5.5557097272857 255 255 255
0.42389409052633936 -0.7076956225239424 5.14337449785778 255 255 255
0.3059968182268589 -0.47300102020099344 5.207289302948256 255 255 255
0.1730778922855936 -1.217737619083306 5.393564746161389 255 255 255
-0.16328169964386685 1.2075134971931223 4.813064360779205 255 255 255
0.5132981117620536 0.17481089376266973 4.984125719470887 255 255 255
-1.1722189000890912 0.4082220263727408 6.131936753341089 255 255 255
-1.6708625584763799 -1.7064176906004769 6.961447766092346 255 255 255
0.44989771173151644 -0.7282671752742247 5.115766247754226 255 255 255
0.5942196214503771 -1.1092601721215833 5.0460204031893285 255 255 255
1.1095047343062685 0.6947748273323946 4.45236305220488 255 255 255
-0.5051543527601068 -1.9936596372629678 5.921512121640023 255 255 255
0.28707898428825657 -0.7169550295422596 5.24444081381178 255 255 255
0.4931283772631518 0.1363760031708126 5.004044494552367 255 255 255
-1.8878393586519868 -2.2970742301777514 7.182081248963456 255 255 255
0.9442490291097073 -0.7229495311221827 4.7146134161382705 255 255 255
0.1941037795171069 -1.3112907104661538 5.382792315860904 255 255 255
0.8027611031125774 -0.9384893958542098 4.858122684824551 255 255 255
0.8353813584699854 0.09017605191167316 4.725430647513158 255 255 255
-0.8417462736916395 -1.8028980432044936 6.280861227391798 255 255 255
-1.3861930721759597 -0.5130398744506787 6.598576906040597 255 255 255
1.0166806441186855 0.44599690334524733 4.560553193897648 255 255 255
-0.7094044389312133 -0.1379007139794723 5.650118639556139 255 255 255
1.0567838802069087 1.0010061084699367 4.485071256125147 255 255 255
0.9969129452670275 -1.4397200137217356 4.745460811994307 255 255 255
0.31641220235728323 -0.9979787098960089 5.250393919550951 255 255 255
-1.8595686590661578 -1.2254853764465197 7.044150957976558 255 255 255
0.6816548801491116 0.5336835433524071 4.8326409430036925 255 255 255
0.14246938323098232 -1.5736665764464242 5.462479994040652 255 255 255
0.3607104399669822 -1.5125297154764055 5.267853066752369 255 255 255
0.8820165719754269 -1.645742529575167 4.862343706100177 255 255 255
-0.25130956672928123 -1.646671246554974 5.78322862750534 255 255 255
0.5535791956886564 -0.8153452594563079 5.03951366439007 255 255 255
0.7306175789063647 -1.2483295047462517 4.953807452040498 255 255 255
-0.7296061478021272 0.6707731081673881 5.398252896991701 255 255 255
0.9846170018337752 1.0294055888611213 4.516486873650418 255 255 255
-0.13112710844452377 0.7324613460987364 4.88120387215829 255 255 255
-0.8726479137324091 0.4011923758674503 5.751608408245494 255 255 255
-1.7049928562334031 0.07580963275553108 6.823844922029359 255 255 255
-1.0537365285292895 0.27022639076705546 5.972992765273663 255 255 255
1.0105008790199492 -0.17378437730788152 4.616063185791959 255 255 255
0.6571841254786112 -0.7519629784540934 4.961065222587221 255 255 255
-1.388836875840769 -1.5125845346102005 6.703206188380067 255 255 255
-1.0887562954069625 -2.0246032394680236 6.503447560057528 255 255 255
-1.8790248091607278 -2.2763494262475232 7.176827313902531 255 255 255
0.2961172407330452 -0.7839769177406106 5.244991360092193 255 255 255
1.1952259136768806 0.5495285013146911 4.436163221529058 255 255 255
0.5880915714631405 0.4909986161086922 4.893280834404347 255 255 255
1.2167414723142076 0.21093099788797945 4.4188031858204235 255 255 255
-1.8652324953024488 -1.3984220295812848 7.07949227232184 255 255 255
-1.807693187593874 -2.176273606917627 7.112919114843653 255 255 255
0.6177060780257713 0.05394731417898555 4.91676447029402 255 255 255
-0.7454117810770724 -0.5931908684578924 5.702917294927819 255 255 255
-0.4910191019862923 -0.7925665252809934 5.3687349907199335 255 255 255
-0.6824346194296653 -0.5574209166163231 5.639661035487019 255 255 255
0.3443225079565844 -0.5452983372316834 5.181660735770264 255 255 255
-0.5137282131319412 0.5709636635420068 5.302026286986842 255 255 255
-1.5962100966033845 -1.8880261135344858 6.9076226857658325 255 255 255
-0.4607054041214929 -1.9291189812577272 5.886737290859538 255 255 255
0.31069847980688625 -1.7637903144176477 5.344618526670417 255 255 255
-0.9371089790377185 0.7491974855144631 5.5506617862502345 255 255 255
1.2655206914504469 1.0978602857723336 4.2883630589291215 255 255 255
0.7780343887269685 -1.4018981366478822 4.913913398227938 255 255 255
0.05713330775250475 -1.465322844014922 5.507003025084615 255 255 255
0.32711511802727755 -0.7463778393794777 5.224140415545686 255 255 255
0.8974853507878706 -1.481666894339014 4.833018872065105 255 255 255
-1.4349512100207784 -1.8303133411075185 6.765987034217035 255 255 255
-1.7715410361391382 -2.083926708847775 7.074872707686938 255 255 255
0.844915494731319 -0.7841862505470885 4.797358352366875 255 255 255
0.7615547675764993 1.1699913904247905 4.689386830852533 255 255 255
-0.7740436537418549 -2.147741843128159 6.269429000037107 255 255 255
0.37109601442499984 -1.7104828326880608 5.276730738915734 255 255 255
0.8026251519751492 -1.152887019277427 4.874566347215095 255 255 255
0.8268943476297089 1.0176272451628405 4.66258458951037 255 255 255
-1.594924727478878 -0.5261996032093472 6.752209178417738 255 255 255
1.2914492619477285 1.1852955429964922 4.171414544529968 255 255 255
0.24278728313330397 -1.6665031709919902 5.382739742889672 255 255 255
0.8933273803330397 -0.001337803928126573 4.691385384982964 255 255 255
-0.5852109152260774 -1.8778629499205108 5.985627801116334 255 255 255
-2.9948190267954384 -2.5318729392326595 7.677367832961004 255 255 255
-0.1564484775873994 1.0661695438659846 4.857324814022225 255 255 255
0.8451383548288525 -1.0644185997489584 4.821385539586432 255 255 255
1.134042342187043 1.0507334297837876 4.406763365933742 255 255 255
0.4573836210680163 -0.9347010790690158 5.133184703667228 255 255 255
0.9039709875993871 0.6589606066870514 4.632243268124107 255 255 255
1.013325468997891 -0.9325671926082748 4.681394445886337 255 255 255
0.5502845909086052 -1.6064300259037598 5.1255543039297535 255 255 255
1.1843450263484738 0.6438994250340645 4.402403745993001 255 255 255
-0.05452208764018666 0.6922299562879859 4.825110448072442 255 255 255
0.4977077614191714 -1.8382260367082106 5.19241471507664 255 255 255
0.647932021813789 0.4003554511402827 4.856676396669177 255 255 255
0.5244268769804028 -1.6759737300455373 5.157198485254827 255 255 255
0.9243987344616206 -1.196663391573019 4.778693771861313 255 255 255
-1.2093935520283565 -0.002258254578180364 6.136247758162484 255 255 255
0.6037960298130551 -0.30776684628420803 4.949314716547836 255 255 255
-0.718455202018377 -1.9694124163278006 6.192212636555674 255 255 255
0.25317369177755217 -1.533638640030197 5.360000430663658 255 255 255
0.9830680189720977 -1.6138279473574106 4.77421275211681 255 255 255
1.1668007831572698 -0.026987482968679248 4.461312227739414 255 255 255
0.9152382005158287 0.9256981788178726 4.598647311019748 255 255 255
0.14590729351908577 -0.9206267196442203 5.3774689371256885 255 255 255
0.2510816024068249 -1.8325654331699277 5.4045520424191285 255 255 255
0.7587591207596429 -0.6857981426821332 4.861211130168025 255 255 255
1.2775795136503214 -1.569108598902884 4.538794379091302 255 255 255
-1.8150673391376506 -2.0968370082540173 7.116682400470814 255 255 255
-0.6114228152020486 0.6794990791718232 5.279751245676858 255 255 255
1.3505225248509298 1.1212770780336532 4.2633977778665155 255 255 255
1.0353631573250663 0.5586314701336337 4.524801294528453 255 255 255
1.2181476235222044 1.319374427583349 4.208661322548584 255 255 255
-0.8303359143494354 -2.0492121470609015 6.299096937435152 255 255 255
0.1099959704317602 -1.5571503011868577 5.480030318630582 255 255 255
-0.632263940800544 0.09786129696576439 5.543064126999269 255 255 255
0.981173546710146 -1.3043987379700648 4.7475227231448285 255 255 255
0.4738854779689505 0.37571691352708053 5.005498139258759 255 255 255
1.3171047939145297 0.28909251281201 4.326870649810769 255 255 255
-1.4045024112330662 -0.5259277341143479 6.617628246433188 255 255 255
-1.421934753775301 -1.770247438115895 6.765848145847016 255 255 255
-0.06751179112153047 1.097271639538853 4.799273135498385 255 255 255
-1.6658913016957584 -2.238750864939333 7.016327342607453 255 255 255
0.6298367264790965 0.10161987779562674 4.898071389624352 255 255 255
0.6792021392865963 -1.5387570553690832 5.021138608043169 255 255 255
0.4777953937465632 0.445551270229443 4.990320511486796 255 255 255
0.5822951998715531 -1.0761337364633483 5.038490470799883 255 255 255
0.9725970676353505 -1.684472306673943 4.796581181119602 255 255 255
0.6972819330765287 0.5439406461674066 4.815380527958255 255 255 255
-0.9465885046007153 -0.6646390874479612 5.762213521341998 255 255 255
1.0740701999870195 -1.1745727496505758 4.669691130262596 255 255 255
-0.40248081996533663 0.3646302240295677 5.357115568444414 255 255 255
-1.8169965036526536 -2.377125322517334 7.1527506744240705 255 255 255
-0.09887678872329568 -1.4553421427975501 5.632267788017832 255 255 255
-1.373481125265066 0.34344197737424126 6.233121758573805 255 255 255
1.2034347380613586 -1.4370484762323164 4.585123961577112 255 255 255
-0.05080428085940668 -1.6013305286009467 5.604759942490212 255 255 255
0.40681503153822773 -0.46572779836587785 5.1301441587811 255 255 255
1.2434146819967298 -1.0498494644929803 4.499641848913009 255 255 255
1.1410543088940075 -1.622409952958049 4.661609893925904 255 255 255
0.6831131889560862 -1.45046460521382 4.999590124246222 255 255 255
0.3076703749960957 -0.5135938579180163 5.220390192857065 255 255 255
1.2907285817520324 0.6107958864256485 4.313555736240889 255 255 255
1.0952444786240605 -1.6608479225579411 4.700064207619634 255 255 255
-1.8841184328757732 -1.613462589934552 7.1008973795782735 255 255 255
0.2923655108896468 -1.2898908534215079 5.297755596083843 255 255 255
1.5926051924205331 1.3094051485533866 4.288264386400281 255 255 255
1.2770403650116335 1.0279415090379864 4.301631591056179 255 255 255
0.876229002939276 0.9686560126700763 4.625985075334267 255 255 255
0.783869044265243 0.9716350798388191 4.694254295693888 255 255 255
1.1787762015373706 -0.7326609787424416 4.53069136208377 255 255 255
-0.8498435255808588 -2.017906791154434 6.325873109343447 255 255 255
0.23960552850476227 -0.7208063609645383 5.282023507110485 255 255 255
0.7323643984812005 -0.018854685380337993 4.83385913264766 255 255 255
0.6395531949615124 -1.3252867928273888 5.030253771593572 255 255 255
-0.4810446792748135 -1.8084562731545546 5.885431684702993 255 255 255
0.23670973261572925 0.5776991838369196 4.717020870502631 255 255 255
-0.9573550540396997 -0.9376465299755286 5.795962366615664 255 255 255
-1.4383847666583494 -1.6427278821139328 6.7605447401782826 255 255 255
0.8295214826399889 -1.5926965535454791 4.902083201038365 255 255 255
-0.1840811278761631 1.2063609008841678 4.809711247256553 255 255 255
0.40941158241500286 -0.9394335763703546 5.175093493682261 255 255 255
-0.16204863781513076 -0.0631944104841034 5.334395589175588 255 255 255
0.9330073766053272 -1.2165370293214592 4.7774128739213175 255 255 255
0.5127836410417537 -1.59731137243123 5.164593636629407 255 255 255
0.6457877125745821 0.7645965203995302 4.841073654016737 255 255 255
0.9697184012853374 -1.2219551047128636 4.737910187220919 255 255 255
0.768970461077487 0.830528627160724 4.728864624653303 255 255 255
0.9148625879435511 -1.4066882116621937 4.808999361389512 255 255 255
-0.9247765470310361 -1.829322768926181 6.343801508821652 255 255 255
0.27559862642683103 -1.110947434655242 5.285729722752912 255 255 255
0.8471169080120146 1.3541745789388986 4.519785485375518 255 255 255
-0.7762808500576746 -1.8980095748438592 6.244991221174637 255 255 255
0.35071743095827174 -0.5041204262634865 5.18092645023193 255 255 255
1.2293241065985372 -0.9383413228639387 4.506960255927478 255 255 255
-1.6134262823514485 -0.2966894216504358 6.769128611682405 255 255 255
-1.6476363389586282 -0.31495444532568095 6.8036496726796365 255 255 255
0.7902545397526921 0.8250340590897752 4.716240368723331 255 255 255
0.6133787827058892 -0.5898615053803922 4.978898742165932 255 255 255
0.6662853188262803 -1.6960684053586363 5.043377111010111 255 255 255
-1.1179546766762911 -1.5294231803000957 6.481521457301128 255 255 255
1.1273987841553705 -0.5335553931792117 4.542774231431082 255 255 255
0.6031096567756138 1.1022820193034322 4.864045672700218 255 255 255
-1.000168716546455 -1.7415693018110974 6.408850392812104 255 255 255
0.12771538376497768 -1.7524431841147345 5.48374250070669 255 255 255
1.016010973356523 0.6052265270432134 4.559178686871995 255 255 255
-1.394187078168564 0.6369294054205569 6.060428048687013 255 255 255
1.0391783423266023 0.517350568365039 4.535653357347744 255 255 255
1.0567838802069087 1.0010061084699367 4.485071256125147 255 255 255
0.41076223526975175 -1.0348641439547184 5.174997061280867 255 255 255
1.0899848104391963 -1.166287579455767 4.654690165058581 255 255 255
-0.13218397265180537 -1.36766232022587 5.647138132730557 255 255 255
-0.8960330704420152 -0.7873461605486102 5.678490581957422 255 255 255
-1.5694514411088212 -1.0370262767318132 6.802900863489032 255 255 255
-1.828582423226016 -1.5410454002452347 7.062120309667709 255 255 255
-1.3301495231688518 0.32342587390226474 6.267697924924604 255 255 255
-0.013232259987069391 1.0018642702850733 4.7562875370918425 255 255 255
0.17491671912098805 -1.0729780059888334 5.362517353349234 255 255 255
0.9307162265667729 -0.7740734729839724 4.737766432299849 255 255 255
0.3048675883920768 -1.734591261845358 5.330718543612416 255 255 255
0.6183440757395492 0.020775542339965015 4.92396790684023 255 255 255
-1.9209162961257653 -1.6891633847155765 7.13543338454669 255 255 255
0.6701988818655982 -1.4771752877514952 5.02814441101094 255 255 255
1.116888439188916 1.018575942762462 4.43250360453459 255 255 255
-1.3251567027731668 -1.9470214485387678 6.687699929557545 255 255 255
1.0457843086011749 -0.2841338710018433 4.583306430673334 255 255 255
-0.7599914920242955 0.682308662278071 5.4180123193621155 255 255 255
-0.40544375227420093 0.305304775251045 5.353499464010321 255 255 255
0.5432079552184452 -0.3122647399441773 4.997196941297758 255 255 255
-0.21188761879054718 -1.7342799834907003 5.743397740378244 255 255 255
0.5615911817208317 0.5579953196364772 4.911755409959355 255 255 255
0.6516737178465629 -0.6444551218924819 4.938163592285891 255 255 255
-0.7599914920242955 0.682308662278071 5.4180123193621155 255 255 255
0.23044247081906072 -1.6914524181223165 5.3969868476575735 255 255 255
-1.7388972895636807 0.13307644724634074 6.8434524211179015 255 255 255
1.0066447759045578 -1.5220440579377044 4.749298203635873 255 255 255
-0.8490212004266982 -1.764697440540093 6.281249480109526 255 255 255
1.0320054472920646 -0.5503128762485386 4.636608726607272 255 255 255
1.2209515366495391 0.5190345866930355 4.381882668900282 255 255 255
-1.3395355627275896 0.7488892717532082 5.896804070339663 255 255 255
-0.09142069597798462 0.9822600392579383 4.819071980276023 255 255 255
-1.1553893537032027 0.0522251313364298 6.139655470423936 255 255 255
0.0774837320642695 -1.5614427164924147 5.503225190394795 255 255 255
0.6112634858446165 0.40622985701167097 4.887402671096052 255 255 255
0.974101337227354 -1.0346467476236976 4.718812867100667 255 255 255
0.39369653590776355 -1.5654535118717257 5.2501133227863415 255 255 255
1.1472470954248837 0.1921382219001866 4.466237577849488 255 255 255
1.0245424626733226 -1.465671763984205 4.730727336797199 255 255 255
0.19317904823685908 -1.5459234784848717 5.402987315409809 255 255 255
0.22617652776801947 -1.6246354132431697 5.394685599284016 255 255 255
0.20876064432841296 -1.3452991903811742 5.366815601730817 255 255 255
0.8404329134278665 -0.9773180003231742 4.8208130801448625 255 255 255
0.1061820209470985 -1.463768416569121 5.466800176016981 255 255 255
0.23035036280076354 -0.32016207921489465 5.276794202487952 255 255 255
1.087157703603537 -1.3553625296156928 4.672343027363375 255 255 255
0.9680548238485823 0.9403276141417666 4.554441920699251 255 255 255
0.5880655810643258 -1.488071366486291 5.084031105296637 255 255 255
0.7612505988458963 0.2497651243076223 4.783974977104481 255 255 255
0.9891945987203327 -1.2372807804888482 4.727137445022154 255 255 255
0.3382337917388649 -1.6703979495187216 5.306896109127385 255 255 255
-0.7469553167104666 -2.1220825809296406 6.254542577659509 255 255 255
0.9678665794980862 -0.33610684996488793 4.661339871316959 255 255 255
0.024926310589663412 -1.5719520617931984 5.553276791711349 255 255 255
-0.6385226100212875 -1.788497603242681 6.119235033491224 255 255 255
0.8773431505660285 1.0597038787145145 4.6181941727659135 255 255 255
0.3319145027237356 -1.6951721290356967 5.3109711673447455 255 255 255
0.5704516884877557 -0.44024931403271145 4.996511455871516 255 255 255
-0.9212434157848276 0.3795314626363387 5.791556912972412 255 255 255
0.9975603870446121 0.39842107918980835 4.583403257682007 255 255 255
1.2968905474086865 0.3261672032565707 4.330357546513127 255 255 255
0.9864057330810427 -0.5764763670599522 4.6805365526482925 255 255 255
-0.15871118451929 0.36897938564555166 5.314811126252626 255 255 255
0.7884803418720079 -1.6110813919139477 4.9398406963237145 255 255 255
0.7994215397683602 -1.6423772967462258 4.928307497304858 255 255 255
0.6581703815412401 -1.6426275412604738 5.048931506508115 255 255 255
1.133416057019066 -0.08717465255307173 4.5078144451695366 255 255 255
0.42435534756932203 0.20233370038702828 5.063752824400314 255 255 255
0.7648651130545326 -1.337795613497373 4.922991303501857 255 255 255
0.8903966919224864 0.026900429041605993 4.692315363560275 255 255 255
0.46442947934000245 0.313253234214084 5.0203465465207096 255 255 255
0.30394311420577547 -1.7719447716997652 5.346952011632662 255 255 255
0.9702535684838397 -0.6689415219856786 4.689170365889832 255 255 255
0.7546014158443135 -1.393827209771772 4.940593215664876 255 255 255
0.5747022184850761 0.136926852279187 4.953514172981699 255 255 255
0.46948913273810944 -0.4876665821132554 5.06822603916328 255 255 255
0.8349853093384698 -1.0537798163480951 4.832715769541845 255 255 255
1.0232507191830402 0.9021348432279614 4.516043488380593 255 255 255
0.9038939149822165 0.9613365097845467 4.604832148936549 255 255 255
0.49471214457078433 1.2748867432802193 4.8137005694439186 255 255 255
0.4542641110383591 -1.6959571566498428 5.210802973648121 255 255 255
-0.8267123555046855 -1.8913112774467555 6.2859711484227905 255 255 255
-1.7449647659037861 -0.3689934556910915 6.925698205240476 255 255 255
0.5738060512830281 0.11829077627349237 4.9327878265953276 255 255 255
0.8891293210171481 -1.7075062034612687 4.870232205108877 255 255 255
0.6673683691721245 -0.7096275780419475 4.945015588198225 255 255 255
0.8988422766351933 -1.4692577218603953 4.83877938951014 255 255 255
-1.6981211188332055 -1.4384876496747236 6.941509929960577 255 255 255
1.2829874352895365 -0.5059354058485651 4.417429742906956 255 255 255
1.2968411781136424 0.301253983495699 4.343288949100761 255 255 255
0.29287715029586825 -1.7856549000712996 5.352933979119844 255 255 255
0.20023224411799237 -1.0259955778434626 5.347726483810478 255 255 255
0.685703213969667 -1.5315899774127453 5.029913136321691 255 255 255
0.16666212072275266 -1.1573898015501918 5.383785030883216 255 255 255
1.1074010564696912 -1.2891261545657835 4.6444350161689965 255 255 255
0.0058016562398900485 -1.8542344826861077 5.59466774545244 255 255 255
-1.6739690031065437 -0.5629452013656246 6.826865250782669 255 255 255
0.10945105969055359 -1.4883321781384173 5.476966509899975 255 255 255
1.0041151183145505 0.06556098292443367 4.597126321478746 255 255 255
0.956041066941635 0.5281693368448128 4.592382956664934 255 255 255
0.895933207587083 -0.07174823899074362 4.697140461511388 255 255 255
1.1315979148008226 0.5236894932794642 4.452127485394558 255 255 255
1.3055894447216834 -0.08069001337176034 4.369065669980406 255 255 255
0.22971183602689074 -1.1639474579965199 5.33850484522745 255 255 255
-0.10231897167236126 -0.8466135020804423 5.148360441912615 255 255 255
0.016824062824571974 1.0259362857797492 4.71882125982143 255 255 255
0.7867673150658702 -1.0908698447899658 4.877375763400271 255 255 255
0.2950586048526906 -1.0641485052258624 5.269046103136029 255 255 255
1.3274494248741504 1.069281429793505 4.255359033082296 255 255 255
1.0419051937508308 0.9827775913111774 4.498546112048503 255 255 255
1.0900851578211268 0.9980777679562225 4.450627912372428 255 255 255
-1.8228882240485416 -1.2382959190839835 7.02972144349783 255 255 255
0.8311073839744805 -0.1225860216953375 4.757129555113246 255 255 255
-1.0427588177620393 -0.07960867466017851 6.031322267943552 255 255 255
-0.4854537499891443 -1.8217748877657374 5.887549809466345 255 255 255
0.8937921884189272 -1.199469792469136 4.818161981665845 255 255 255
-0.7655436985539675 0.6667661679637474 5.415933961455176 255 255 255
0.5487808940538635 -1.7531062094212444 5.14473055917663 255 255 255
-0.9708382595193484 -1.6972525933561682 6.3750040447977065 255 255 255
-0.242050256638819 0.9587015262601858 4.838722211788575 255 255 255
1.0373944622748366 -1.4278412128688183 4.714169921544909 255 255 255
0.9114145658209084 -0.3191485716811568 4.701692795733784 255 255 255
0.7493894060616721 -0.9873073589371403 4.8929526842189315 255 255 255
-1.2072885883760383 -1.8030064161492043 6.57984512804762 255 255 255
-1.162814906330288 -0.06047871907305311 6.143253558168412 255 255 255
0.6857909748005039 -0.09635782596149653 4.880040311993205 255 255 255
0.6972785114679716 -1.053394412316112 4.952126357792354 255 255 255
-1.765799478856011 -0.2876049726577622 6.882700832955448 255 255 255
1.347274403613935 0.026689038818183637 4.362962136428517 255 255 255
0.13055759280220428 0.6132192949924553 4.6744716548760135 255 255 255
-0.5881738705974519 0.12870528775447032 5.595296768985688 255 255 255
-0.6981320128911871 -0.977562324070026 5.5827856445093955 255 255 255
1.0870248037067662 0.5463053637398887 4.489048066993262 255 255 255
1.1141655082858506 -0.7772328549257171 4.591046697493916 255 255 255
-0.2714598153369034 -1.6855125261339534 5.804642193871244 255 255 255
0.7652875054206064 -1.324245251732176 4.936379654753579 255 255 255
1.2946716400221092 -0.15054940974424696 4.381120559689511 255 255 255
-0.5332276540540078 0.34610279415807704 5.437514759338751 255 255 255
0.38052698673679525 -0.26861814002835627 5.139224172356938 255 255 255
-0.9466509893187917 -2.089553162207829 6.403118673518502 255 255 255
1.1554368503067662 0.15165189426258496 4.46275444743997 255 255 255
-0.499201863997725 -1.74343789045814 5.894718840799817 255 255 255
-1.7978255533228273 -1.3736832260818748 7.027330428200415 255 255 255
0.7353535174339684 0.25196491569768253 4.803986058872835 255 255 255
1.209370459402227 -0.03703474012829475 4.435254482585308 255 255 255
-0.7460311011508921 0.19628164057044517 5.502186253833351 255 255 255
0.3523382042514479 -1.402984820448219 5.280588336800271 255 255 255
1.355562633202651 -0.0075741533853092725 4.363926099406876 255 255 255
-1.2102994762979107 0.08060551379796746 6.140026041544441 255 255 255
1.2294132750410993 0.951527872635465 4.342253700663267 255 255 255
0.8909543403685933 0.47120364681482807 4.661297082309089 255 255 255
-1.2895249502683277 -2.0258056066684853 6.675188179248428 255 255 255
0.42804816185701694 -0.8098984641493848 5.137007575158069 255 255 255
1.1888752017654274 -1.0535323208741492 4.536863636313987 255 255 255
0.8591785031292043 -1.208409867151554 4.839807990202349 255 255 255
0.673229547590581 -1.6366673738359865 5.045062455855321 255 255 255
-1.2958887620873993 -2.3382890221979094 6.713914298280335 255 255 255
-1.836934489751719 -1.2284414013687583 7.054363917736084 255 255 255
-0.6973001497975619 -1.8664442690013958 6.170577964035146 255 255 255
0.9864304947702428 -0.4545342746784333 4.662765749773994 255 255 255
0.3879811854066973 -0.510420456241839 5.140432483595274 255 255 255
0.42327622627276196 -0.7730259211386512 5.141565139004839 255 255 255
-0.4416361617067654 -0.820255273677667 5.32108351024744 255 255 255
0.723012981307041 -0.3336793759938448 4.857258214539865 255 255 255
0.9036079223988648 0.7055065191173295 4.627027741995241 255 255 255
0.7539622356324442 0.014459900939235793 4.807403447335641 255 255 255
-1.6438023897916172 -0.38198856273119897 6.8073039232549375 255 255 255
0.9690003461886264 -0.4749504519566738 4.677128658285034 255 255 255
0.8364952970338925 0.37826751895643496 4.700167643142384 255 255 255
1.1151144403186513 -0.4104196152740666 4.543482283731379 255 255 255
0.5040756000275914 1.0866423973427197 4.932171800740517 255 255 255
0.8275307152720378 -0.5876012670260604 4.804050990612601 255 255 255
-0.6681343684188515 -0.04709653017345222 5.615411322048666 255 255 255
0.702417825888733 -1.327171573572871 4.970276201121206 255 255 255
0.9243987344616206 -1.196663391573019 4.778693771861313 255 255 255
0.7183230879207143 0.1756535864609595 4.832935611918206 255 255 255
-0.667721027120509 -1.9281940068467676 6.152392957996048 255 255 255
1.0388049247287319 -1.184847623876864 4.693050215863935 255 255 255
-0.23986158686113004 1.245261397978703 4.748679898884082 255 255 255
0.6443431538553719 1.350923580243842 4.69372267635987 255 255 255
-0.4975154852921798 -1.8465343003655934 5.891217655918789 255 255 255
0.30004474463913483 -0.9916265961091703 5.25338471436136 255 255 255
-0.9477663099987832 -2.1440078280550314 6.406286432844593 255 255 255
-1.4054837317149447 0.6929720869605238 5.962965106059987 255 255 255
-1.0489338644077975 0.41036767381957573 6.043367166792737 255 255 255
-0.8807945800856668 -0.671876086151728 5.728153593226639 255 255 255
0.4536229032930625 -0.9111200224573847 5.137688510074858 255 255 255
1.2368940727305182 0.5067867226225277 4.362686750185665 255 255 255
-0.024381204348067988 0.6905506778086884 4.791876147794437 255 255 255
-1.8588729823948413 -0.6280021464273193 6.996252348557264 255 255 255
-0.2354195586207081 -1.8782643550573286 5.801637168226879 255 255 255
-0.7781768955571177 -1.9231644313419276 6.251921035967845 255 255 255
-1.7511325969084708 -1.7064028749729854 7.012289293067899 255 255 255
1.1410502276372896 1.0328723047306358 4.408169997183226 255 255 255
-0.45416161723405546 -1.8552668875724956 5.873062327465444 255 255 255
-1.5691345708020648 0.7169658721617607 6.0801944736869125 255 255 255
1.096805339417044 1.2113863688317448 4.314101167313286 255 255 255
0.74319071101208 -0.3447165799594226 4.842013736786047 255 255 255
0.9830680189720977 -1.6138279473574106 4.77421275211681 255 255 255
0.8072137627227985 0.31354762505382244 4.739048233324986 255 255 255
-0.557459299677355 -2.14024166025525 6.087690425982893 255 255 255
0.943034920776414 0.24127375409508056 4.6326722466146215 255 255 255
0.4113915339046593 0.6842875814786888 4.8975762656675075 255 255 255
-0.026300494592839462 1.1197764929529732 4.752600151614864 255 255 255
0.7397322905292348 -1.4060194536995694 4.94733812188997 255 255 255
1.1549954511113047 1.01084356213113 4.407364531244613 255 255 255
0.7936582934005335 0.019184680728421343 4.7724147937926436 255 255 255
-1.5112996495273527 -1.8815986149376944 6.855654330465667 255 255 255
0.21428491349280052 -0.6971220139103225 5.304638547238246 255 255 255
0.11322289147556613 1.0678116352261493 4.634584921268238 255 255 255
-0.11166707829233086 -2.0062846425970764 5.717256188215464 255 255 255
0.10668121138231998 -1.6149009151762888 5.487564767723268 255 255 255
-0.68221618543475 -2.16904226077207 6.1983462497052635 255 255 255
1.0137608995096072 0.2065798663615648 4.576468172305032 255 255 255
-1.502095236993067 -0.27054174382694157 6.680636169701688 255 255 255
0.874818500897957 -0.7878995978761277 4.792753945855079 255 255 255
1.180166934699384 0.29158279134112425 4.424397902383755 255 255 255
-1.2943024871157587 -0.4546016357500672 6.528878726486445 255 255 255
-0.06104570084439006 -1.9432037206227781 5.6744994210926345 255 255 255
0.2457613326676686 -0.3098908183632867 5.2470176756849405 255 255 255
1.136252424077384 -0.9084983387625996 4.570693025031634 255 255 255
1.5511754364697947 -1.220988797877029 4.688374952347341 255 255 255
0.9521819169047038 -1.2531746591446156 4.765510503686213 255 255 255
0.5840706460606132 -0.9808430842534975 5.041085125335531 255 255 255
0.7992761109291147 0.9563832482095138 4.689664927684501 255 255 255
1.0635635882896228 0.7964551525905343 4.489952983038229 255 255 255
1.162846161412759 -1.0754469337290429 4.565793641966708 255 255 255
0.866091106068329 -1.0096146561460257 4.795707034105573 255 255 255
0.30577226956237563 -1.2475998545613225 5.298618109063096 255 255 255
0.2414949301788487 -0.31960027965113086 5.242012151434912 255 255 255
1.1909419039147926 0.6192553176042935 4.396232686453121 255 255 255
-1.427477045687345 -0.36921658462130214 6.621174306802872 255 255 255
0.16451785012445844 1.3180648923371385 4.520042738051984 255 255 255
0.8126142313771609 0.6591346074145513 4.7110468393243705 255 255 255
-0.9314373337327945 -2.1942168466906584 6.388428078466121 255 255 255
0.47642794533747035 0.5576639704912889 4.967953631799053 255 255 255
0.9763020566331656 -1.0440379657234955 4.718436270219977 255 255 255
0.3180733728827363 -0.6610199998600143 5.235457078316131 255 255 255
0.9383791009798622 0.15259012609884637 4.659454195975859 255 255 255
0.2284154623716507 0.4029625475447066 4.860242621762604 255 255 255
-0.7257162336128031 -2.104141367241799 6.217352861528624 255 255 255
0.9967458150662456 -0.6639814936284189 4.6716090306313545 255 255 255
0.5207158368467889 -0.7820152280194571 5.064306636977858 255 255 255
-0.13625844641468038 0.9931644535209412 4.841860333823443 255 255 255
0.36453286765844845 -1.3501320125572678 5.251756501363591 255 255 255
0.6516737178465629 -0.6444551218924819 4.938163592285891 255 255 255
1.2320018784863915 -0.9199413687710282 4.506708527312493 255 255 255
1.347274403613935 0.026689038818183637 4.362962136428517 255 255 255
0.2129914113573219 -1.679974305026387 5.40138257717213 255 255 255
-1.0859214929489063 -1.9878955587373959 6.510171074129993 255 255 255
1.2893896101735762 -0.8467436750817933 4.445771491543421 255 255 255
0.9570510536739959 -0.08642556230034075 4.648128381615011 255 255 255
-0.6850890460775118 -1.9487285435819501 6.173076340054389 255 255 255
1.0924280555655876 0.5782038296076546 4.491212300793353 255 255 255
0.8595435851085498 1.1532304095349741 4.631989804896364 255 255 255
-2.0245392431990914 -1.235104830244598 7.187481647125343 255 255 255
-0.6905986849548893 -0.023548867448447 5.595875617610108 255 255 255
-1.2473478898256962 -2.2435327285326596 6.6677963171258545 255 255 255
-1.6258999397157015 -0.9546392241038903 6.852781748579524 255 255 255
-1.6008135642777246 -0.4938309546181697 6.762350480317619 255 255 255
-1.124324341631521 0.036566380569252765 6.140888329524288 255 255 255
-1.099094877335623 -0.2005927430401827 6.104379685497796 255 255 255
1.3559596566325096 1.3013986382214984 4.112325959542568 255 255 255
0.7525031891482186 0.23436935060195402 4.784356937076375 255 255 255
-0.006824892449154686 -1.923603348422389 5.618951564646827 255 255 255
-1.0534383798913283 -0.3674511931893111 6.0357287794139625 255 255 255
0.7742552641696856 -0.06034176890413942 4.809588105453742 255 255 255
1.1290864949608752 0.8283078980236014 4.439968867993771 255 255 255
-0.5266251400487492 -1.8684484597627922 5.9376225843102635 255 255 255
1.0073312341565173 -1.2108124995577336 4.716651034579494 255 255 255
0.6703602031184339 -0.25573328917354465 4.908813376208249 255 255 255
0.9931862045557877 -1.4189800868011757 4.738454712330383 255 255 255
1.087943685127322 -0.7224274156833465 4.598938042556541 255 255 255
0.20484430173875284 0.6162271424788964 4.68226532747612 255 255 255
0.26209955232435456 -1.262449562421611 5.325396202764567 255 255 255
-1.816225041027103 0.5662785930889228 6.890808247840542 255 255 255
0.12179559685847337 -1.4986686341751565 5.45989523241961 255 255 255
0.10514119452215494 1.0586224462128457 4.652705043140539 255 255 255
0.6647217576383766 -0.8748684708473436 4.960416354486397 255 255 255
1.1949470542404965 -1.4493109618338742 4.589563153135083 255 255 255
-0.41284229606638245 -0.9253590498589799 5.393800396199526 255 255 255
-0.4796648586756874 -1.8797406906690348 5.894271021597939 255 255 255
-0.25972107359165436 0.5352188357264569 5.299674484357035 255 255 255
1.2919765689183305 -0.36262905591635636 4.403259459183665 255 255 255
0.4046154865615775 -1.6029971787027026 5.241288630376766 255 255 255
-0.6190649371213605 0.7226019122271617 5.288374670149737 255 255 255
0.7341413088980565 1.1698340155794071 4.713648634021121 255 255 255
-0.4442333146971747 -1.9117690425773437 5.866361368968686 255 255 255
1.0379227159277058 0.22275994712249933 4.555341351616814 255 255 255
0.2955914400962921 0.5997634887785361 4.795440897470174 255 255 255
0.7283168329610411 -1.2304670809779636 4.954793849280654 255 255 255
0.3871159488199674 -0.783719491993588 5.164562695706703 255 255 255
1.0241763985836667 -0.7657241382926708 4.658524420390705 255 255 255
0.9333532796987275 -1.203697454074778 4.771587562520575 255 255 255
-1.2281354613251414 -1.8771900165512079 6.599221315634173 255 255 255
0.7773533822308188 -1.1852471751112181 4.89902521296079 255 255 255
0.33207423555742127 -1.301757149519828 5.27019284795377 255 255 255
0.9601953459234635 -1.6451464685139137 4.7978493317802435 255 255 255
0.15388004182168105 -1.6345828838826568 5.4477066540058114 255 255 255
0.941082121203326 0.7215904023926287 4.59086959830654 255 255 255
1.2131003623812715 0.8505380454531866 4.358683065280153 255 255 255
-1.7019739457786471 0.4125353765567704 6.801942093853536 255 255 255
0.6783826373167615 1.135205576949138 4.798547314868217 255 255 255
-0.7357838264278479 -1.7357301937061567 6.180532011242233 255 255 255
0.8550065175345858 0.48401143409623654 4.680098755299502 255 255 255
-1.4986860566570321 -2.4272148222590504 6.909157726785363 255 255 255
-1.105120212956603 -1.5505026578800514 6.464021261062393 255 255 255
0.6992933901378481 -1.5527447075071092 5.003383467158068 255 255 255
-0.9622628625557333 -2.077746456788513 6.411906723496283 255 255 255
0.7233185856519682 -1.0861741659867508 4.941954170491578 255 255 255
0.4573202007189822 0.45557024724078193 5.002395147399035 255 255 255
1.0596767732329588 0.814631373215117 4.495134586678855 255 255 255
-0.7023663770106052 -2.0993491660253745 6.200203860532817 255 255 255
1.1739149765487369 -1.424951769354191 4.60328916347124 255 255 255
1.264038630360942 0.5580077169328075 4.349646661404351 255 255 255
-1.5999956936917596 -2.447712965447717 6.9789820969242635 255 255 255
0.5091999626167433 -0.9370109260477001 5.0870994052371 255 255 255
-2.062842939964185 0.7229324450922594 7.063852756544139 255 255 255
-0.7649342675857058 -1.1940702512595032 5.57983426728283 255 255 255
-3.001397224028933 -2.4933848581976634 7.647273478340356 255 255 255
0.7548020189177491 -1.4322823722194569 4.938235384733323 255 255 255
1.098484490762709 1.179833064059731 4.360163279553097 255 255 255
-0.7301104845948738 -2.1727030403400627 6.234912465458952 255 255 255
-1.6224398427876725 -1.5349451387660162 6.893959699733142 255 255 255
0.04457951448188889 -1.1812298142513185 5.486499199825027 255 255 255
1.2902542514480577 -0.9639055189918385 4.458475202209723 255 255 255
-1.440271500925512 -1.1259803093040766 6.70982172237538 255 255 255
1.2899514442313742 -0.5531245709755553 4.422234960075007 255 255 255
0.6074683663591995 0.32179647244857595 4.934153419817536 255 255 255
0.31227731005742615 -0.7546358819137532 5.222132981053722 255 255 255
1.1338311152219631 0.4936301927353361 4.4489320404985415 255 255 255
1.1939427312870001 -1.1449852812774703 4.555771825107292 255 255 255
-0.9867858342000223 -1.6686606954119418 6.377584183372803 255 255 255
0.16194545906017827 1.2840763749836872 4.527563070344834 255 255 255
1.1919803563082385 1.1020466476312816 4.362151062695914 255 255 255
-1.4665937305801608 -0.21881563866092513 6.650713885949882 255 255 255
-0.2503233734032715 1.0605442418127327 4.825800576533252 255 255 255
1.131657566479454 -0.019404896880237433 4.495109080883955 255 255 255
0.7080625005236075 -0.7881739286751103 4.915672961778151 255 255 255
-0.724141324655007 -0.9502934006484559 5.601307224623493 255 255 255
-1.6976028686315217 -1.029446725076075 6.908273973484064 255 255 255
-1.7788975942639975 -2.3681073147890133 7.120132087877582 255 255 255
0.8728013568688532 -1.7078687578629776 4.878717857192756 255 255 255
0.32848993457815484 -0.12661425406645774 4.895572258023212 255 255 255
1.3435101766104058 -0.4074293643407939 4.40872078303604 255 255 255
0.30971486155378736 -1.525936872198607 5.309027748247774 255 255 255
-0.07206498931703618 -1.8502876953732161 5.663339789109151 255 255 255
0.6022145218035502 0.4816457018626671 4.887590975063796 255 255 255
0.6652603298724081 0.5911889339165206 4.824676195875867 255 255 255
0.5423065456058034 0.39924765639791154 4.9306099066336815 255 255 255
0.4867079761003246 -1.319163408369957 5.144736540911666 255 255 255
0.6309345974133461 -1.7662001362800261 5.08246587100781 255 255 255
-0.2607277207689527 -1.5746821323477997 5.777548882816312 255 255 255
0.7639730111060573 -0.7729615264607171 4.872578911479803 255 255 255
0.9283634076957963 0.9617262539011103 4.576625995063341 255 255 255
1.0897948984955173 0.9420493934549656 4.45741715440632 255 255 255
0.12720183706274 -1.0573396774091108 5.407028413468186 255 255 255
0.9068434648775003 0.6727490793378461 4.625582664960355 255 255 255
0.010347526140279385 0.10495496308208578 5.195211013933876 255 255 255
1.3462903322352817 -0.9464669942426361 4.457485535952178 255 255 255
-1.870789462176255 -0.5733564434405071 7.009919595267305 255 255 255
-0.46831970301145986 -1.9735721583485544 5.887998731085478 255 255 255
-1.0150560293859785 -1.8534456349184767 6.438459041491447 255 255 255
0.17932909096173497 -0.8379373806173641 5.350225986918881 255 255 255
-0.6916833743185862 -2.1906225532318646 6.184938306929507 255 255 255
0.8927593325607848 -1.1762901194255864 4.808887023996245 255 255 255
-0.9013472683468989 -2.105964590373558 6.365942131113191 255 255 255
-0.8703330078170185 0.4218072815317703 5.738484455764475 255 255 255
0.671582664926789 0.4488058255939519 4.848158856946163 255 255 255
-0.1800594191164205 1.1922708336579328 4.847306394680512 255 255 255
-0.20226848593923755 -2.057503418619157 5.796628943773402 255 255 255
1.9045855202601507 0.26871674596498546 4.550975937707071 255 255 255
-0.499201863997725 -1.74343789045814 5.894718840799817 255 255 255
-1.3337511001617046 0.8133284705050552 5.877550121233686 255 255 255
0.4485833189093185 -1.7233664344070863 5.21732549709581 255 255 255
-1.9553265477658248 0.03573345683865363 7.0340299339552805 255 255 255
-0.2640859378011117 -1.8676855546503535 5.819324685311909 255 255 255
-0.06812580867688868 -1.386361912888751 5.605110164543895 255 255 255
0.751161748642688 -0.04863694850246779 4.8109753779548345 255 255 255
0.7783302919729702 -1.5476391887523304 4.92879269567375 255 255 255
-0.6823483692412625 -1.7457907180865593 6.142892906781935 255 255 255
-1.5744460988985447 -2.2226786008419563 6.921942473544979 255 255 255
0.7591214729744491 0.6618404614517988 4.744813012254625 255 255 255
0.44646019558717576 -0.898712941964166 5.132674740993552 255 255 255
0.5686334244630903 -1.4978022257750039 5.104345665175343 255 255 255
0.18108807608012076 -1.4616875748070717 5.4163319181623555 255 255 255
-0.5261093672687894 -1.7586089807691785 5.934127780834127 255 255 255
0.4280458383648376 -0.39824963188499224 5.103962089594703 255 255 255
0.660151398520906 -0.8307709634717576 4.960144342147883 255 255 255
1.2574081546361342 0.37401720093664437 4.350736368160707 255 255 255
-0.21724174975012575 0.19610436499828582 5.3646086402097595 255 255 255
-1.164207316007263 -1.9397823016652107 6.596099554636599 255 255 255
1.6025364206716728 0.5403146312287833 4.5237715323192695 255 255 255
1.3677169565644771 -0.19957173687851074 4.3902179063582425 255 255 255
1.2879857902848204 -0.11641062548713993 4.382215755885161 255 255 255
-0.36507815859695103 -0.8573542995776305 5.405354204049673 255 255 255
-0.3992785196330979 -0.38053355680555284 5.4141374994658085 255 255 255
1.017952969020167 -1.0888146137640573 4.682796854653816 255 255 255
-1.5319673082287197 -1.0622200530879937 6.765043103583296 255 255 255
1.274693745848361 -1.3841096228684127 4.515145161059187 255 255 255
-0.3674772484782617 -0.3497452672776726 5.36521608224731 255 255 255
1.116888439188916 1.018575942762462 4.43250360453459 255 255 255
-0.6448329020821919 -1.9638723533592648 6.134040407659112 255 255 255
1.196862861343437 -1.0190064951871893 4.536126849338174 255 255 255
-1.0165337977242916 -1.7805397215541077 6.414081392105679 255 255 255
1.0295132258174902 -0.6213320117290723 4.6388116027063155 255 255 255
0.2057481301837608 -0.8848894014635037 5.335275501235795 255 255 255
-1.6942534479972475 -0.4815115977404853 6.851837110850282 255 255 255
-1.8248593514099767 -1.0161889721582025 7.007804594478645 255 255 255
0.11794597596714278 -1.5919378540448321 5.474605672866471 255 255 255
0.7329538640984271 -1.0514384174344846 4.939987935407433 255 255 255
-1.014267178744459 -0.3606290514806319 6.041348512159276 255 255 255
0.23881149728866025 -1.7259299244260193 5.391982889358566 255 255 255
0.8879239491068007 -1.4348600732154584 4.835213259447606 255 255 255
0.14741876256697847 -1.1851591475280645 5.417146000515287 255 255 255
0.5036410845453342 -0.016755942087781747 5.014818337116448 255 255 255
0.9236306893489004 -1.5959404580077943 4.824241005438436 255 255 255
0.9990272500960864 1.17436131787362 4.4545914425798685 255 255 255
-0.2515165067202944 -1.6570823333720879 5.782057859526372 255 255 255
1.1104903980088499 0.9093333807724212 4.434122574754138 255 255 255
-1.8287490462445495 -1.494635647542834 7.064851744621725 255 255 255
-0.260018302692335 1.1115678376584786 4.8079553381785125 255 255 255
0.8988902293726809 -0.9766719480934665 4.7603527871495395 255 255 255
0.5870105993892629 -0.7520810159169682 5.017681996708892 255 255 255
0.7691143959829161 -1.5543408785715793 4.956637058468164 255 255 255
-0.32641905805000326 -1.8397413507161342 5.859472631146807 255 255 255
0.7382851015373852 0.32175094571189883 4.78510172730484 255 255 255
0.2890129774852401 -1.375627135803053 5.310251740779307 255 255 255
0.7260201687588947 0.6150390137579476 4.791160861487797 255 255 255
-0.05918951437514253 -1.7052129555040871 5.664970149453858 255 255 255
-0.8965247331051373 -1.994552052791931 6.362078294437326 255 255 255
0.40343974943893635 -0.9011246307171044 5.170347799927088 255 255 255
1.277675934969227 1.2484500319189318 4.1669018560688675 255 255 255
-1.7686787759081097 -1.2327420510463436 6.9806709839462195 255 255 255
-1.5318816123212369 -1.950648976019312 6.858633450964085 255 255 255
0.6011828861424451 -1.2564559944526548 5.036412193990593 255 255 255
0.22282881407758323 -1.8913565351904067 5.424413074636776 255 255 255
0.32468157131746084 -0.8195197813609175 5.22887173314254 255 255 255
0.985093643023264 -1.449953835457373 4.752507052489213 255 255 255
0.8698814275731767 -0.343061834489167 4.740651080966836 255 255 255
0.8276885356398889 -1.582181096964743 4.895840180034845 255 255 255
-0.18212474384979196 1.2280999646100867 4.8084740220959175 255 255 255
1.3476100612545507 -1.3474834673077463 4.5053130309816884 255 255 255
0.12011048849162802 -1.568003322664476 5.470575927282688 255 255 255
0.5583201728666543 -1.0992170603165456 5.073287322145473 255 255 255
0.6869437574095822 -1.1799233229293558 4.965433555418661 255 255 255
-2.707366669231077 1.0216935518816364 7.590968961693097 255 255 255
-0.9772232321656571 -1.933181135089601 6.405012475060913 255 255 255
-1.3318879104520727 -2.005835435402322 6.705668975918153 255 255 255
-0.38259085249861274 -0.9041812940662693 5.41374028310434 255 255 255
-0.8143066175380863 -1.9982845537591727 6.290836204091304 255 255 255
-1.0606053830489968 -2.289537474560613 6.51156452154478 255 255 255
-0.507196630122081 0.3858752098675903 5.426150529119079 255 255 255
-1.1561500160121765 -2.1897914556609273 6.578511835053042 255 255 255
0.8225851912812251 1.068593316162633 4.662862288531813 255 255 255
0.8556373700153947 -0.9942492587010028 4.798436073583876 255 255 255
-1.2294650265936529 -1.3911624683720818 6.54904137210542 255 255 255
-0.10840726358382179 -0.1053649785963893 5.295526862716131 255 255 255
-0.41989178819900125 -0.7669713691535813 5.380006320480327 255 255 255
1.1981516486140755 0.7032300405403706 4.389948316119671 255 255 255
-0.4913590694782176 -1.9408012310148604 5.901147280338897 255 255 255
1.0093130572422684 -1.4202637222589298 4.73845847249204 255 255 255
-1.025946821754482 0.6873434345819721 5.632136277714893 255 255 255
1.345280797701153 -0.15450257143219698 4.380310117521234 255 255 255
-0.058180576573868284 -1.7492812091139598 5.638809181191029 255 255 255
1.3602724728793336 -0.17511227757613618 4.384969826514424 255 255 255
1.0194547136029004 -1.2335722324153642 4.706751301978052 255 255 255
0.09362291305943582 -1.4250357705442425 5.4792488307976335 255 255 255
0.3373866169931489 -0.3461802109185915 5.1745651417367124 255 255 255
-1.130456421923098 -0.5373160552919066 6.0359888786121685 255 255 255
-0.766306219858314 -1.7061987637822829 6.209905278673674 255 255 255
0.20476878092975337 -1.2953354335417158 5.375131972123931 255 255 255
0.513869815198255 1.1399231512677128 4.917517752259476 255 255 255
-0.6589156121206929 -1.9537219353750528 6.145826254471097 255 255 255
-0.06902789693980381 1.0514364161757814 4.786601580526223 255 255 255
1.1813771079640407 0.20533252815468012 4.446202525550976 255 255 255
-1.2043815774356033 0.206519204050032 6.163114067031676 255 255 255
0.9991320280950596 0.030258643026369235 4.59851353847608 255 255 255
-0.5130000368922062 -1.99904844298097 5.930843495831069 255 255 255
0.7282434233671725 -0.9866407482909205 4.912122788310207 255 255 255
-1.8790540817168564 -0.17538687914136358 6.9751612078648755 255 255 255
0.920655572885077 0.2230341596503871 4.644746893187515 255 255 255
0.5881155689301847 -1.7581395439433103 5.1078414946120825 255 255 255
-0.023026279323705583 0.6708444985115064 4.804799637873697 255 255 255
-0.7535896887106409 -0.5291254930491363 5.73261608011264 255 255 255
0.06664351005848702 -1.1564227644683198 5.469922245477294 255 255 255
0.3233671344364399 -1.3007431546939572 5.274286654411754 255 255 255
0.48911660199882817 -0.0760675942480708 5.023157461530489 255 255 255
-1.5711846126002507 -0.40496184932042717 6.740045136049809 255 255 255
0.22041337978234368 -0.3009594740457575 5.271560759656579 255 255 255
-0.7071460706689637 0.21831998433301125 5.442311592548391 255 255 255
0.808962766593219 -0.7239971083314346 4.84097014099095 255 255 255
0.9321608203202887 -0.3846586369156349 4.693940880030877 255 255 255
1.0749966688173178 -0.6834624488641898 4.6104606987409 255 255 255
1.3851290942056738 0.9839547642844131 4.280459053091471 255 255 255
-0.5404849750194695 -1.908491114540894 5.955803432750323 255 255 255
0.5615911817208317 0.5579953196364772 4.911755409959355 255 255 255
-0.12063813668746368 -1.9467271952815666 5.707952990127478 255 255 255
-1.1142556332671707 0.7654626875922935 5.698898038723132 255 255 255
0.33022744484523175 0.6030595713229808 4.810195054782633 255 255 255
0.4541859165682383 -1.3954228899962406 5.17641988815895 255 255 255
-0.45293768439779947 -1.224395581982853 5.228906967476953 255 255 255
1.2437626550771639 -1.0419073642806793 4.507239773808781 255 255 255
-0.6456691139340381 0.674454085658466 5.318467274957123 255 255 255
0.12923320563540822 1.3099359429667459 4.549531909942624 255 255 255
0.6641724129928913 -1.1772530728883497 4.986950660433677 255 255 255
1.0264719387552035 0.21526566043945783 4.568170974651055 255 255 255
0.8044161486218786 0.42521030848619584 4.734203782284809 255 255 255
1.2756527677778746 0.06998719280434461 4.366897837480563 255 255 255
0.510504339769757 -1.6556861890461716 5.16664521027039 255 255 255
-0.13815165774578878 -0.22827131230783596 5.267683154015402 255 255 255
0.18372421074619258 -1.0086837710127674 5.354093288696041 255 255 255
-1.2971766072125306 0.3043768779951211 6.230679078604989 255 255 255
0.07250002360589002 -1.1678755190635435 5.460630997228238 255 255 255
1.1680640623655283 0.8347214620709136 4.3953211493851665 255 255 255
0.3148779727892325 -1.5496925894835076 5.320255931540226 255 255 255
0.9326027453226987 -1.5640809296306672 4.810684248422148 255 255 255
-2.4058960509064495 1.412896155592639 6.306920703948675 255 255 255
1.2298117913050843 -0.6509424798756266 4.483959806160957 255 255 255
-0.42925561369134596 -1.8755912803547592 5.86820610315983 255 255 255
0.9132727283887957 -1.0874734058111288 4.770109819376372 255 255 255
0.172321338203464 -1.254461115337811 5.3966809498030806 255 255 255
1.1509072124738173 -1.6243327093795237 4.652080079234668 255 255 255
-0.19966412287939306 -1.9622629870397124 5.772628181098313 255 255 255
-1.3087592916911244 -1.736523628069167 6.656310055291784 255 255 255
0.17616667971530856 -1.6473087317527966 5.432206127492536 255 255 255
-1.6482974075841212 -1.1130299379421238 6.884788222363443 255 255 255
0.8942819650219465 0.6927896594518645 4.628500410247819 255 255 255
0.5420073857902918 -0.975349133870603 5.0681968927157826 255 255 255
-1.394187078168564 0.6369294054205569 6.060428048687013 255 255 255
-1.011701473071457 0.14769549192030282 6.0285397831479015 255 255 255
-0.522722058960207 -1.3875954815533245 5.553563004991835 255 255 255
-1.3709914268248249 -2.124204995506614 6.751328202934148 255 255 255
1.2924110616054352 -0.8425057615185044 4.4438066312190285 255 255 255
0.5675750144287189 -1.6969685185405152 5.116973901649663 255 255 255
0.6240437547033109 -1.5267026426854973 5.0660967684481655 255 255 255
1.353534321638381 1.031482703396211 4.263574921065822 255 255 255
-1.8358814755260198 -1.6222247077752558 7.077020422272868 255 255 255
-1.2049773798415364 -1.4328567761945064 6.530979722772406 255 255 255
-0.5322337269403505 -1.9643898579515797 5.937673504349838 255 255 255
0.03839016781960719 0.2171025760193255 5.133360495716309 255 255 255
-0.5666353220502517 0.10115773948700688 5.596652761827846 255 255 255
0.1709979344291996 -0.020020213391827687 4.920417840106858 255 255 255
0.6850259344237658 0.1464957633759883 4.8557790239632554 255 255 255
0.9813440680122274 0.4853749375919883 4.58201015032829 255 255 255
0.617640666601673 -1.3630579801570823 5.0480130107919745 255 255 255
-1.1589547896647743 -2.0736786201868327 6.593648284343806 255 255 255
-1.1072701135961116 0.107779111323997 6.123587365876216 255 255 255
0.958297985976712 0.5385632188010727 4.590901892329879 255 255 255
0.7485832519729699 0.9113518418289923 4.7715855064607995 255 255 255
0.5118617444856577 0.34775138589979515 4.96806663213685 255 255 255
0.9796894601983944 -1.661715613203155 4.782046115628954 255 255 255
1.114583486697806 -0.7225292579799679 4.5758033841150585 255 255 255
1.0814129966763406 1.1524350366100378 4.4320462057454755 255 255 255
0.7110480928067846 0.9503410939104292 4.7623361290799044 255 255 255
-0.06508762956028627 0.6325042728147682 4.835279642998055 255 255 255
1.1478056573783646 -1.612478890652115 4.656417135553303 255 255 255
0.9947869684876849 0.8371356979738622 4.551662293713953 255 255 255
0.19321716529247096 0.3217127048430909 4.876761864590468 255 255 255
0.9813180225562859 -0.35601244052384307 4.6459955307187055 255 255 255
-1.2606341591800305 -1.0397284694408047 6.543683648739417 255 255 255
-1.940211576930358 -0.6281533510906656 7.058024946478064 255 255 255
0.09598469083600562 0.9842252400096306 4.659225676183762 255 255 255
-0.7357838264278479 -1.7357301937061567 6.180532011242233 255 255 255
-1.2964567891131364 0.6223076492905655 6.150880358016302 255 255 255
-1.2749843895752682 -1.659197010577637 6.607591840564475 255 255 255
-0.708173231733494 -0.21570022731579944 5.686008817047337 255 255 255
1.119179810503198 -0.383748285134822 4.539827875209778 255 255 255
1.163543810480028 1.2393888418027952 4.257116414519271 255 255 255
0.823188179237941 -0.3403604896955827 4.776357079190787 255 255 255
0.6501661953895953 -1.6271148352066918 5.051791810527729 255 255 255
0.33515390207511453 -1.759845796753621 5.339043990554416 255 255 255
0.5159932962005495 1.1156816138302095 4.915162833448935 255 255 255
0.18383823993073453 -0.5701651704871735 5.3138927912360385 255 255 255
1.043811851082695 -0.45152521900730447 4.607709753065705 255 255 255
-1.8522743650403748 -1.6734177098901801 7.09181092790969 255 255 255
0.4402034323577766 -0.7130947856750376 5.135019503922804 255 255 255
-1.663626913802889 -2.1519056682613966 6.991372800405 255 255 255
0.44814460212041374 -1.5230653674595123 5.205811479019367 255 255 255
-0.08261472047077606 1.085924538945394 4.804526423264793 255 255 255
0.8759481834967817 0.05949098817804934 4.6958449682436445 255 255 255
1.2229087733633743 0.8169637149598734 4.364090003363633 255 255 255
-0.471747312099417 -1.950983533685314 5.893718040979074 255 255 255
1.124255503948057 -0.2807801600678783 4.519358194815866 255 255 255
-0.09150825257694506 -1.6827014084535226 5.664812102734992 255 255 255
-0.42072750270197534 -0.637685029989655 5.340434766212543 255 255 255
1.599634683177352 -0.8962489519034402 4.664385433073145 255 255 255
-0.049776138219850385 -1.3520197235697315 5.584231982211386 255 255 255
0.33110607045670215 -1.2057954405697775 5.25050543616672 255 255 255
-1.4328098901714321 -1.5461896248613822 6.72882047320843 255 255 255
0.48357001112110626 0.23988470813032708 5.004947348679895 255 255 255
0.756914465584685 -0.20126181574988775 4.8195407130385295 255 255 255
1.0761915568311966 0.9508348681591914 4.460557988064692 255 255 255
1.0714588615962948 0.4348653235701353 4.5044597489783875 255 255 255
0.28165688280344636 -1.0161083256421835 5.277152318855009 255 255 255
-0.1192671255586567 -1.8774477259176545 5.700175569690968 255 255 255
0.49273846797442855 0.19458996890835217 5.020057926474505 255 255 255
1.2055959469978204 0.5122977728457981 4.398246855705524 255 255 255
-0.9209055302927855 -2.1729411538295342 6.39027274095925 255 255 255
1.2534406838566752 -1.0837495570996765 4.50037597229287 255 255 255
-0.32122697078587953 -1.6376512287837546 5.83957312794804 255 255 255
-1.9787449198718836 -1.6615349160283774 7.202630648150237 255 255 255
0.12361332953726768 -0.16675379482853905 4.867375218775857 255 255 255
0.4792628238368514 -0.8694658432965316 5.1200834243553 255 255 255
-1.8563390077643211 -1.4890983179628121 7.083770803374729 255 255 255
0.6417930326295136 -1.4109622564374327 5.032843364352029 255 255 255
0.7025855465800644 0.3155943067451205 4.820300102709031 255 255 255
0.7698081158652643 -1.6322265793937223 4.95350669036233 255 255 255
-0.42967365968773497 0.30103421675242553 5.374557987271149 255 255 255
0.474479266884977 -1.6492636153813371 5.2003252671121505 255 255 255
0.7673419098849152 0.862631133996375 4.728662224049389 255 255 255
-1.5013166122618669 -1.6617498406330389 6.816814964661454 255 255 255
0.31670860750068985 -1.8246234314951393 5.333501551676994 255 255 255
1.0848111285685074 1.2485716239568598 4.327358264650422 255 255 255
-1.7742615788932383 -1.4783438057620963 6.999613888278235 255 255 255
1.1462750168916611 -0.5509520959416981 4.536611615959724 255 255 255
0.13108505060185033 -1.0247318860075176 5.405684198779715 255 255 255
0.6414512965822928 -1.546986093312837 5.050431232602137 255 255 255
0.8191377071003364 -0.6923839044554146 4.81430716097153 255 255 255
0.23254294017581406 -1.5113776022323266 5.3696190572557985 255 255 255
0.8853467856668187 -1.0608751215041612 4.779957483819631 255 255 255
1.026832337395007 0.4963144790522455 4.534777873385542 255 255 255
-1.117506842806144 -1.717662350875289 6.497004564853604 255 255 255
0.8750433998127861 -1.717948552428392 4.87841327497404 255 255 255
1.0308271655265955 0.9786205704077532 4.503382457903133 255 255 255
0.6996220598087103 -0.027006274368519278 4.854306878046655 255 255 255
-1.579598008294273 -0.2712154739346033 6.740380584792023 255 255 255
-0.06980541935883555 -1.9337191307012245 5.677025378195776 255 255 255
-0.13068466590280192 0.9754390625767086 4.849274220136929 255 255 255
-1.6995202379268435 -1.9944308172075382 7.024864603469412 255 255 255
-0.8933862331969342 0.3370480474299592 5.777239311995363 255 255 255
0.8683296624629404 -0.27198248722964036 4.734396167976673 255 255 255
-0.054624363281754275 -1.3364218991576828 5.582751061775459 255 255 255
-0.19978730066672093 1.2553987231198072 4.797823719897868 255 255 255
-0.856787377420748 0.0791529312443736 5.755751869417028 255 255 255
0.7779496127147754 -1.426001560089208 4.920109647377329 255 255 255
0.21910941959659788 0.4726879138683809 4.741010885578431 255 255 255
1.069907262058491 0.5381560389267961 4.4923116212763725 255 255 255
-0.12697975316004195 0.07062730103093971 5.280087801496618 255 255 255
0.5493009798297299 -0.11293278827340017 4.974814533124797 255 255 255
0.5215527091406741 1.0888231901986967 4.928329048145325 255 255 255
-0.37202144777460566 0.4152079125980792 5.3229264390064275 255 255 255
-0.16831092692910665 -2.0469983885658065 5.764266546073425 255 255 255
-1.9469152312111864 -2.4662686162210603 7.2416211468359934 255 255 255
-0.4795984908450106 -1.98073709715803 5.91199488642817 255 255 255
0.709978763622228 0.15634642252470046 4.845307070140697 255 255 255
0.011481415919282121 1.040022160165152 4.726922585529397 255 255 255
1.335708183168457 0.24997630321656047 4.340087849905311 255 255 255
-0.11638420119347201 0.6301534972291244 4.873233314076852 255 255 255
1.1535826456504659 -0.7412044696420398 4.539936719579047 255 255 255
-0.18626000005914467 -1.407776341066831 5.697863963232532 255 255 255
1.1684834262242572 -1.121350701180311 4.570321282044309 255 255 255
1.1856423242124874 -0.9390043064027868 4.540151286847909 255 255 255
0.5108046059136494 -1.8321163764290502 5.18065697343127 255 255 255
0.6095658888129802 -1.6396807639493625 5.087729239927458 255 255 255
-1.389634247988931 -1.8962761110945572 6.739587089855894 255 255 255
-0.9409797541533559 -0.7328651033590636 5.737854061552748 255 255 255
0.6475694595995408 -0.972522546850401 4.9817834408454 255 255 255
0.7113153170484793 1.1140688759207833 4.760477170768645 255 255 255
-0.6492351933082459 0.04272980084539911 5.506106942778399 255 255 255
0.8013032133081167 -1.2086969412769906 4.884206456066113 255 255 255
-0.4764267176426758 0.5795495489848365 5.286486355551718 255 255 255
-0.08788904035409753 -1.8131499557205104 5.6606965061858485 255 255 255
-0.41012153773403326 -1.9643285143901823 5.842405718911373 255 255 255
-0.35359931352649343 -0.7816596126530133 5.410526266398339 255 255 255
-0.32236163650520705 0.6200101901735523 5.04841778035168 255 255 255
-1.8439189439276538 -1.4724834068871724 7.073113300789396 255 255 255
0.5244268769804028 -1.6759737300455373 5.157198485254827 255 255 255
-0.08529723755450151 -0.34838926376963214 5.275891669595774 255 255 255
-1.7509764273831103 -2.253381794635149 7.108640747565285 255 255 255
-0.43576616620207315 -1.9688680985616558 5.854430428338876 255 255 255
1.2775495876942415 -1.4851277033098558 4.518401697875923 255 255 255
1.048280848889275 0.8169646292138348 4.494592580354778 255 255 255
-0.9851402665489569 -1.7342488585266114 6.379838360746271 255 255 255
-1.2300094634531376 -2.1280596019910676 6.631097849153172 255 255 255
-0.5765045475165755 0.591428956218768 5.320983409699647 255 255 255
-1.7240001363126316 -2.0636506204303937 7.02784499794866 255 255 255
1.0002649269617905 0.8423682338972789 4.537108793547737 255 255 255
0.10668121138231998 -1.6149009151762888 5.487564767723268 255 255 255
0.8683296624629404 -0.27198248722964036 4.734396167976673 255 255 255
1.1570375841474316 -0.37493476470501674 4.505228253245259 255 255 255
0.7445277659496689 -1.3685415009241173 4.942339286920356 255 255 255
-1.8892983024707546 -1.117906150996873 7.059058941113767 255 255 255
-1.4605844107808896 0.85784762771091 5.991750055245686 255 255 255
0.5712471274133525 -0.6157563659418901 5.009002789440996 255 255 255
-1.4349871784244297 -1.997192446670232 6.7827576533243255 255 255 255
0.6171637584623544 0.04169705629724327 4.914920394524404 255 255 255
0.9027210636741102 0.25516977866779517 4.659599187306368 255 255 255
-0.2887905574992371 0.7076011960798523 5.014384272752422 255 255 255
0.8424578962383067 -1.4121829255292941 4.87178182656863 255 255 255
-1.1349980279697378 -2.2220074023765877 6.5645380000242435 255 255 255
0.1172461120243718 0.5625915698776128 4.67813819860884 255 255 255
0.45658019856636495 -1.3635599605694841 5.1671991162468025 255 255 255
-1.4289078466629783 -2.2247401528359334 6.811708107538698 255 255 255
0.03282106174568998 0.1396959299626672 5.180644855683216 255 255 255
-1.6163630798629793 -1.9015853625011403 6.921746780826162 255 255 255
1.1909591614843018 -1.046772912735112 4.54798197708279 255 255 255
0.4880725482469602 -1.6035107030797404 5.174947883740489 255 255 255
-0.8639530309844115 -1.024452337287635 5.686669668158839 255 255 255
-0.9793923952215748 -1.8637009469344057 6.395522468404761 255 255 255
0.712324776356951 0.03352793045559091 4.827656838830947 255 255 255
0.6818567001350898 0.1360333203910661 4.8483015508917005 255 255 255
0.6134013899688259 -0.8602826551055781 4.992989988338739 255 255 255
0.8348384680614881 -0.2815900870847741 4.767923287221779 255 255 255
0.07308712820181154 -1.6202950029356424 5.503427516700455 255 255 255
0.37090524799582836 -1.3795223325950758 5.270597084406969 255 255 255
0.7887289271192001 0.13375938059425369 4.773344632925245 255 255 255
1.1787340622203732 0.907221086595546 4.387817066245639 255 255 255
0.6406671573295201 -0.7825675363323021 4.974526773659982 255 255 255
-1.888589067246577 -0.22225630877093439 6.987319509578112 255 255 255
0.910093793098244 -1.609284669382253 4.832113384054417 255 255 255
-1.5624383995352398 -1.6364507895842382 6.881126390504511 255 255 255
0.7013847268481014 -1.584726016103344 5.01234060886863 255 255 255
-1.3740368288321223 0.46257387923960175 6.170529569313952 255 255 255
-1.012575041010398 0.18236839234388091 6.0225780440609755 255 255 255
0.9733832186111006 -1.3175292078606855 4.75803777819509 255 255 255
0.7687354345802684 -0.47395620102147107 4.832390648746249 255 255 255
0.4731287212827498 -0.8880991451143324 5.117187661706046 255 255 255
-1.2811580684505934 -2.000087425126903 6.660077648212187 255 255 255
0.6512726920149514 -1.6871216364234574 5.05365421576962 255 255 255
0.7725483486226948 -1.007793000215488 4.882829436449337 255 255 255
0.6363298777756295 1.3559437033756756 4.662585847065743 255 255 255
0.33588445862698146 -0.060784716261453806 4.892351036736496 255 255 255
0.5281508314088287 -0.4686415594894655 5.030129688504416 255 255 255
0.8242375024827984 -0.5780620200698939 4.816468690015218 255 255 255
0.33873892598784167 -1.7676487045926643 5.3221145371144765 255 255 255
1.3709099518096666 -0.15626998952170346 4.388009718018637 255 255 255
1.085821601278802 -0.8218894531410974 4.61405309123252 255 255 255
1.0569523423461302 -0.4852180914516331 4.598982165214327 255 255 255
0.5146772865701049 -0.418160784700795 5.04868694277747 255 255 255
1.0068656287089068 -1.4758315486796985 4.735213531637319 255 255 255
1.1023150318217045 -1.508468572317121 4.656943767039654 255 255 255
-1.5498587731820115 -1.4180986075478756 6.82737812208249 255 255 255
1.130652355432505 -1.6107116829462798 4.664252406256766 255 255 255
0.9161533736171271 -0.85530808934698 4.758322986631263 255 255 255
1.1577000690555888 -0.7164578285656064 4.546461307057511 255 255 255
-1.3782323180130214 -2.3876513534244173 6.787305814784185 255 255 255
0.20296210092201164 -1.6048507119059585 5.402539219558584 255 255 255
0.5755894054378486 -1.6083237232624377 5.105906329026037 255 255 255
0.6310355317969113 -0.08917465093055062 4.925937165534483 255 255 255
0.32538389773188137 -1.5198306702030002 5.296355026451585 255 255 255
-0.1363847150563646 -0.20565055443800204 5.258310613715751 255 255 255
0.5835474098473337 0.24047664804484972 4.905723784524593 255 255 255
-1.8538528439790944 -1.6123512540912026 7.086842836518748 255 255 255
1.2651754542029534 0.6391808699211722 4.330912967887336 255 255 255
0.10806928222920605 -1.5400263307555138 5.482362042963992 255 255 255
-0.3160257606186643 0.9142868374104747 4.762824549400208 255 255 255
-2.064744157526861 0.7094805362231693 7.063819462767342 255 255 255
-0.8644619403620217 -0.18125934855049172 5.721044859169187 255 255 255
-0.6611765909582351 -0.026384944553774117 5.615280865838556 255 255 255
-1.906845096548385 -1.2195594503598137 7.09052795897158 255 255 255
-0.7840265223181094 -1.8432320652285512 6.2360765174816235 255 255 255
0.7175024988205669 -0.9260611943858317 4.932040205542085 255 255 255
-0.568502215921088 0.12032256110817036 5.5878895120127865 255 255 255
0.8758881778974236 -0.7359032361946662 4.763658402766308 255 255 255
0.992332008511656 -0.3576733202237452 4.638744686939358 255 255 255
0.7811614778599865 0.4980164080727251 4.707524203524989 255 255 255
0.4297445315772372 -0.7635448278491792 5.133963377162932 255 255 255
1.1009505604918768 -0.10740366077072622 4.541736747537918 255 255 255
-0.28449296524195566 1.3079978730793735 4.702705933503148 255 255 255
-0.6339410057913368 0.1418746117199552 5.585382130048555 255 255 255
-0.8397458804610639 0.3724362438352293 5.725825739566396 255 255 255
-1.9025158903906472 0.7019492306598576 6.935690050443839 255 255 255
0.5200184533336928 -0.31314962991375844 5.019925564441779 255 255 255
0.33495551092399406 -1.24547851349732 5.263317443083205 255 255 255
0.599619712576034 -0.6002243600380707 4.989125404185392 255 255 255
1.1034950137852142 0.9686436431894431 4.4426744011970385 255 255 255
0.3561426565297231 -0.6067194948425412 5.181400309305028 255 255 255
1.1372448925640182 -1.049166262181863 4.583684758405634 255 255 255
-1.4073210366334192 -1.4230923524531591 6.700301261387367 255 255 255
0.4107921514096843 0.43328189707010323 5.012978036278151 255 255 255
0.8305870512395763 -0.3628961991641145 4.777759179132677 255 255 255
1.111693858130842 0.014560925520869761 4.5084774023241305 255 255 255
0.7177510615902518 -1.108216576340529 4.941906199831953 255 255 255
-0.00407773377587491 1.0337632081335277 4.735707769830325 255 255 255
-1.280710079829351 -1.7839854466362015 6.658358351952762 255 255 255
-1.835047976261712 -0.7312809419485005 6.978084748389525 255 255 255
1.9269102868355164 0.17804762520393505 4.4767491303274936 255 255 255
0.9601682662343665 -0.6145637549272684 4.692676553306003 255 255 255
0.333764743433262 -1.6177500054294596 5.31190234114515 255 255 255
0.8497342673474987 0.8612033647059444 4.659368913467841 255 255 255
-1.459432647845128 -0.2555902220868135 6.626029714110371 255 255 255
-1.4196882234151393 -0.9678170875640665 6.683459623944929 255 255 255
0.784713120871397 -1.382307731571128 4.899732267264702 255 255 255
-1.5994225668026223 -1.5639951490881572 6.8722823939629 255 255 255
-0.26786586657896855 -1.9247496042089909 5.822381809199986 255 255 255
0.5927737924666748 -1.7136825657205326 5.110029837864365 255 255 255
-1.041256449102249 0.6731589055628164 5.6373398319829855 255 255 255
0.9172806775260509 0.25098256292177334 4.641829475455468 255 255 255
0.18004924464926472 -1.1452157892425525 5.378165622104301 255 255 255
0.4864684479026574 -1.173224802151201 5.147542918171595 255 255 255
-0.7093868795645285 -2.2010873918428735 6.220093862257427 255 255 255
1.221990724580879 0.9486485041081052 4.35262451209519 255 255 255
1.1981516486140755 0.7032300405403706 4.389948316119671 255 255 255
0.4564032909671667 -0.9198665337289722 5.134757659825939 255 255 255
0.30760409415610296 -0.6850753993618214 5.225737101040666 255 255 255
-0.4807912712965151 0.4328362292376095 5.419936091740394 255 255 255
0.07842103861025701 -1.021594042389562 5.43636068495672 255 255 255
0.12927435600693757 0.6003423288081657 4.68130075338092 255 255 255
-1.2385770292039486 -0.09673368020136881 6.137006558435701 255 255 255
1.237822990068174 -0.1620362217500904 4.426670060659518 255 255 255
-0.3629651540939141 -0.2365255877630905 5.352092481704392 255 255 255
-0.923675716460731 -2.12438030389435 6.388048492487438 255 255 255
0.9100706170585566 0.824573241468914 4.607954500061824 255 255 255
-0.08075232696928294 -0.3677416326364963 5.2042518709743035 255 255 255
0.3063481418827318 -0.3386430569125967 5.204030693043178 255 255 255
1.206669064903223 1.0838093989668571 4.353024554646069 255 255 255
0.9191745449888252 -1.2283898159652424 4.782332427146636 255 255 255
-0.9380108064625029 0.9983618118695143 7.277085168428767 255 255 255
-1.5615450988228994 -1.9485995996157128 6.890109864618693 255 255 255
0.5861907003477225 -1.139130944224322 5.039146966156119 255 255 255
0.7838607472905154 -0.8261224149794322 4.859583581911902 255 255 255
1.0942578924792998 -0.1948161529842984 4.54916612539971 255 255 255
-1.7018781105239487 -1.869862647736213 6.994828971978917 255 255 255
-0.760581598382698 -2.1144841376644403 6.25349280846879 255 255 255
0.4775953113358047 -0.6984571880784207 5.091459571111207 255 255 255
0.5441173820614675 -0.09506534147569909 4.98134635709684 255 255 255
0.4443772404616114 0.17444500982952577 5.056019563826598 255 255 255
-0.13087869400541488 0.6708713237926762 4.886309057427921 255 255 255
0.5563378136292102 -1.51364078352898 5.114166944127784 255 255 255
0.47546902385377 -0.40917328471419356 5.065765313277315 255 255 255
1.0543045039021175 0.7690255905210238 4.492862987154857 255 255 255
-2.0008822986630257 0.6760165162047106 7.020944730138965 255 255 255
0.4548597212828489 -0.48420656954250957 5.094608947305084 255 255 255
-1.746234274540041 -1.105902231387066 6.960090646735042 255 255 255
-0.6639177528358423 -0.013822218128644091 5.618926931768845 255 255 255
0.03685500240521224 -1.802408747403218 5.562418547327914 255 255 255
-1.5681409118229637 -1.4511515561065853 6.840610608066897 255 255 255
0.5405840636320157 0.8306312413566769 4.9048185176768175 255 255 255
0.42731046722192495 0.470619566416002 5.002492481313966 255 255 255
-0.25478328800889366 -1.8400820702943232 5.801663582113434 255 255 255
0.13557860127644897 1.3182154123302599 4.542735967279951 255 255 255
0.2814079798947934 -0.9296696075638928 5.278496803622759 255 255 255
0.9365291034689168 0.565272746910875 4.612620405077725 255 255 255
-0.7726056070467372 -0.20573555266100332 5.638253797746718 255 255 255
-0.43479364633891937 -2.0321466695814294 5.8682503747431145 255 255 255
-0.5989931680872538 0.16259413998644504 5.584595678607638 255 255 255
1.0146270153547075 0.23491301729278344 4.570544231548327 255 255 255
-1.7441742303359875 -1.8107079094616405 7.016888439870149 255 255 255
1.2124435451234137 1.052387071424455 4.341548653903131 255 255 255
-0.9680976218647981 -2.2331425082897938 6.434195470092568 255 255 255
1.1581944232098318 0.5376213608173177 4.428001569641138 255 255 255
0.1598511255651451 -1.7576338351633665 5.455219650198724 255 255 255
0.06522751539622536 0.9973449612515033 4.687720281209665 255 255 255
0.23654146514879687 1.326983074876031 4.601930344929999 255 255 255
-0.5237916537776433 -2.0217908102525524 5.943116532090302 255 255 255
0.9984267518875914 -0.88756181803468 4.690357458692939 255 255 255
1.3921466695721096 -0.5049694321275817 4.440872924294209 255 255 255
-0.0010768962277089072 -1.4553626376685198 5.552810834571367 255 255 255
-0.9151355225800929 -0.08353565102745274 5.789592360083464 255 255 255
0.6708005753782627 -1.3771415028457203 5.000459437921585 255 255 255
-1.6369446043841909 0.4564410593657198 6.737324240339705 255 255 255
-0.8638019027615034 -1.7923589360444387 6.279161905831506 255 255 255
0.9148625879435511 -1.4066882116621937 4.808999361389512 255 255 255
-1.860478568163088 -2.398285414578504 7.182863740360338 255 255 255
1.2942953301369404 -0.17443339416532527 4.378198248950815 255 255 255
-0.523613675579483 -0.3591070392875951 5.5046431903523825 255 255 255
-1.9675561400445232 -0.7456046355922787 7.144793764033514 255 255 255
0.7386083791004291 -1.6941179415404137 4.988771926250695 255 255 255
0.13929258734525934 0.556180607041924 4.667748294702729 255 255 255
-1.7813259118657625 -0.17805168137318197 6.892741463251518 255 255 255
0.6134508668587074 0.4249964199934935 4.897085352353486 255 255 255
0.917111394889229 1.0093596385752621 4.600170752738627 255 255 255
-0.10870138423892949 -1.5243191610834732 5.664296512290347 255 255 255
-0.4607621129053779 0.20927837911822647 5.412702672286418 255 255 255
-0.7623511412728892 -0.545407287169238 5.7133304510214975 255 255 255
0.6791824346655305 0.5790658019589551 4.826455105302872 255 255 255
-0.41733809344398154 -0.8891219941561564 5.3781942358369905 255 255 255
-0.044475108609817064 -0.7160569627072689 5.185271988678624 255 255 255
-1.0472973163893164 0.607012481084201 5.780145815989956 255 255 255
-0.2957953453224127 0.9676843760084491 4.779357482887814 255 255 255
0.06107492300960379 -1.8172445850352472 5.553017039797403 255 255 255
0.32483766916443346 -1.7397884948287423 5.3205133948335845 255 255 255
-1.2903210698571654 -1.9995521923267405 6.6671570222878245 255 255 255
0.9632788820315014 -0.6231004117847586 4.686411501123299 255 255 255
-1.7000161421983961 -1.8333818381643574 6.988546404492878 255 255 255
-1.0788250315655854 -1.669743763531189 6.467349235484084 255 255 255
-1.0847556348293406 0.7613903661449561 5.681256067711118 255 255 255
-1.6482974075841212 -1.1130299379421238 6.884788222363443 255 255 255
0.20446327542766865 -1.3817750873159615 5.38142214922307 255 255 255
0.15411909153840958 -0.5101109823716578 5.344000750543659 255 255 255
-0.44001360700445136 -1.8839755561987472 5.864719906944033 255 255 255
0.6661751360634404 -1.4993591713296714 5.026607118831379 255 255 255
-0.6989999859337166 -1.229171867903293 5.567249959780067 255 255 255
-1.0845245345518408 -1.5195228549310253 6.449386542633948 255 255 255
-2.0429995989656495 -2.0898570601254742 7.294506416463594 255 255 255
-0.5335079481493572 -1.4620799243110398 5.59115187671946 255 255 255
1.4003994998725278 1.3594874136712505 4.133991401633125 255 255 255
-0.09386878854955684 -1.863006466263747 5.672470737447045 255 255 255
0.2056740703014024 -1.3203662810060277 5.367286363928064 255 255 255
0.5764030057653866 -1.596472088563709 5.099427703369856 255 255 255
-0.883105407140141 -1.209489992538345 5.679626386318545 255 255 255
-0.005285634964143615 -1.3609961306187266 5.551963434128215 255 255 255
0.13843317188186835 -1.0348417191692652 5.412842474359908 255 255 255
-0.09495548241666221 -1.5254304073506197 5.659403740001975 255 255 255
-1.5182837962810023 -2.411043515892661 6.911271543623823 255 255 255
0.37927182536705595 -0.941543261331678 5.200541974786437 255 255 255
0.7442112455442528 -0.538459052689701 4.86967862923142 255 255 255
-0.8800521346143565 -1.8588102047901436 6.3206353208580985 255 255 255
1.1532465416692348 -0.3840841239003853 4.512900019751854 255 255 255
0.7949451176559446 -0.43024241474001157 4.810286907497108 255 255 255
0.7325582617326026 1.0922672127826634 4.762566913540657 255 255 255
0.5076718630459327 -1.7189157294284598 5.164242607231366 255 255 255
-1.672363177366152 -2.13560244767025 7.000932110227105 255 255 255
0.1432156891514657 -0.9039910422901077 5.381858553000901 255 255 255
-1.9816183172634025 0.8974876152115531 6.983047672046733 255 255 255
1.4990769659863994 1.3771784112622352 4.195981012866966 255 255 255
1.0000119207183988 0.8063007480087245 4.537544831672522 255 255 255
-0.29931005268270705 -1.983256158005716 5.865509597965805 255 255 255
1.3283193914609333 1.2473614770688233 4.1181466122876005 255 255 255
1.246302028513241 -1.5038719390162403 4.554652623423035 255 255 255
0.7235332269910023 -0.9754623616697403 4.921955799729716 255 255 255
-0.904827186154203 -1.9763586189166968 6.351418164013024 255 255 255
0.17402749958583447 -1.3829630334076228 5.418234734391572 255 255 255
-3.136656972287494 -1.9224460842759863 7.571422200591883 255 255 255
0.15483779924981023 -0.9976059502467161 5.357874452194884 255 255 255
0.9401619854351525 -1.0438411683812219 4.746985541712057 255 255 255
0.32927156578012506 -0.3710600827451246 5.185086242273429 255 255 255
-0.2489808118906861 -1.0067208453910623 5.351936841222729 255 255 255
-1.8683627514919774 -0.5406845879366579 7.000578076572834 255 255 255
-1.4527522091675225 0.03559339318039103 6.153461664414264 255 255 255
-0.2898924764115752 -1.6884234785608376 5.817787588782572 255 255 255
1.014388165706551 -1.329092119920295 4.717163930076807 255 255 255
0.9251937603120927 -1.205780624557719 4.779696494300956 255 255 255
0.33134601422284504 -0.9442575403856687 5.235297865535517 255 255 255
1.5523838803037553 0.6139314439929185 4.467815966525376 255 255 255
1.239327600509524 -0.4221129780499954 4.452542713659416 255 255 255
0.45418239518984 -0.9665745650436358 5.132865456770513 255 255 255
1.3652762122163953 1.1688019035878645 4.159305789076136 255 255 255
-0.1544287663255618 0.7314343543146863 4.897742102453243 255 255 255
0.7843072990093134 0.3284512034984388 4.75094259862955 255 255 255
0.14883001206649268 0.2283059144681795 5.067932200942662 255 255 255
1.073042104353905 -1.1738633512747876 4.667476431019555 255 255 255
1.2651754542029534 0.6391808699211722 4.330912967887336 255 255 255
0.712321202385292 -0.8404752935594629 4.91260754382349 255 255 255
0.5633476711605003 0.22748930118973404 4.943469579219085 255 255 255
1.161976121840522 -0.32663344762063223 4.494335458144263 255 255 255
-0.8879733719468669 -1.7251053118594275 6.301550469173303 255 255 255
0.5664824004763193 -1.6587138354438031 5.135271443889517 255 255 255
-0.11653184356111512 -1.3610449559697553 5.644765447930016 255 255 255
0.6661751360634404 -1.4993591713296714 5.026607118831379 255 255 255
-0.9347042286878957 -0.6776064519876352 5.726223600360694 255 255 255
1.1195747100918774 -1.0675767228119528 4.598958530213246 255 255 255
-0.39658679843382344 -0.1915685583898686 5.3544577085389315 255 255 255
0.7257582733141276 0.996618035008745 4.749559902739213 255 255 255
-1.6942534479972475 -0.4815115977404853 6.851837110850282 255 255 255
0.07495385328478987 -1.4789741933372074 5.49015202261305 255 255 255
0.44910067264838105 -0.9491307934722598 5.14801945600267 255 255 255
0.7180560612890946 0.6282660909499413 4.781706200881967 255 255 255
0.4498383525523171 -0.7175265723658212 5.1253945828397445 255 255 255
-0.2838270654162747 -1.6667205600720483 5.823087889560869 255 255 255
-1.2084123081074438 -2.262227792351549 6.628640895618649 255 255 255
-1.48092163042026 -0.28400396814221995 6.667709229121973 255 255 255
-1.4244249715227475 -2.3352758420064177 6.816768116384888 255 255 255
1.2323905212128405 -0.01725249230396918 4.417113484420437 255 255 255
0.7302551171215808 -0.6852184481971438 4.886376370954113 255 255 255
0.5202532146350394 -1.3524398051140898 5.12087816765515 255 255 255
-0.4811167428237228 0.5375482554877816 5.354772486757751 255 255 255
1.288987420574129 0.45392104228208946 4.32983146792006 255 255 255
1.0106902585957835 -1.6149170904715795 4.755375244442682 255 255 255
-1.2997395379818455 -2.104463552916814 6.686374302842503 255 255 255
-0.5319291711690817 -1.9340292984767073 5.936008945810874 255 255 255
-1.257451930755254 -1.4766373541794953 6.585543512032703 255 255 255
-0.12476179291236926 0.6944134139248638 4.864599950967477 255 255 255
0.8985986804102077 0.16971805464633993 4.687378522298767 255 255 255
0.7470917996774022 -1.7608696394246235 4.983660993957376 255 255 255
-1.2023926373644807 -1.013458867652236 6.4990311209048715 255 255 255
0.9621674124396798 -0.01840868529836937 4.646273963115849 255 255 255
-2.037724034794833 -2.1971627623689547 7.29086277803502 255 255 255
0.6479541139844858 0.7393791858617387 4.830691338023763 255 255 255
1.1465510503580911 0.02914495432256338 4.479095818982486 255 255 255
-0.6196546052340097 0.10500792438906484 5.599464312136885 255 255 255
-0.8169048437262075 -0.7474067974336011 5.710498710147653 255 255 255
0.5881784719560657 -1.3904881873500503 5.085982021078214 255 255 255
1.4101262148098699 1.2034094094055163 4.164175988977967 255 255 255
0.7754166165649949 0.467538841866711 4.731476290870027 255 255 255
1.0617058144741605 0.2026974547789693 4.537045198301571 255 255 255
0.7058894711137019 -0.08070842860202715 4.853422726303272 255 255 255
0.778015101564433 0.3169128841419973 4.747307849053554 255 255 255
1.053321154213451 0.21103036201742895 4.54274602274195 255 255 255
-0.8797513940138894 -1.7846444577375427 6.311422831873707 255 255 255
0.673368109904591 -1.6502463220112997 5.043166720809567 255 255 255
-1.928968806584017 0.5804979158442382 6.991397483308299 255 255 255
1.1335136377647388 -0.29351364005883834 4.532174257758261 255 255 255
0.009267830384904469 -0.7847129748819542 5.189955628048178 255 255 255
0.5596235577797273 -1.376689243472114 5.1020629550439915 255 255 255
-1.258016119106561 -0.9053503210145852 6.524590260965991 255 255 255
0.12977534032104748 -1.655396381252992 5.461892768758466 255 255 255
-1.88321221460392 -0.3981207818864853 6.994289276119529 255 255 255
0.5043023971255858 0.8945058276115363 4.93205677301912 255 255 255
0.2662576149010163 -0.38988782069643746 5.259164777091818 255 255 255
0.9511465698594042 -1.423896062239696 4.768384312382455 255 255 255
-0.08530516061291636 -1.8962981657719835 5.676792365960918 255 255 255
-1.793688160483889 -1.8574718683110203 7.081135716806969 255 255 255
-0.7970145437274294 -2.176983946434423 6.291936915003437 255 255 255
-0.6959763835764371 -1.936511310153014 6.180152554355159 255 255 255
-0.4801060589476767 -1.4008586147826487 5.517776218125625 255 255 255
-1.2931489618788863 -0.4455196103901608 6.529365921298689 255 255 255
-0.5237916537776433 -2.0217908102525524 5.943116532090302 255 255 255
1.2703542284758815 -1.1994065896580182 4.5033808594881375 255 255 255
1.2124435451234137 1.052387071424455 4.341548653903131 255 255 255
1.9791867734902546 -0.44214383244396704 4.610681232514616 255 255 255
0.7164566918357957 -1.0102613702563843 4.925470141032408 255 255 255
0.7344007943458347 -0.04854198138316505 4.8067065364355015 255 255 255
0.81358093294021 -1.435668800649577 4.890394832933792 255 255 255
-0.312526563435168 1.2855678730855973 4.668171135890567 255 255 255
-1.8029569283576703 0.5316432654065198 6.894183972492603 255 255 255
0.19935843316088486 -1.9131525157477232 5.437430877547452 255 255 255
0.1697841141921673 -1.1778473729959462 5.388639477065724 255 255 255
-1.191387457658027 -0.09593482706080286 6.144495786097381 255 255 255
1.3091733718372858 -0.6249155303520142 4.414250920455242 255 255 255
0.2659700905914331 -1.689150197502117 5.358291522119183 255 255 255
-0.24609684070204177 0.9912931720845609 4.822799526742685 255 255 255
0.6337031022290124 -1.337835524821259 5.01734919586826 255 255 255
-0.19263377660361428 -1.0193255868218363 5.398128510221161 255 255 255
0.2129550772905383 -1.2462907910879182 5.362078828522083 255 255 255
-1.2513453489961117 0.5080590075498251 6.210427763079445 255 255 255
0.2032291052887415 0.644752987229974 4.6823444297072925 255 255 255
0.9655860279672914 0.008871111734125756 4.612333525382306 255 255 255
1.2956179257014804 0.6679070355776268 4.308623289863036 255 255 255
-1.814782849041394 0.6192162528670193 6.87065832938049 255 255 255
-0.834988721586934 0.6643828335503853 5.4814320004574135 255 255 255
1.0260327325585883 -1.4770503225393257 4.725222280011272 255 255 255
1.487203894071904 -1.630926372378172 4.683307323248369 255 255 255
1.4253186752429485 0.4448442018668382 4.395675557509141 255 255 255
-0.006394358363462311 -1.963987759068336 5.617100238376336 255 255 255
-0.953237058786337 -2.1826874811712296 6.394621155733473 255 255 255
0.46987173271597443 -1.6542281003418409 5.203662001592221 255 255 255
0.5497872291040004 0.7300221452327467 4.919833638843429 255 255 255
0.08764663717257125 -1.217028977558243 5.462483560385559 255 255 255
1.2510315302083168 -0.5443434928748558 4.443495027736433 255 255 255
0.6893054664242145 0.47266532326963395 4.829866538556363 255 255 255
0.30607072314689016 -0.6714802373283105 5.222034550607827 255 255 255
-0.5161713519169103 -0.6260415701632283 5.326044234479749 255 255 255
0.5265175290559864 -1.5439330301176666 5.12672561621061 255 255 255
-0.932157010591565 -1.686760839192055 6.343571103237952 255 255 255
-0.4076035632289437 0.33057842001114024 5.364610814408748 255 255 255
-0.5828523743210412 -1.0163154329394681 5.487841595368114 255 255 255
-1.1390928535539453 -2.3275473609687705 6.576585718718594 255 255 255
-1.5117608581028519 0.8425778441160043 6.0236797566659455 255 255 255
-1.400723360721357 -1.432989591913249 6.7000226579421 255 255 255
-0.8574677618042514 0.12001436853108319 5.76351919558977 255 255 255
0.8376306590968725 0.8295034790865018 4.671381957521759 255 255 255
-0.4954331933997239 -1.9733732383090308 5.922557340701451 255 255 255
1.198560400763417 -0.11889448558408693 4.453972189716807 255 255 255
-1.7377149328686305 -0.05131525177353185 6.836281142818786 255 255 255
-1.9682443078454241 -1.1254834034525536 7.139096986827492 255 255 255
0.1514446959547396 -1.4793142559038925 5.444336162337551 255 255 255
-1.6095227698388537 -0.4441446791255296 6.767530960268346 255 255 255
0.9851017478915288 -1.7002426469943948 4.792746089389981 255 255 255
-1.5512867767653133 -1.4485995415688269 6.8196703894452915 255 255 255
-2.0855140018651532 0.28838570281304793 7.118847800700248 255 255 255
0.8824496979505145 -1.5040808701670645 4.844441014858584 255 255 255
0.5559261113748476 -0.8844159030817199 5.06096154958422 255 255 255
1.1371410336250283 -0.7549335340456612 4.5534214486613775 255 255 255
-0.6299008643279257 -0.005362145298934534 5.603308853812805 255 255 255
-0.009701844372740206 -1.58996885911998 5.572359640813309 255 255 255
0.13656844438235022 -1.4784561008044297 5.436980624336845 255 255 255
-1.6906714070612263 -0.2886853047464014 6.836491851767207 255 255 255
0.9863652844005005 0.7789331849747653 4.554313646157549 255 255 255
1.128760189907259 0.021759422285300208 4.499547607509512 255 255 255
-0.626903289117244 -1.766287639365012 6.100875036348051 255 255 255
0.07358552743266898 -0.754857590203422 5.256060639182644 255 255 255
-0.6909748352578595 -0.13200996693077727 5.636912915297225 255 255 255
0.1291468600832036 -0.11951089624830642 4.827914521806086 255 255 255
-0.11849898918834086 1.07986827031259 4.822141821563784 255 255 255
1.1226706647716012 0.4775309080485345 4.454341444734317 255 255 255
1.2468280504110487 -0.42705909177275153 4.440701616578986 255 255 255
0.3242867617819506 -0.805758048831439 5.220924657116883 255 255 255
-1.6224108693971546 -0.7438784151006045 6.819829570482635 255 255 255
1.1370779215695725 -1.1123047103772743 4.596409320527581 255 255 255
1.360248280821088 -0.9165274843314034 4.464596682070073 255 255 255
0.7071820678875291 -1.184563122442443 4.947634264235669 255 255 255
0.3255318457830318 -1.2897460069476274 5.280773306140926 255 255 255
0.9791257653981812 -0.6636105185023231 4.681317093964355 255 255 255
-1.1727364052692533 -1.4977067499908483 6.519632356297615 255 255 255
0.42400330156956917 -0.29851324311015537 5.0785740386758835 255 255 255
-1.7745311627992642 -0.7821568423050896 6.950066062233519 255 255 255
-1.7035289079601676 -1.1056076677669113 6.928090699083903 255 255 255
0.6514435277050366 -0.1344590848971204 4.9013898110466245 255 255 255
0.966529968123925 0.2952207502035498 4.600880369430175 255 255 255
0.4599330148195635 0.23497889546957168 5.0266386817697475 255 255 255
0.5009175058728687 1.1526658363039624 4.928370400468505 255 255 255
-0.06104570084439006 -1.9432037206227781 5.6744994210926345 255 255 255
0.09721553239662455 -1.4017700357561895 5.4707468520586975 255 255 255
0.18517084403007983 -1.5902558606200878 5.420358026709823 255 255 255
-0.5496514445285997 -0.8185457077428742 5.400694405501337 255 255 255
0.2931417990089995 -1.5211068262957117 5.328523532711583 255 255 255
0.7808339743538306 -0.9825427660638714 4.873625707962069 255 255 255
1.2523349501990535 -0.2240410922146596 4.419749112314541 255 255 255
1.3567449060842773 -0.10624714512889007 4.388584963751026 255 255 255
0.5636851722226854 -0.631484900639676 5.01838167481616 255 255 255
0.09483159549694402 0.5317858869925121 4.694859148732849 255 255 255
-0.02387323502193891 -1.482324463796955 5.5721132721636035 255 255 255
1.0275432229942707 -0.5000060046289749 4.637840409469396 255 255 255
-1.2262302112701364 -0.03360450881501438 6.131304519691293 255 255 255
0.9091279036129795 -0.0014103416870299345 4.687908769662538 255 255 255
-1.8926113708740202 -0.2915183984989354 6.997763930931014 255 255 255
-0.242050256638819 0.9587015262601858 4.838722211788575 255 255 255
-0.13087869400541488 0.6708713237926762 4.886309057427921 255 255 255
1.0284872350403267 0.5061056315158822 4.544171157128991 255 255 255
-0.5096102632896998 0.35490474131203353 5.435748709618448 255 255 255
1.107989445721112 0.8171650360863129 4.453556438417866 255 255 255
0.28373322504124565 -1.526872984801619 5.337089430459711 255 255 255
0.2594001403792324 0.5396056199153164 4.742057916213126 255 255 255
0.8135265660340609 0.8559755588812826 4.690002627190843 255 255 255
-1.7862266647773677 -0.4461956080298279 6.911517210708746 255 255 255
1.123996262047793 0.9254426242894324 4.422725031357479 255 255 255
0.9801585802050605 0.5238449057075162 4.577528543847419 255 255 255
1.096725190619052 -0.2308099787552519 4.568642301860534 255 255 255
0.08966413093852103 -1.4647272627789827 5.481921621039097 255 255 255
0.6296173719471655 1.0213930614051678 4.831242817772199 255 255 255
0.2921530288170157 -0.846968513158463 5.27516169973574 255 255 255
1.0504979342514804 -1.2576805343865634 4.673905566929097 255 255 255
0.5330650712839483 0.4842221929925712 4.952546200061969 255 255 255
-1.053837412616343 -1.6655605366285706 6.432229259224499 255 255 255
-2.044274842130514 -1.0567655268618563 7.19011179123131 255 255 255
-1.993402925370788 -0.6340858116181657 7.110009463109025 255 255 255
0.368663353172936 -0.687880917112722 5.176263992061034 255 255 255
0.7104954039353273 0.3351423621301916 4.817185310495816 255 255 255
-1.849196329769079 -0.26193126419728424 6.953709227852905 255 255 255
-0.570673502990761 -1.939004306458649 5.982093211295162 255 255 255
-2.0575010836536918 0.64458981314719 7.076319744557099 255 255 255
1.1021961920227317 -0.8548898595975526 4.599050061376983 255 255 255
-1.4289078466629783 -2.2247401528359334 6.811708107538698 255 255 255
-1.7727311433562551 -0.8166376853175616 6.9447110301419555 255 255 255
0.9280351511526458 0.47245322686054475 4.6309580339112895 255 255 255
0.555664427426674 -1.0787512356863618 5.0354318756814775 255 255 255
0.4068752449633478 -0.8343025922652529 5.161446059375877 255 255 255
0.7171273971697664 -1.7399954042609405 5.001221788657796 255 255 255
-1.4462923644797068 -2.3115332026749793 6.850003945511921 255 255 255
1.273837319015084 -1.1573233187966128 4.488045592720543 255 255 255
0.17015895267678943 -1.5787537683942205 5.4320268390018 255 255 255
0.8391988213460371 1.1319377183007413 4.639888498068482 255 255 255
1.1279022460145953 -1.0871660967232526 4.592085728861357 255 255 255
0.9368232161022566 0.9298264454043941 4.554617842678149 255 255 255
-0.22818111739443206 0.20236406290763073 5.371310084571422 255 255 255
1.3370743378063805 0.23029667227962763 4.348341563622434 255 255 255
-0.6611765909582351 -0.026384944553774117 5.615280865838556 255 255 255
0.7971643683411949 0.4643658854295782 4.708301915140808 255 255 255
0.904716234782769 -0.3460267250499156 4.722368636393944 255 255 255
-1.1751729790699537 -2.357730283978737 6.61869443686207 255 255 255
-1.1883232962196257 -1.423957128662576 6.522226340581784 255 255 255
-0.7459984844227052 -2.0459585514416383 6.237960339029038 255 255 255
-1.820233704789734 -0.5386618351014166 6.958300183329588 255 255 255
-1.348184592813175 -1.747230716376827 6.689022000307085 255 255 255
-0.1426246038903284 -2.001633839567275 5.739758753546574 255 255 255
-1.501778476074697 -1.9772981655922606 6.842232491239208 255 255 255
-1.7375479359342973 0.7135416658786108 6.796666647010441 255 255 255
0.1172461120243718 0.5625915698776128 4.67813819860884 255 255 255
0.5494133545557478 -0.8021934233764338 5.040310899802329 255 255 255
1.0133819501770915 1.0326427570481187 4.511500952205164 255 255 255
-1.6440994623590224 -0.2458041077400548 6.817539727876716 255 255 255
0.574728473718069 -1.3860059305569903 5.087651591350434 255 255 255
-1.3139701581507355 -0.8394136700583346 6.579260470057638 255 255 255
0.9880960626076598 -1.4366277231643438 4.753384459325456 255 255 255
-1.8119854651482965 -0.29438098416613595 6.935412708565958 255 255 255
-1.0432089626635024 -2.1144893476859306 6.491226627564148 255 255 255
0.8051641810457161 -0.8825387216213261 4.842234181999399 255 255 255
0.3149424229318336 -1.20107288453339 5.2720575502364095 255 255 255
1.1772231446006265 -1.4174264219583406 4.607067473360496 255 255 255
1.8478637844612926 0.27804822799284357 4.608936345863466 255 255 255
0.5208743067816206 -0.28172821527041686 5.009720217446711 255 255 255
-0.730190426598508 -2.155629650690276 6.231427586217905 255 255 255
0.3817553895608895 -1.513089385467892 5.24956370831345 255 255 255
-0.9102715426260664 -2.195968679692684 6.38917122152696 255 255 255
1.353575388807251 0.7784860494201593 4.29488371956038 255 255 255
-0.5814499567431414 0.11302840535789604 5.591257888166006 255 255 255
-1.2474006371842146 -1.3604212679684093 6.561756470984865 255 255 255
1.2684983035232718 0.8220186251871507 4.3218623147111845 255 255 255
0.5018507213277948 -0.07300870988237058 5.02384145114213 255 255 255
1.1080140876771867 0.9795118600228494 4.436967976428233 255 255 255
1.0467325087209989 0.220904760627714 4.544845687555627 255 255 255
1.0382170224339784 0.20754532540427562 4.553869308582931 255 255 255
-1.7432943215429628 -2.093794295241854 7.052302739480831 255 255 255
0.20813353365951454 1.3341852466995048 4.555053188022452 255 255 255
-0.9580175422794748 0.5107438473962389 5.798622411622639 255 255 255
0.33207423555742127 -1.301757149519828 5.27019284795377 255 255 255
-1.8466294887153643 -2.072340058462044 7.138408675228536 255 255 255
-1.6247560595530148 -0.9670841644733488 6.850512297903177 255 255 255
1.3309754647499616 0.5710809388795733 4.302951878164621 255 255 255
-1.711868099731851 0.3181696910158219 6.809240688849345 255 255 255
-0.5826102558062064 -1.9181033566274879 5.982175114847718 255 255 255
-1.2827725345742342 -1.9503375874137119 6.660006445950818 255 255 255
0.8489127118192599 -0.7428320353912127 4.788570140946079 255 255 255
-1.7716862555655057 -1.2196169751525863 6.99547232030624 255 255 255
1.0676611319142129 -1.1583289191350274 4.657672139223219 255 255 255
0.4113915339046593 0.6842875814786888 4.8975762656675075 255 255 255
1.1072354033936105 0.6408931825046483 4.462300177783195 255 255 255
0.5427165592917703 -0.737111965586567 5.043797188642537 255 255 255
0.03490846780933671 0.22708178647708938 5.144862117487194 255 255 255
1.2757031795611293 -1.4911195306492275 4.519057379156032 255 255 255
-1.6633458689047795 -1.6076045768653624 6.927519922203696 255 255 255
1.2594085084065751 -0.6738148081269292 4.444237823154933 255 255 255
0.4384515335423958 0.32059270063772716 5.039630855352497 255 255 255
-2.028464830056773 -1.8329385844193393 7.254895232610172 255 255 255
0.09545666310941443 1.083835406211342 4.659408517714891 255 255 255
1.3597755255787285 -1.29551279510323 4.509521202399842 255 255 255
0.7754239235161338 0.9454702471059228 4.719516722533977 255 255 255
1.1492252413577224 -1.277214288083489 4.615583951868864 255 255 255
0.5895304666596048 -0.7512503714940847 4.996773829255536 255 255 255
-1.9885138684809973 0.7064241132066919 7.004811004906031 255 255 255
0.31595611441409793 -1.3084688077109772 5.284733431658601 255 255 255
-1.5717658363234563 -1.3501398074982536 6.8243628117332245 255 255 255
-1.325317756574779 -1.7980624178703826 6.682834849375144 255 255 255
-2.0547345749896 -1.1564739702169877 7.20842988559245 255 255 255
0.9859054361643188 -0.6513094505995646 4.680861867950371 255 255 255
-0.47947292315130635 0.6408303776599926 5.197726212948771 255 255 255
-0.8197525622605768 -2.154733984987906 6.307356814219965 255 255 255
0.5176204705207248 -0.3235062144993783 5.012304821197004 255 255 255
-1.7340021738667388 -1.6939986431721898 7.004825375658792 255 255 255
0.5907835222914053 -0.3034418466176988 4.960046217348003 255 255 255
0.004185055981429976 -1.8207912097015286 5.602497683789814 255 255 255
-1.2166553760665357 0.09325609187002316 6.1341429041135775 255 255 255
0.46743626421118145 -0.30860665829416056 5.058191537653263 255 255 255
0.6363130992780179 -0.7372924400410368 4.967746393773103 255 255 255
-0.17483160009521667 1.2446972284294124 4.798312971107287 255 255 255
-1.387723176191551 0.46823340403296715 6.171208899071252 255 255 255
1.3247368071436123 -1.4314561854750751 4.511989954662147 255 255 255
1.3259779441040795 1.0616212776485379 4.251889798783902 255 255 255
0.9866090841938919 0.7970429181485128 4.554085636013232 255 255 255
1.3318139494887447 -1.2785276857041163 4.499090760812821 255 255 255
-0.6116989458780873 -0.9925844021185346 5.513857763760739 255 255 255
-1.2003393106081421 0.3505262243266222 6.1218379934823925 255 255 255
-1.9006485767428651 -0.3979330137108306 7.008051871056079 255 255 255
1.1874633965727934 -1.0333028061127518 4.547125329618935 255 255 255
0.8574089944841916 0.027109494783834315 4.717898495996238 255 255 255
-0.0249600704236068 1.001902119976003 4.76040699484667 255 255 255
1.3462903322352817 -0.9464669942426361 4.457485535952178 255 255 255
0.889278081825809 -1.1051113021423349 4.802651991512441 255 255 255
-0.5226112591866783 0.334935140636251 5.429596890306745 255 255 255
0.5363674923651254 -0.8919550103800655 5.076469193031041 255 255 255
-1.83599737515816 -0.5302068073883413 6.985682606136353 255 255 255
-0.126158180701996 1.3201191468743496 4.755763235598771 255 255 255
0.3639518588514607 -0.8200963055435759 5.189895585656445 255 255 255
0.5139951384486369 0.5977283403452262 4.94963919539254 255 255 255
-0.7183637702286525 -2.017197391110485 6.226574570290475 255 255 255
0.5326773174206885 -0.878527429751234 5.077403266716859 255 255 255
0.35257783999071135 -0.8756148817265145 5.223427023809908 255 255 255
-0.25820872396632705 1.2409103379657527 4.732899046090513 255 255 255
1.3216913414113292 0.12931492249361815 4.346759126611819 255 255 255
2.8524073727975696 -1.7074475918606338 5.45882454853999 255 255 255
-1.006313622291621 0.06139800611199976 6.033436928595028 255 255 255
-0.7221794552641518 -0.22368854810628327 5.675006304157776 255 255 255
-2.0385573905511016 -1.9593980863482143 7.264272299176477 255 255 255
0.3595946202361279 -0.512177543713728 5.185838645489707 255 255 255
-0.13219899510117486 -0.3585272166024562 5.299562914603388 255 255 255
-0.7731869367564088 -0.5890120885400884 5.71949844647815 255 255 255
1.0270594289774877 -0.9614122245441313 4.672716416190058 255 255 255
1.5860975492145883 -0.9704440059885128 4.667642132347679 255 255 255
0.20002446557404202 -1.2291826193694548 5.376364562403423 255 255 255
0.35278502066539724 -0.7854425446692345 5.1907406239083995 255 255 255
0.48212428165445004 -1.5439970474619096 5.179572774671576 255 255 255
-0.07175872726313999 -1.5191292642024739 5.642655520536226 255 255 255
0.8943808107379206 0.9524302711943058 4.607725523684121 255 255 255
-1.8521707459635601 0.6778542344413647 6.8766697290222965 255 255 255
-0.2793170407800198 -1.5707288215505733 5.791979507827805 255 255 255
0.16686810260951096 -1.194284530064115 5.398895765880839 255 255 255
1.2294132750410993 0.951527872635465 4.342253700663267 255 255 255
0.4975599601820171 1.1922137753921038 4.889708168401251 255 255 255
1.2834456315808795 -1.0827697429562366 4.490645664780111 255 255 255
0.8510248559962559 -0.8534854830773929 4.804554724517361 255 255 255
-1.5371584523278972 -0.612793386659844 6.7300819063744965 255 255 255
0.6918927314627908 0.689184703441704 4.823433196018179 255 255 255
-2.0547345749896 -1.1564739702169877 7.20842988559245 255 255 255
-1.9606501744348988 -1.2537721562900077 7.136230742946966 255 255 255
-0.6941950917717257 -2.113194439366082 6.197650427354113 255 255 255
1.2475221803985064 0.0484398082605459 4.407001644685186 255 255 255
-1.4021212643761451 -1.7181795855810897 6.728860847727774 255 255 255
-0.8655121851725153 -1.8764440290360223 6.3079216923261 255 255 255
0.2477491642974801 -1.3119620765883018 5.335703582242408 255 255 255
-1.5266888630984676 -0.76106755402609 6.73770769349069 255 255 255
-1.3455193710893598 -1.8466020541342791 6.69798706550297 255 255 255
0.850427174663118 -1.0230879327254694 4.810664093216872 255 255 255
0.2265255159188191 -1.731054242438293 5.4143558558456695 255 255 255
1.0656803367776322 -1.4612161524547036 4.69182248390006 255 255 255
-1.6185881609893396 -1.5734961666341039 6.8867147879000035 255 255 255
-0.6041212391194465 0.7063164150736808 5.268104601011707 255 255 255
1.1716830661585875 0.43376005924968825 4.427050553353903 255 255 255
-0.23400549194489112 0.7054293074099827 4.976412708955249 255 255 255
1.4331215463011695 -1.0131892332325678 4.5670085314859925 255 255 255
-0.29230050934859514 -2.0353831669746545 5.854552529410859 255 255 255
-0.28747178756600367 -1.9864677124182133 5.858318899912673 255 255 255
1.0178369494477877 0.7676994419616665 4.502585094383117 255 255 255
0.9221847844475789 -1.6400706857683345 4.834297045022289 255 255 255
1.0025064394045173 1.021307640562519 4.520342553511048 255 255 255
-1.0196822115595336 0.16383881599487438 6.02265055163765 255 255 255
1.0321392802071405 -1.2456336842886755 4.689150334190845 255 255 255
0.16026865910902904 -1.7703493937683934 5.4599347178452895 255 255 255
-1.5276572093355605 -1.797855496634275 6.840649542530229 255 255 255
1.749507270612463 -0.6346572635376241 4.6406534068564 255 255 255
-1.5731573407552453 -0.48776885511289336 6.750904671126833 255 255 255
1.0069371775116978 -1.2690339328012965 4.722086996952615 255 255 255
1.0779150633087238 1.014600482262983 4.4629272048383415 255 255 255
0.9931441951521566 -1.186435702520584 4.7252126883139836 255 255 255
-0.3363102594904034 -1.2073805719752462 5.2896486025800105 255 255 255
0.7701113620859309 -1.7032162980999943 4.9666890053138015 255 255 255
1.193056588921739 0.8884243516124408 4.376003431793786 255 255 255
-0.9076250152533104 -1.733210838840373 6.329318502435094 255 255 255
-0.7130386832272047 -0.6156393800245811 5.676687370710881 255 255 255
0.3890366558666453 -0.4802023807267955 5.137494645966125 255 255 255
-0.42376176888096545 -1.9120645457916186 5.8475869275820855 255 255 255
0.7917371154705545 -0.9763405271768953 4.864767259441472 255 255 255
1.8990910395009137 0.2845895529282319 4.564712537565992 255 255 255
-1.9624877751445347 -0.00905078442703725 7.045764931025133 255 255 255
0.7586558600044261 -1.2196488983282572 4.919703237799659 255 255 255
1.107301053090136 -0.6351117432145822 4.574986277981072 255 255 255
0.291570395289523 -1.892706256229819 5.3660705989504365 255 255 255
0.9732055945073255 -1.4509977673483307 4.763136225404683 255 255 255
-1.5675882803350376 -0.746144218963805 6.7765652545579105 255 255 255
-0.14032210386850189 1.2995015727968986 4.770355332817432 255 255 255
0.273130808714098 -0.7825487617399902 5.270737102605652 255 255 255
1.3279652796785526 -0.4242321730538861 4.402457750509571 255 255 255
-0.877423021342972 -0.14537219229752213 5.753337715212984 255 255 255
1.215596582624749 0.0448427856855539 4.421299148754803 255 255 255
0.09516369597730542 -0.7913222921758474 5.272650105556064 255 255 255
0.8242128299646642 -1.575729414402907 4.9023707349495105 255 255 255
-1.1354404282277928 -2.0840871173178814 6.556613874070583 255 255 255
-1.7318952688595564 0.16117974163887422 6.854984618518011 255 255 255
0.6973491887570228 0.12775459003168793 4.83403519808662 255 255 255
-2.9870402582833475 -2.507219305540514 7.6628952585697645 255 255 255
0.8658502497818319 -0.0036498826001581763 4.723237576541274 255 255 255
-1.2649117616518022 -2.378006647271845 6.688373437107175 255 255 255
0.19316688517840389 -1.907644544670744 5.450679744102478 255 255 255
-0.5180909446902492 -1.8778157544051952 5.9265802317659935 255 255 255
0.8489802935182076 0.4936872041150386 4.68776588795723 255 255 255
1.7429388718894363 -1.1030081248588297 4.689040207613924 255 255 255
-1.6697728168322032 0.4942167546412457 6.7611350491884235 255 255 255
-0.8949348613191309 -0.7002357889034163 5.728539842245188 255 255 255
0.28586459281689247 -1.241009867808915 5.320227674977703 255 255 255
1.1392459968900681 -0.8421500555989229 4.564339574172051 255 255 255
-1.3523893213432616 0.8278575158794195 5.891663720864644 255 255 255
-0.07383727933517048 -1.353821462874198 5.602202442517571 255 255 255
1.124577082576296 0.7069618266293085 4.445602161756112 255 255 255
0.8268943476297089 1.0176272451628405 4.66258458951037 255 255 255
0.03685500240521224 -1.802408747403218 5.562418547327914 255 255 255
0.875409974516274 0.6826104841879626 4.641642400299717 255 255 255
-1.749806245689399 -0.7495875015928959 6.921190303396583 255 255 255
0.2931417990089995 -1.5211068262957117 5.328523532711583 255 255 255
-0.29743469818105683 -1.6967896369818314 5.815970417414555 255 255 255
-0.8253915332387277 0.175127851725151 5.72829865200166 255 255 255
-0.70185031946646 -1.9076001460583611 6.173098624436613 255 255 255
1.2742697550676276 -0.13130382084081463 4.396537349973106 255 255 255
0.364920012664185 -1.257868765973033 5.250557330894414 255 255 255
0.9584215615748418 -1.0505192984924918 4.7284908522838185 255 255 255
-1.3347811346733385 -2.230036186093645 6.732281750841972 255 255 255
0.5981481789967917 -1.4532963823923102 5.087472157918584 255 255 255
0.99176981403238 -0.08688810824334292 4.633393820082168 255 255 255
-0.06793966300287466 -0.06893925203322711 5.248757072713272 255 255 255
1.1945457373242596 -0.4800588064172892 4.481244234938281 255 255 255
-0.41854077378315885 -1.9206154663255064 5.833142663086426 255 255 255
-1.8401103698679 -1.2880723073950162 7.044736241297768 255 255 255
-1.4372100545052537 0.7396289145510485 5.971736427618371 255 255 255
-1.014320748964778 -2.0193706058218766 6.444663602455791 255 255 255
0.6822513980444543 -0.2181382375328826 4.899636715193226 255 255 255
0.9011554830163978 0.8117649326910413 4.625429587058419 255 255 255
1.3742673477782779 -0.9416895837820577 4.478071930509572 255 255 255
0.8571307322545944 0.48940615225534195 4.681404251668767 255 255 255
-0.7029043822757437 -2.183249976791486 6.224833964983394 255 255 255
1.2097902348123766 -0.16954603231095175 4.4566431445626495 255 255 255
-0.13006425247856937 1.0179783546401937 4.8530138976679105 255 255 255
0.9504411072310888 0.653014867928246 4.585698102386888 255 255 255
-0.45837372468085724 -1.3418356163860083 5.518105072222439 255 255 255
0.14602197122269514 -1.7784220735894054 5.4720771434824185 255 255 255
0.7176869984596586 -0.9596900080271025 4.929155705136457 255 255 255
-0.23020102840413095 -1.6216279727509115 5.758407015731315 255 255 255
1.3627155844244252 1.131916173410367 4.2640377578058795 255 255 255
1.313947098544405 -1.2013652493848284 4.481912682825928 255 255 255
0.37887521177423733 -1.2645041120071376 5.237761251241556 255 255 255
-0.708173231733494 -0.21570022731579944 5.686008817047337 255 255 255
0.5953179783597866 -0.66637185162631 5.008612596433882 255 255 255
0.38260087426015654 -0.4708284200048713 5.1439309207167945 255 255 255
-1.6687457565582948 0.4249116138864168 6.774021997506685 255 255 255
0.22926685129654115 0.5585378312489966 4.7164652893254955 255 255 255
-0.5909874111121883 -1.5387023669952151 5.623813208964334 255 255 255
0.4919149434793228 1.3622536130919896 4.816216409164372 255 255 255
1.219154562662933 -1.0512833072971226 4.524998641747802 255 255 255
-0.8353831679273619 -1.8616035840629752 6.286285757769129 255 255 255
0.6865022934483901 -1.5799579321164257 5.014656382371104 255 255 255
-0.9936845270362573 0.20445248067065383 5.990773940174962 255 255 255
0.6447111823877788 -0.8885765629852135 4.982006377756766 255 255 255
1.07864114139328 -0.9610920330371471 4.632937268233979 255 255 255
0.36398615770984105 -0.6179024867774175 5.175894205782172 255 255 255
1.2512540224775563 0.19560588083094876 4.3929982501871185 255 255 255
-1.8342738262434073 0.7217538132883998 7.082002982108462 255 255 255
1.2044505832279342 1.089156248697808 4.3543312855051 255 255 255
0.24573894827330237 -0.863394933296694 5.317849043951509 255 255 255
1.2914069447417325 0.4609280414463543 4.324993094142054 255 255 255
1.0688308739910617 -0.4994319830548307 4.587720154340711 255 255 255
-1.0024674377392857 -2.1757819587307194 6.444266273006026 255 255 255
-1.9091050398041793 -2.387364226116275 7.274184266746939 255 255 255
0.1387238729029421 -1.5608552907425604 5.456644957691815 255 255 255
1.3418516060812276 -0.08281057559013942 4.376443856519138 255 255 255
-0.28043531546264694 -1.7955184250103844 5.819718834652087 255 255 255
1.083593755002563 -0.7136167818362222 4.593061947696323 255 255 255
0.09244572396034602 -1.7354807402645385 5.499925117070534 255 255 255
1.340541548245404 0.3814954097489219 4.320223921654287 255 255 255
-1.6334135137009809 -0.2975708047633413 6.788155383947746 255 255 255
1.3670608976616332 -1.061066356692078 4.4841421454129735 255 255 255
0.5198304615027016 0.23164133053852393 4.972858210541257 255 255 255
1.150018604243279 1.3662675219213507 4.2523592722708115 255 255 255
-1.5690229053365305 -0.7954191490770447 6.77948949940807 255 255 255
-0.21154777215032516 -1.8423400399143177 5.759786160333098 255 255 255
0.9618218265975548 0.21044359785966651 4.599229651511412 255 255 255
0.8638544201484182 -0.14406370943212576 4.724516143334543 255 255 255
1.2126866867012644 0.5387833036191008 4.3922821198717825 255 255 255
-1.3130763966731753 -1.8466395647431668 6.66297604240865 255 255 255
-0.19221387498870443 -1.5766878824818669 5.737371666001848 255 255 255
-1.5395669427337886 -1.450679230181853 6.814397182411895 255 255 255
1.034604854595764 -1.2969589880353114 4.699399965677953 255 255 255
1.5970613056079104 -0.9135995735579179 4.681989517775087 255 255 255
1.0974639636938603 -1.2736005673935342 4.652355952318008 255 255 255
0.9192399918812291 -1.433314132911339 4.804049836541749 255 255 255
-1.027815999021443 0.04204456571815451 6.051161539405783 255 255 255
0.34213208508902315 -1.516980221771642 5.2943005375174375 255 255 255
0.6367592315742697 1.2383175341931076 4.709784902715089 255 255 255
1.141821858526083 0.17417456069289844 4.468913367517294 255 255 255
1.1786484773617403 -0.2150355404450412 4.481929850715834 255 255 255
0.29519825031416197 -1.3112272004399113 5.2944537260211195 255 255 255
1.115298696364669 -0.23775691814478997 4.533406894936273 255 255 255
0.39416330062835486 -0.24634045861145568 5.12045312007992 255 255 255
-0.7469553167104666 -2.1220825809296406 6.254542577659509 255 255 255
-0.8741456342600262 -0.5823835414367083 5.797698506601693 255 255 255
1.436185660538864 0.4965750845446031 4.3997869621031915 255 255 255
-2.05763151725985 0.29451924058941803 7.090374047303004 255 255 255
1.1717857070075057 -0.3420844921771296 4.491576515772527 255 255 255
1.1004882577989594 -0.6186146138151994 4.581646501952343 255 255 255
0.9070052853145899 -0.16414623382189247 4.694591600628873 255 255 255
1.0680335383627315 -0.37549628762854664 4.589994044164059 255 255 255
1.1127897398511328 -0.1021759320747052 4.530511266150628 255 255 255
-1.5694514411088212 -1.0370262767318132 6.802900863489032 255 255 255
1.194862952422703 -0.13779604260232436 4.4579537937322185 255 255 255
0.34195197743038885 -1.7450837217701871 5.319018630578521 255 255 255
0.24657666112429472 -1.299397063872565 5.3428097507948795 255 255 255
0.9192399918812291 -1.433314132911339 4.804049836541749 255 255 255
0.9701602892997014 0.8031191621305273 4.58030680520737 255 255 255
0.11321855623583316 -1.359799923534659 5.440295820821903 255 255 255
-0.8598954369096767 -0.028349037025270935 5.7630287212105715 255 255 255
0.655671566504168 -1.0164708681333405 4.968028141801113 255 255 255
-0.9089089994370055 0.030636195829721692 5.812786831644291 255 255 255
1.1553722811319944 -0.8461522350345406 4.55610053443652 255 255 255
0.2801301710220305 -1.8466449404731597 5.381987415271357 255 255 255
0.9530287500380284 0.8908690595425715 4.580156848513017 255 255 255
-0.26805888601352545 -1.6417984407948105 5.805428066011026 255 255 255
-0.4060151086717619 -0.6230434635734481 5.348557303580192 255 255 255
0.8289811038050703 -0.09221305608720404 4.75605823260624 255 255 255
-1.389778004128973 -1.0262247884510383 6.663351695006471 255 255 255
0.21954624064890052 -0.985007260059295 5.3284206949265265 255 255 255
-1.5477693329047728 -1.7731025766916169 6.85657780144588 255 255 255
-0.9660904340971753 -0.6600955986865071 5.77271117459611 255 255 255
0.8685932552785589 0.7960247488744594 4.655261876242152 255 255 255
-0.8294214168868306 0.07740287291289125 5.736569052629752 255 255 255
-1.913445630503023 -2.257141182794889 7.206401286410255 255 255 255
0.624166902934551 0.6603221222237811 4.881975548020434 255 255 255
0.6247542854835185 0.723258074846992 4.86305803698802 255 255 255
-0.08529723755450151 -0.34838926376963214 5.275891669595774 255 255 255
0.8865282943182193 0.9756866903405822 4.610391705059232 255 255 255
1.599634683177352 -0.8962489519034402 4.664385433073145 255 255 255
-1.1720622119285404 -2.08209360981543 6.5980040092544785 255 255 255
0.15177859863984075 -1.394696438877213 5.4284387343577105 255 255 255
0.9626734955211013 0.0016531821726881227 4.635802497484374 255 255 255
-0.20415039487377604 0.21380233333977888 5.352946767044142 255 255 255
-0.16576588112818055 -0.2705976985102874 5.363167908605102 255 255 255
0.6100265672480302 -0.33155160384321003 4.956301814533772 255 255 255
1.2721299528297987 -0.39640469338767825 4.424772068245127 255 255 255
1.0986205930858057 -1.2529360599656139 4.652275783325962 255 255 255
1.1262170470898916 -0.7756731666072472 4.585799225650625 255 255 255
-1.5882848271588728 -0.29639264472789106 6.7504942903790734 255 255 255
-0.23020102840413095 -1.6216279727509115 5.758407015731315 255 255 255
-1.6952623013448487 -1.7868572400335625 6.983080227550873 255 255 255
-1.5306078463732404 -2.1173446081144363 6.881532156075335 255 255 255
-1.0167491298426317 -0.2858152763245819 6.042299711524832 255 255 255
0.21851087777712913 -1.4724283407383856 5.3736145651927965 255 255 255
0.5734142754488047 -1.7258569655248452 5.131468920412833 255 255 255
-0.10231897167236126 -0.8466135020804423 5.148360441912615 255 255 255
-0.5905054752122258 -1.7406040183560363 6.055868776226857 255 255 255
0.7959100149535632 -0.4502325297142079 4.812614288300055 255 255 255
-1.6596789616359067 0.3980009552633293 6.759266344486209 255 255 255
0.6904530297938378 -0.7397731313829389 4.930521259357857 255 255 255
-0.7598736414586126 -1.9704775254485556 6.224204980334217 255 255 255
-1.3099562595662888 0.8515023868244161 5.823329365749363 255 255 255
1.028473597721517 1.0419850563367359 4.498973713124548 255 255 255
1.061016522348681 0.8265238597359673 4.502181107542242 255 255 255
-0.5208892466685731 0.5050714404543671 5.377819064432028 255 255 255
-1.0878746637424725 -2.1240301157608923 6.508033091598037 255 255 255
0.4301963180761437 -0.9813077670737494 5.148121841564309 255 255 255
1.2156895717564546 0.1900837533656799 4.41554029355534 255 255 255
1.1337349920981368 -1.6594563899097694 4.663250808804524 255 255 255
1.2685394290770784 0.4712317039091142 4.340133008225238 255 255 255
0.6274173413283649 0.8794575167395567 4.841046311216117 255 255 255
0.5852248306577028 -1.6792273928660835 5.100754528913596 255 255 255
-0.9572147362603108 -1.8487040753544322 6.396056940848021 255 255 255
-1.3888316628518258 -1.326582381884649 6.680121618506405 255 255 255
-0.4988948991681205 -2.0553387072750415 5.929850452289617 255 255 255
0.3277792034628212 -0.3534547240432095 5.190530794178465 255 255 255
1.3272142185788551 -1.2500060915954352 4.491637050011141 255 255 255
1.2874175975485358 -0.5399722058155645 4.41659055098731 255 255 255
0.5381005238762762 -1.1688264147217593 5.089046936406066 255 255 255
0.5463117798175696 0.4761613001697825 4.924942231558224 255 255 255
0.01871851853922118 -1.4044300899127056 5.534749517652127 255 255 255
1.1908252447165733 1.2059098498936214 4.249388123609397 255 255 255
-1.9157833009814813 -2.108877176094626 7.210254025327936 255 255 255
-0.9287175032894065 -0.7628325591744729 5.7224986885808935 255 255 255
-1.8652324953024488 -1.3984220295812848 7.07949227232184 255 255 255
1.9257483178170158 -0.6453214533146365 4.591787145054513 255 255 255
-1.7407986097749673 -1.386137556347982 6.986555062710732 255 255 255
-0.9328914246883443 -2.021548556113487 6.378420903825399 255 255 255
-0.23075629417539598 1.3240674943616964 4.755952878238855 255 255 255
0.7093512664867351 -1.3639350372095267 4.959904915649047 255 255 255
0.8987006209137799 -1.4543897542075057 4.8256806741705764 255 255 255
-0.14621063428361136 -0.3604944895933057 5.311782171868753 255 255 255
0.1316690764301505 -1.1711258207200412 5.4180252406062115 255 255 255
-0.7294278990476611 -1.9509834873419887 6.202454386776317 255 255 255
1.2858420318617638 -0.8519202428084709 4.4595015413341 255 255 255
-1.1629912921169405 -1.490054607041577 6.53998502096897 255 255 255
0.03438611074822996 -0.6890921790509117 5.2968918718040605 255 255 255
0.1341010164221084 0.05611373650109966 4.9140071617741 255 255 255
1.5790444505492502 -0.19430998772078348 4.578693311162937 255 255 255
0.34712090092335224 -1.47290514464331 5.274875718009749 255 255 255
0.26552087480740044 -1.5779104966577646 5.3622700665535294 255 255 255
-1.871295366417134 -0.20917806165554373 6.977952904120077 255 255 255
0.7531630028103217 0.848577946765645 4.74281136009176 255 255 255
1.229816521475105 -0.34529084793037423 4.4497594696156035 255 255 255
0.35153610390120754 -1.312126936996803 5.26464646696297 255 255 255
-1.4426969418032547 -2.256539667930219 6.823279274383181 255 255 255
0.23271938905911574 -1.5246100577741826 5.3704303151116255 255 255 255
0.579962203256257 -1.7955502962966947 5.1428877847417045 255 255 255
0.7398103010842869 -1.5596963568726159 4.969455127206214 255 255 255
-0.6681888884739622 -1.9112480731964676 6.174072436597077 255 255 255
-1.373337726227424 -0.2959844272586183 6.580872790740957 255 255 255
-1.723802762683496 -1.833885839574822 7.011123144988921 255 255 255
-0.6778990369604618 -0.02804904694384754 5.619832532372178 255 255 255
0.10981565383141324 0.411143734205342 4.935242384867386 255 255 255
0.7429111425411691 0.8198350926007596 4.763006360409193 255 255 255
-0.030025361651739385 0.13540983894204756 5.216701335869663 255 255 255
1.1407692500691204 -0.815587961920037 4.565805655600389 255 255 255
-1.7489072424435552 0.05796812344541191 6.8534699794809315 255 255 255
-1.132792815129278 1.0042124218985724 7.382997069128545 255 255 255
0.3448715499741688 -1.1875448626146627 5.243363492160915 255 255 255
0.844568553682902 -0.3288413770118685 4.761308796046102 255 255 255
-1.7126386159819418 0.4621020223157559 6.823586030752406 255 255 255
0.5487208722309732 -1.0051880435851108 5.053891017865362 255 255 255
-1.9850050306889613 0.21350102651318142 7.0280964798296255 255 255 255
0.8461950643824843 0.9288968711853895 4.653914168576331 255 255 255
-1.7404256565084706 0.6875249210296817 6.806231669656059 255 255 255
1.6025364206716728 0.5403146312287833 4.5237715323192695 255 255 255
1.1510692095442483 -1.3457276313798903 4.609123896435442 255 255 255
1.0688079224298914 0.21028472207201235 4.53534696440421 255 255 255
0.43663450573843504 -1.5287140186626582 5.220194476235689 255 255 255
-1.0109368066405282 -2.208274519980474 6.461969827931552 255 255 255
-1.329439782829095 0.517488507725512 6.199332145919286 255 255 255
-1.0308568393060416 0.027512843764704895 6.050433959212641 255 255 255
-1.911586033158792 0.6710795192522577 6.9477934044197145 255 255 255
-0.8591247795232196 -1.713393933330381 6.277651249342589 255 255 255
-1.249541099739061 -2.0303298669657894 6.69293987333293 255 255 255
-0.40503673352523206 0.6316515764211978 5.123812179925628 255 255 255
-1.289887223823936 -1.4641987547148017 6.633230521045208 255 255 255
1.133482050768746 0.5519396138072589 4.452847790256076 255 255 255
-0.15661454129750296 -0.08767091182456142 5.340385599258388 255 255 255
-1.698525620425219 0.39081447212401393 6.788226250518608 255 255 255
0.02369275893320333 -0.8461169393030116 5.2050807898626195 255 255 255
-1.2447992424989707 -2.0807125156516078 6.634333647175831 255 255 255
-0.4183691305716981 -0.14096117968627514 5.388951586909802 255 255 255
0.617194376847155 -0.8954328220644638 5.006776051067561 255 255 255
-0.4890205198334606 0.32728914306175594 5.429535141742302 255 255 255
-1.0960759576753736 0.31858270753015866 6.088587138755037 255 255 255
0.511045987234723 0.4825408123111458 4.972895969763744 255 255 255
0.07952290278667563 -0.7719890040691418 5.250590941136798 255 255 255
-0.8760507148653303 0.3456295981218511 5.7571882983543565 255 255 255
0.20502418076498394 -1.8809933783930797 5.447211697864546 255 255 255
1.8991201078104727 1.0990193022186057 4.551277535952646 255 255 255
-1.8335454834796192 0.14534800264402375 6.935187237612679 255 255 255
0.4033500622660413 -1.8125643192923877 5.262466066488921 255 255 255
0.7215614734752367 0.2036168836103285 4.832146574033729 255 255 255
0.6764008819735317 -0.3006584558643111 4.901012315586187 255 255 255
0.6203616232857321 -0.6254286705258036 4.979577488639783 255 255 255
-1.3755008544494325 -1.6270068117427283 6.704805333805677 255 255 255
0.2681012745999497 -1.0496821936812952 5.3024827432071815 255 255 255
0.21454616877493485 -1.5201912694761328 5.388544055884878 255 255 255
0.30939120472123915 -1.3480149179797158 5.296926396913897 255 255 255
-0.6238298927928483 0.2182956904930267 5.48010003600568 255 255 255
-1.687266185584808 0.6023012674217144 6.762442867565047 255 255 255
-1.5387197208878385 0.7260669297994072 6.067351269686822 255 255 255
1.2538045547234875 -1.5090973797652183 4.538222408213521 255 255 255
0.2117822482397697 -0.7598127279735502 5.313872230823075 255 255 255
-1.0704348567442667 0.2605691753834243 5.984621647623466 255 255 255
1.1164225518840662 -0.9524645394626207 4.6179835119137875 255 255 255
0.7673493748397511 -0.16174011007880845 4.82152361416387 255 255 255
0.6669976515537326 -0.26568847598833223 4.894675239704168 255 255 255
1.1139663690949562 -0.7771814266449821 4.590635526020744 255 255 255
-1.01937418000906 -0.30274631283307785 6.043892561298796 255 255 255
-1.3213179709231293 0.7992708747297894 5.872503637770816 255 255 255
0.6669976515537326 -0.26568847598833223 4.894675239704168 255 255 255
0.18142076540139696 1.1430108091280815 4.615954686840327 255 255 255
1.2187456854102072 -0.16380417631100994 4.448842509156395 255 255 255
1.503702192429152 -0.8959088162881199 4.624124854692339 255 255 255
-0.550145629133786 -1.8497909449439196 5.955428433227008 255 255 255
1.116888439188916 1.018575942762462 4.43250360453459 255 255 255
0.12037297163358647 -0.8146144906369055 5.30333448258887 255 255 255
1.1038095780456685 -0.5382403303443599 4.562414751220587 255 255 255
0.037053343707809834 -1.252512394808165 5.502959875306468 255 255 255
1.358618206287312 -0.740466742800866 4.441992613601088 255 255 255
0.4080858179294444 -1.5664967103778327 5.233521398608425 255 255 255
-1.1761817955261185 0.3567625688643005 6.122713710069729 255 255 255
-0.10894033910985174 -0.08274380865513177 5.293709322916906 255 255 255
1.0036692448168618 -0.7165357605983674 4.673749564522526 255 255 255
-1.1190419063106116 -2.29599923599945 6.568607812005059 255 255 255
1.2749494125453802 -0.5563809697784993 4.42688691882944 255 255 255
0.22673027794943446 -1.1535715569328069 5.34427380290444 255 255 255
-0.4359951054813847 -0.846913969295858 5.323223949747478 255 255 255
-1.3575176697252223 -1.7143034409428834 6.689821278805434 255 255 255
-1.3391188992641936 -2.364064057795202 6.759763405237771 255 255 255
0.6672648499818172 0.501108102099631 4.8258431928932 255 255 255
0.712321202385292 -0.8404752935594629 4.91260754382349 255 255 255
-0.4895346043639726 -1.784268179968716 5.8980778292485825 255 255 255
-0.9696136460255704 -0.9028224028974073 5.8131087878437375 255 255 255
0.9432958501293844 -1.491805254049598 4.7974454347414595 255 255 255
0.6036150477111499 -0.6618414451772571 4.998625200727002 255 255 255
0.8879239491068007 -1.4348600732154584 4.835213259447606 255 255 255
1.318391937264461 0.17784425575135163 4.337187982205983 255 255 255
-1.4184449572127782 0.7351307184360071 5.953497465424397 255 255 255
-0.9660904340971753 -0.6600955986865071 5.77271117459611 255 255 255
-0.6822394171392667 -1.9091380797550692 6.16110579648607 255 255 255
-0.5819034083164308 0.677779074659745 5.251837696597282 255 255 255
0.23900701318800285 0.5189500351244808 4.754258503125558 255 255 255
0.5199612556417472 -0.27255785444317804 5.017787465514978 255 255 255
-1.2405449573767022 0.11992527526007965 6.141093589049015 255 255 255
1.1109926256694467 1.1549755207874073 4.37958750558452 255 255 255
-0.37393112612148316 -0.1351039013671487 5.389626712936545 255 255 255
0.2933856272571672 -1.5758232850824552 5.348648065768377 255 255 255
0.9991475550305071 -1.255123547407222 4.719962231228181 255 255 255
0.4330602169622853 -1.4871067178860693 5.215425018446954 255 255 255
1.1873580343131973 -1.4410602620227486 4.598736548029051 255 255 255
-1.7257368610580945 -0.483624595997332 6.87797904967748 255 255 255
-0.9594404577810831 -2.2766177055844703 6.452630892943553 255 255 255
1.1038095780456685 -0.5382403303443599 4.562414751220587 255 255 255
-1.3868813068990031 -2.2401914592705183 6.769738946635521 255 255 255
-0.00407773377587491 1.0337632081335277 4.735707769830325 255 255 255
0.6901481122080088 1.07041642967061 4.7717216170135215 255 255 255
0.29177633534803027 -1.6442916529227878 5.3379421080973595 255 255 255
0.6953276073867608 -0.8668436959658624 4.923463880666915 255 255 255
0.4650968552082982 0.7504374709195901 4.942003653529106 255 255 255
0.645215580011562 1.2362575625093628 4.694287302635967 255 255 255
1.0018393804514962 -0.849243761109099 4.680258217701985 255 255 255
0.4028139794776142 -1.1122305956118228 5.194921319965166 255 255 255
-0.4063968257940299 0.28830363078420296 5.371836404868463 255 255 255
-0.11335022781917947 -2.022881480653389 5.718773760126992 255 255 255
-1.1486606059151263 -1.1029739604066726 5.801632722705145 255 255 255
1.1991838551049192 0.8834347024848255 4.374546624443575 255 255 255
1.2072844762872605 0.6618853739464355 4.380635218297548 255 255 255
1.1717706352534931 0.1842271342354125 4.447360841207584 255 255 255
-0.9906336443858932 0.27944189912610473 5.9807016398621 255 255 255
0.1747878248780487 -0.5516596493731384 5.3220063071393495 255 255 255
1.2621633501042018 0.41909984668958183 4.360721760030654 255 255 255
1.1090988650342186 -1.6030061138660414 4.6851560345556 255 255 255
0.07770451267085694 -1.958394817422302 5.543753016772051 255 255 255
0.6262925142216762 0.7731197888007532 4.857568578158854 255 255 255
1.3416864499581935 -1.112653547783815 4.479497420836858 255 255 255
1.137502930359784 -1.3007152103314266 4.617422924893859 255 255 255
0.3669349052400972 -0.502723390347227 5.181521972934801 255 255 255
0.8253913863330646 -0.983728577191297 4.839592996248308 255 255 255
1.1064306405870428 1.3583146559221349 4.316280388054501 255 255 255
0.7328505407747953 -1.6446158320759352 4.982165168398648 255 255 255
1.0455934906006519 -1.0196469573851208 4.666796260902396 255 255 255
0.4072876662405985 -1.636257314131928 5.244448308496509 255 255 255
0.16705774790705177 -1.123058123178085 5.382502740010658 255 255 255
-1.6366981654698352 -2.121951444972741 6.962150671242352 255 255 255
0.5946309664938033 -1.4159389383145855 5.071913419815026 255 255 255
0.6708005753782627 -1.3771415028457203 5.000459437921585 255 255 255
0.9688753490240846 -1.2213425498309123 4.735964922799484 255 255 255
-1.9742452723626214 -1.2000832459954704 7.121905587416773 255 255 255
-1.0534383798913283 -0.3674511931893111 6.0357287794139625 255 255 255
0.3385476228924378 -1.8986638833813014 5.349753993429926 255 255 255
0.8612611681218357 -0.6146119799400421 4.77036375117136 255 255 255
0.7217938225706946 0.8202663660844739 4.786069729820765 255 255 255
0.7233185856519682 -1.0861741659867508 4.941954170491578 255 255 255
-0.5302689432208624 -1.8455391110816812 5.940960554147144 255 255 255
1.047074010977458 -0.5289489239399242 4.617188076881031 255 255 255
1.031847908534908 -1.0471153339393917 4.675050844415975 255 255 255
-1.1952743015615652 -1.7558370249976554 6.552506953141357 255 255 255
-0.30420907590105234 0.9080439128000327 4.775662691378304 255 255 255
-0.8557951513665721 -2.1786117832636696 6.345426578399717 255 255 255
0.8869282018689544 -0.6934528849597036 4.74602456262545 255 255 255
-1.8226338832750941 0.6040630393615163 6.8865121973801395 255 255 255
0.6727417490020695 -1.5079384420075537 5.032213225557306 255 255 255
1.2834503107957782 -1.074430057630162 4.474545038684987 255 255 255
0.2758806180947832 -0.8174337543683453 5.264660937415984 255 255 255
0.23716474585281858 -1.280064378478998 5.336175993674503 255 255 255
0.7357309229144366 -1.774416634301569 4.994539987488328 255 255 255
0.26008465141501724 -1.4535657912893265 5.351551414957574 255 255 255
-1.5834158927498507 0.867972515923513 6.0961537383214015 255 255 255
-1.0713430194804783 0.27160566383468604 5.9871683253856265 255 255 255
-1.643055980844828 -0.17131742293256053 6.76146094320666 255 255 255
0.6134508668587074 0.4249964199934935 4.897085352353486 255 255 255
-0.1722734064216706 -1.0029981998844917 5.427566481210977 255 255 255
0.7244515332728582 -1.3663725546520618 4.953304495289614 255 255 255
-0.8968739301788556 0.010434876309041313 5.792691557584135 255 255 255
-0.2929848442967167 -1.959478589417284 5.851586595167168 255 255 255
0.5686509175886624 -1.3691793907448022 5.090446003257413 255 255 255
-1.3064264634041514 -1.4358667439797392 6.6016746955380246 255 255 255
1.0779832705496737 0.702351486978889 4.471733193170375 255 255 255
-0.5434667261490598 -1.8892097474540406 5.955620949477146 255 255 255
0.5958891154614193 1.2498913094228252 4.733101852276202 255 255 255
-0.42614506645529954 -1.3752546786583761 5.467823549952571 255 255 255
0.7201593695772533 -1.698167991588908 5.017844992634757 255 255 255
0.15388004182168105 -1.6345828838826568 5.4477066540058114 255 255 255
1.4396488232063476 0.4115221748285984 4.417841193789367 255 255 255
-0.7547956877003444 0.34249183485325874 5.5225832901769145 255 255 255
-1.8708021334116434 0.928039010727037 6.891817990436606 255 255 255
1.1868705909976058 0.37452955778153135 4.4025788816591716 255 255 255
0.3050917634806536 -0.8125701301639889 5.236623647170073 255 255 255
0.3615193843149395 -1.1171804990470948 5.22757920911733 255 255 255
-0.17307182096856996 -1.8823710466931989 5.746834855650959 255 255 255
-1.353658287906818 -1.7647097028437966 6.704869456753237 255 255 255
1.3431567581957282 0.16910973889966707 4.344535109625631 255 255 255
0.175765433321859 -1.3576683729612853 5.399197130192382 255 255 255
0.5062589816767018 0.2922506938445406 4.987820277067787 255 255 255
0.9928833416999977 -1.1943823511933478 4.727526990884303 255 255 255
0.6833431047777533 0.545247352360588 4.825404986333998 255 255 255
-0.04109267688722051 -1.9874928984904958 5.649907535116729 255 255 255
-2.0351326880574305 -2.208809619772354 7.295345829618631 255 255 255
1.5222900360884006 1.184335031236182 4.295553374928601 255 255 255
-1.1936907996959891 0.16020636804018967 6.151685891177033 255 255 255
0.9143049888047015 -1.1406774321622428 4.79556354380926 255 255 255
0.09884512304374554 -1.2832806365284202 5.44746409459796 255 255 255
-0.08664180313292957 0.09628003965310565 5.235456359589727 255 255 255
0.682069368230461 0.5695927013942412 4.829612382469936 255 255 255
0.23159577693827751 0.5373435334360064 4.7141380738312035 255 255 255
-0.2584343215271686 -1.8810851826034758 5.817302425287437 255 255 255
0.6402255133244109 -1.1817055174132174 5.030643066665379 255 255 255
0.2911817841611196 -1.351425023994016 5.3070456519662965 255 255 255
-0.00885942798931491 -1.4272632505517402 5.545106506780366 255 255 255
0.6367592315742697 1.2383175341931076 4.709784902715089 255 255 255
-0.14411434632780876 -0.12824444054622802 5.321645646224972 255 255 255
0.607262530657688 -1.5310186033373925 5.065147047960776 255 255 255
0.549944720167278 -0.07451358454889156 4.976689135087726 255 255 255
-0.06980541935883555 -1.9337191307012245 5.677025378195776 255 255 255
-0.614529646015501 -1.7593453463739785 6.081081220584233 255 255 255
-2.048547562671882 -1.6463005385370237 7.252827308063949 255 255 255
0.6171637584623544 0.04169705629724327 4.914920394524404 255 255 255
-0.7537540852711767 -1.7194180382709292 6.198925404694361 255 255 255
-1.6968681174366518 -1.8588798930929402 6.992885353430505 255 255 255
-0.4710610411648352 -1.5105583528988449 5.472713691961735 255 255 255
0.9880838674622572 0.07012039534747197 4.598565319960261 255 255 255
1.2479790405940172 -0.189389506735133 4.424085173204136 255 255 255
0.9101656124799371 0.2207516281285555 4.6571970292765075 255 255 255
-0.9885243340671529 -0.7189267006561133 5.768587184201716 255 255 255
1.2731509317041958 -0.8595626107183368 4.465545995771393 255 255 255
0.9766968697432634 0.7966330238819406 4.567849423894899 255 255 255
0.44082152732309465 -1.6278875181127617 5.23224854638519 255 255 255
-1.3291505692511587 0.21356092289779668 6.163881771522007 255 255 255
1.1792624307443391 1.3488129811445424 4.244596336476411 255 255 255
-1.4598128699354216 -2.238928660762741 6.832525853779978 255 255 255
0.7238439503312657 1.1388202355649324 4.746625395836555 255 255 255
-1.3811354485841183 0.45728812056161733 6.169267438635703 255 255 255
-0.21462179321319577 -0.3951929366486762 5.4146371860584335 255 255 255
-1.7340021738667388 -1.6939986431721898 7.004825375658792 255 255 255
-0.15738008044645027 1.3396987312644442 4.75151288899482 255 255 255
1.51551889111413 0.877258594462759 4.4580730090441865 255 255 255
-1.1498670454305544 -0.22704706859444673 6.037373918588264 255 255 255
1.2762050114383783 -0.3808851241054894 4.408679487158854 255 255 255
-1.4875766888788162 0.045830077450533906 6.167926451396849 255 255 255
-0.4962043956700434 -2.079632984690777 5.952945782172907 255 255 255
0.9928833416999977 -1.1943823511933478 4.727526990884303 255 255 255
0.7050341676803846 -0.4234042130553504 4.890842171983339 255 255 255
0.21752117580214755 -1.2768611445112825 5.356197719217844 255 255 255
-0.23977087826385632 -2.0620755686150685 5.81549380911411 255 255 255
-0.5904813755670253 -0.9849519515846079 5.50020933599936 255 255 255
0.6195804737082384 -0.5167028304663155 4.954222521407489 255 255 255
-0.5119282236398881 -1.7880956317997938 5.9070278443349515 255 255 255
0.8154894262311431 -1.0824861892095945 4.863223164898655 255 255 255
2.46836849804094 -1.2282989342342112 5.169356801962763 255 255 255
0.5825530205844167 -0.6461117107743479 5.003667172442474 255 255 255
1.07920697130307 0.22430818689341764 4.523776432318018 255 255 255
1.1951014439354921 0.4258364188715625 4.411271205654424 255 255 255
-0.4857346612549705 -1.9640471506606285 5.908566172002767 255 255 255
-0.08459999938692511 0.9960059976479134 4.7980689139674 255 255 255
-0.41735205503653366 -1.8897040510750762 5.833311522766131 255 255 255
0.816956774612195 -1.5157671305624931 4.911806708590907 255 255 255
-0.7436081530035376 0.340647950275678 5.521698467857418 255 255 255
1.2703942774484749 0.5726614117151244 4.3112751085000705 255 255 255
-1.6667444023804319 -2.204490076652994 6.982296968172672 255 255 255
0.6872592962995513 0.4910243544497864 4.827265981365754 255 255 255
1.2201525306344951 -1.617742565748204 4.592296768054559 255 255 255
-0.971882179156781 -1.853870065716014 6.406972562688318 255 255 255
0.12638404322581132 -1.7700638577612549 5.479246962025171 255 255 255
0.1551256524433132 -1.4161898023529795 5.399674154069153 255 255 255
0.09399738431939278 -1.1494363598814983 5.446428194297976 255 255 255
-1.3986292029684695 0.7514155099436636 5.943428195414742 255 255 255
0.6606247466983809 -0.04878702277899922 4.8826050332452455 255 255 255
-0.006405729466541335 -1.985794265203555 5.6229555638657445 255 255 255
0.9053562949575832 -1.0790527171197717 4.774103819708496 255 255 255
-1.5247505798356558 0.6996152232724783 6.04257046363792 255 255 255
0.5643729905151949 -1.303222465618292 5.097631349024972 255 255 255
1.3488984245691362 -0.39511167817352955 4.413022445806314 255 255 255
1.1510692095442483 -1.3457276313798903 4.609123896435442 255 255 255
0.6721702414204325 0.8996531901383213 4.826057305956488 255 255 255
0.698434933808309 -0.2935560585815794 4.892647726466803 255 255 255
-1.19729495721441 0.759860783325106 3.5655568233770576 255 255 255
-1.5790677424042714 -1.7779086770320505 6.879104501943935 255 255 255
0.43629618889701305 -0.3903175394046803 5.084760219782815 255 255 255
-0.81713168029328 -0.08361876428714586 5.730529451597201 255 255 255
-1.8344066490183835 0.6033084443857134 6.888918687555444 255 255 255
1.2738061174065904 1.3645913084903083 4.147124680426209 255 255 255
1.2245605065588758 -0.19083312957737295 4.434670875312829 255 255 255
1.141404478081046 -0.38140744599697257 4.5178590554852995 255 255 255
0.720421229217386 -0.03904310828940855 4.840278913828417 255 255 255
0.6324247778237255 -1.8016853377584907 5.0811476088856455 255 255 255
1.1467426412632649 -1.2061001748993547 4.596382218533663 255 255 255
-1.9399243700283764 -1.2105812139717251 7.12064530119261 255 255 255
-1.8360526031191926 -1.5231054711566998 7.092377871292403 255 255 255
-1.1710424655629494 -2.151778201986184 6.591717849042961 255 255 255
1.2703942774484749 0.5726614117151244 4.3112751085000705 255 255 255
0.4818008471786427 -0.9094123619176278 5.115366407495803 255 255 255
-1.3284115033660904 -2.032686048903491 6.714059624255604 255 255 255
-1.4970989765722738 0.6888693760388085 6.015045900111675 255 255 255
0.8219722253068513 -1.0134428989970896 4.836519509875154 255 255 255
0.2499238015155396 -1.2763003855826194 5.335461827208361 255 255 255
0.8263580168511987 0.8420708839230584 4.662359030258364 255 255 255
0.564550911349549 -0.7985639002364602 5.028300477208669 255 255 255
1.2427168593267395 -0.1699300787561647 4.429839042033906 255 255 255
-0.049776138219850385 -1.3520197235697315 5.584231982211386 255 255 255
1.3511623864915394 -1.2704686634510503 4.5075966086194645 255 255 255
-1.6114924212188366 0.8608541775015299 6.118067636504719 255 255 255
0.9626383515048614 0.9943099219658489 4.555742751195615 255 255 255
-1.9709402479061569 -1.03264401088484 7.123021984645884 255 255 255
-1.4253593481092564 -1.41198418129616 6.7250585922814015 255 255 255
-0.49623486302408704 -0.11667307826311141 5.474740256538104 255 255 255
-1.0071326653611643 0.7457586187522737 5.6145841213777725 255 255 255
-1.389778004128973 -1.0262247884510383 6.663351695006471 255 255 255
0.2534816231538203 0.5909353022239372 4.739837090207157 255 255 255
1.2759865481486918 0.6093201333416703 4.327756279581273 255 255 255
-0.48046181614493116 -0.14973893102394362 5.429150148343248 255 255 255
-0.3850510343936691 1.3223885276502072 4.564468986608923 255 255 255
1.6160180008649345 0.5581402318306855 4.53952581798938 255 255 255
0.531627983721433 -0.0396894532176222 4.9970349313186935 255 255 255
0.9595163009836243 1.0136835603883148 4.573341454631358 255 255 255
-0.9093763074591751 0.10111933430698443 5.795967129818435 255 255 255
0.9825171135474169 -0.8223877281290222 4.697216442737347 255 255 255
0.6071623084520321 -1.7852157113639024 5.111355635821408 255 255 255
0.3603216108703536 -0.5251180943014498 5.180679629556725 255 255 255
1.2839774115188258 0.3690931004208288 4.346100836965719 255 255 255
0.5020920795415542 -0.811027290127877 5.0837775513365155 255 255 255
0.666927864088004 0.8305329177311894 4.813539914863356 255 255 255
0.07770451267085694 -1.958394817422302 5.543753016772051 255 255 255
-1.8695240761053726 -1.693720417213145 7.105029567787113 255 255 255
0.6885032885964844 -0.5384279733344538 4.8996537572017775 255 255 255
-1.9799749524089711 -1.903882929087147 7.219049004079626 255 255 255
0.9685147889455623 -0.9167446809852313 4.708487704677602 255 255 255
-1.573549590735055 -2.3532361693718733 6.9421474484190515 255 255 255
0.997684001248735 -1.5723489475735257 4.762500964397696 255 255 255
-0.6659077180473143 -0.027944251962987707 5.592457463836573 255 255 255
1.347148968107805 -0.5145838666492777 4.419677265879144 255 255 255
-1.758847195594668 -2.2266814540464686 7.078618389856456 255 255 255
1.2657764500292645 -0.5928003813900388 4.439296249094554 255 255 255
0.9989272311623428 -0.670255661330001 4.672352073366507 255 255 255
0.9308484064652024 -0.6884738145219564 4.724716909998527 255 255 255
1.13923163432224 -1.501126550492535 4.638175049762479 255 255 255
0.4091398122118541 -1.830772477091411 5.270428000395554 255 255 255
1.1924478106183487 -0.5544077661924485 4.486345671320187 255 255 255
0.5334826168599557 -1.4060691274416246 5.114556580764684 255 255 255
-0.2320067636629836 -0.4137881092047768 5.381120091561132 255 255 255
0.9147518022366792 0.9936534788330509 4.595015315255523 255 255 255
0.4898580519193753 0.34309711163549445 4.993556659139087 255 255 255
-0.10721364806798565 0.09014229643912856 5.235883807018023 255 255 255
-0.9329404984050963 -2.1754071170494664 6.399218903372751 255 255 255
0.0072525917335407135 -0.8548031426619263 5.194890802415896 255 255 255
0.6748488165064874 -0.1327847949582583 4.875211459393705 255 255 255
0.8130483186287814 -0.6656492270649078 4.814997297331784 255 255 255
1.0222358072792583 -1.50773913834662 4.736769385448702 255 255 255
-1.3697596788417217 0.02175190468654623 6.173621131914681 255 255 255
0.6719005541778063 -0.7842136605380878 4.934103569909454 255 255 255
0.5198304615027016 0.23164133053852393 4.972858210541257 255 255 255
1.1152608825318764 0.09362340533635034 4.491606350278339 255 255 255
-1.82393455342115 -1.4259452339296959 7.045628606715739 255 255 255
0.6160348068805384 -1.564299949767552 5.0727648715362035 255 255 255
1.2893896101735762 -0.8467436750817933 4.445771491543421 255 255 255
1.3395405466829382 0.09753889148882486 4.356427036505723 255 255 255
0.2191015177359724 -1.3731061342039124 5.352013879533744 255 255 255
0.7326712756556217 -0.9697689435013437 4.909991468822245 255 255 255
-0.6192522175999536 0.2861910542379031 5.458412136342734 255 255 255
0.7882215164636263 0.3714676045652857 4.753122825019051 255 255 255
0.10257235771490787 -0.06881808949853707 4.838743267578841 255 255 255
0.07129655736787831 -0.7441429012654043 5.265171233712617 255 255 255
1.2847543531088188 0.160784210959837 4.356850780652964 255 255 255
0.8014984526502311 -1.4847191474372736 4.911983837938033 255 255 255
-1.913445630503023 -2.257141182794889 7.206401286410255 255 255 255
-1.4415140381818141 0.6803693592764097 5.967631007378121 255 255 255
-0.1346457872707458 0.6313918446047514 4.889037157909932 255 255 255
1.2703503771847167 1.1084326423693935 4.328987376671322 255 255 255
0.7330047365875222 -1.0351195845443282 4.918350888285625 255 255 255
-1.8820749296382384 -0.8827255485261022 7.048666422749926 255 255 255
-1.5495880192158549 -2.3309669740541574 6.917058127451045 255 255 255
-1.7720873885006343 -2.244176098370009 7.105409161911739 255 255 255
1.3318602168272489 -1.0206730276817912 4.471151606816216 255 255 255
1.1545378822223054 -0.8176645081947752 4.541877694794238 255 255 255
1.057219650143878 0.6704354028236861 4.505937089611121 255 255 255
1.3665820443191825 -1.307656340845612 4.515394206629848 255 255 255
-1.0714442926479335 0.2504749314542829 5.988088234520405 255 255 255
1.127905404127327 -1.2512183937765011 4.625389243270983 255 255 255
0.645215580011562 1.2362575625093628 4.694287302635967 255 255 255
-0.3093735909916661 -1.5756851451787433 5.8245664993484505 255 255 255
-0.3093735909916661 -1.5756851451787433 5.8245664993484505 255 255 255
-1.371598635713755 -0.5702654311221956 6.612149566395983 255 255 255
-0.38447621075930827 -0.7286331646882701 5.40696642948987 255 255 255
-0.5585285641234441 -1.4469641011253547 5.6210351151053635 255 255 255
0.6081554461576469 0.5463358822807943 4.8722655274311375 255 255 255
-1.0288193102320269 0.08601782343670607 6.049502669524652 255 255 255
0.780800927828476 -0.6015094198378175 4.833749382889087 255 255 255
0.7972358667404454 -1.7496780960815845 4.945650965518263 255 255 255
0.6250358831408479 0.5329468323336051 4.880247574678048 255 255 255
-0.4750241426433267 -0.7647064969756254 5.36908547685828 255 255 255
1.193892193950814 -0.19970000845738684 4.462794296503506 255 255 255
-1.764677566654223 -0.2655990396468615 6.8803997238754775 255 255 255
-0.27023162899704745 -1.913596443682561 5.822433402667172 255 255 255
-1.049847645979225 0.16779281586358027 6.049645971885647 255 255 255
1.2375726457938756 0.2821615459299554 4.384557456728549 255 255 255
0.48468586987154505 0.37420260927533033 5.002966596569334 255 255 255
0.9847551037564827 -0.8798568975069613 4.715578038511451 255 255 255
-0.06824635861430176 -1.5035159207041542 5.6219524349893595 255 255 255
-1.1317308106468977 -2.308092357204911 6.578219455511018 255 255 255
0.33897521069190484 -1.7302648478646945 5.314951036808862 255 255 255
0.8747606061558659 -1.7311302969352154 4.882951794105916 255 255 255
0.9881945017767361 -0.9127786545497629 4.70104377576791 255 255 255
1.447080715529251 -0.307153807675312 4.503939056725612 255 255 255
-1.3224415155457547 -0.4640097522081817 6.544893015438396 255 255 255
-0.15113100617661218 0.11947222179114614 5.22757555765659 255 255 255
0.6443645724800746 -1.1599338289774788 5.014671842928811 255 255 255
-0.4610969969264497 -1.8326645492251903 5.881725069745475 255 255 255
0.3238527138551397 -1.739216747157841 5.316767020744318 255 255 255
1.2012137078447804 0.6115275732445925 4.398518949773876 255 255 255
1.09953177314191 -1.5054035248326454 4.668216776717513 255 255 255
-0.25469408750475003 -2.0482127990109475 5.820403430546172 255 255 255
-1.8412813604519567 -1.4629768649373283 7.073826809592002 255 255 255
0.7326712756556217 -0.9697689435013437 4.909991468822245 255 255 255
-1.5579377254659175 -1.4808900814550567 6.834709161145486 255 255 255
0.509894070364076 0.23417282320830715 4.980861658968777 255 255 255
-1.5027475259491205 -1.677356476407581 6.81316571134898 255 255 255
-1.249541099739061 -2.0303298669657894 6.69293987333293 255 255 255
-0.8272678130770766 -1.7359909883450542 6.263818261212816 255 255 255
-1.139333809327783 -2.105108507844901 6.576318537659593 255 255 255
-1.7792086693852631 0.6436655965798302 6.836804834834927 255 255 255
-1.5516599589352162 -0.7488229822580644 6.758276213197661 255 255 255
1.760717563711747 -1.6630486598586096 4.786794520929792 255 255 255
-0.478292127555151 -0.8249186575874383 5.3519904348665746 255 255 255
-1.6817229055703826 -2.4544533138540467 7.034466482053814 255 255 255
-0.844967897591865 -2.0311443523278907 6.316371958148572 255 255 255
0.9029986411553182 -1.584081352779041 4.841800671232683 255 255 255
0.7224102499702556 0.765456449407148 4.787111474734506 255 255 255
0.514711485914517 -0.09283728317640026 5.010202686493108 255 255 255
0.012566511090507057 -1.9832947422065679 5.603673529923985 255 255 255
0.5434575280014817 0.6954695915973822 4.926280146251879 255 255 255
1.364078396666578 0.3332504042039431 4.342567009840301 255 255 255
-0.0249600704236068 1.001902119976003 4.76040699484667 255 255 255
0.6655286504263547 0.5169126190052036 4.844016098704669 255 255 255
-0.7089939233269422 0.01723661778813754 5.554694803119738 255 255 255
-0.014782729922053654 -0.7699270442102506 5.1478260726597895 255 255 255
0.9011554830163978 0.8117649326910413 4.625429587058419 255 255 255
-0.5874211371582412 0.28532207006428406 5.421145275056214 255 255 255
-1.5229130808755278 -1.1740369626700158 6.777740860058849 255 255 255
0.7736806296557962 -0.6117871662466012 4.849547749201205 255 255 255
1.0102825864251608 -0.8087905750667486 4.6798805649632635 255 255 255
1.3130799227842231 -0.9499706677947688 4.449510474680236 255 255 255
-0.5958000338574583 -1.83666775707932 5.986998988302162 255 255 255
-0.29434851524608635 -1.9288766541952478 5.844602620511902 255 255 255
-0.8706198197808808 -1.7920945940072932 6.302661990562517 255 255 255
-1.7590283892069527 -0.27693862310091305 6.889131748550163 255 255 255
0.895228017915911 -1.440278429130382 4.82503002935244 255 255 255
0.9781034328719276 1.209231204798923 4.409786518882527 255 255 255
-0.6227894202760724 -1.5006284485568362 5.615656500489395 255 255 255
-0.4823451403596015 -1.3764216222601904 5.52242681742529 255 255 255
0.6102315590246988 0.3405432210608384 4.908749951625991 255 255 255
0.26973874642615303 -1.748614251307417 5.382720430072531 255 255 255
-0.6196546052340097 0.10500792438906484 5.599464312136885 255 255 255
0.7154408081008274 -0.18092739926045007 4.845175228589847 255 255 255
-0.8735806433342246 -0.7584595284751666 5.714534754383914 255 255 255
-0.8556711414898049 0.3527280918304091 5.736124912102148 255 255 255
-1.1768663923233014 -0.9649501032781895 6.46780937918138 255 255 255
-0.12220278257699142 -0.7744158632247069 5.225575309518612 255 255 255
0.5713174687099924 -1.1597699918335922 5.056289458007704 255 255 255
1.393230260461837 -1.230122982434757 4.54940548457064 255 255 255
-1.6207931372569555 -1.5208743156225495 6.882749763848566 255 255 255
-0.006093761284846488 1.008456628137233 4.743658255576051 255 255 255
-1.3888214944001762 -1.6607495340928724 6.7226113172291955 255 255 255
-0.05682877376465394 1.331775205120853 4.700942795024055 255 255 255
-1.8412813604519567 -1.4629768649373283 7.073826809592002 255 255 255
-0.4059678756404661 0.18432819753202676 5.376638160233623 255 255 255
-0.7914959381288396 -1.3062532288645659 5.555831962369355 255 255 255
-1.345896995343801 -2.2031991930698145 6.743582337629854 255 255 255
1.210019741031146 0.7125300434998945 4.371972593172954 255 255 255
1.8787811140247024 0.29985244221057555 4.56754725968039 255 255 255
0.9626383515048614 0.9943099219658489 4.555742751195615 255 255 255
-1.3596808859567726 0.4049550741334714 6.246976679402584 255 255 255
0.6055523529313398 -1.812382376784048 5.118076503507385 255 255 255
-0.7306156385355426 0.22682491206430844 5.445179311811539 255 255 255
-0.4269120081738024 0.38023852655170887 5.379304633593182 255 255 255
1.2749494125453802 -0.5563809697784993 4.42688691882944 255 255 255
0.6866522350215242 -0.8497766754181187 4.931300814068629 255 255 255
0.06281893866556604 -1.9708398303957093 5.56319146878776 255 255 255
-0.21459027359624333 -1.3938562103139565 5.720806015037431 255 255 255
0.9070953494781469 -1.5775181424753746 4.837086873067573 255 255 255
-0.4154849829613943 -1.4101441817235383 5.490372514128582 255 255 255
-0.08425223595386136 -1.3241472507924588 5.603513469295973 255 255 255
-0.05747506851468275 0.03162150058783832 5.219716621437677 255 255 255
-0.4604467315856936 0.2783522944594515 5.411809088732972 255 255 255
0.40794122626423157 -1.0752897166344952 5.193131266364774 255 255 255
-1.1616681453293223 -1.520258702325672 6.5183410332975456 255 255 255
-1.2315235617869675 -2.3784702397369353 6.662201980987747 255 255 255
0.890724553260622 0.7097200249426132 4.6365849166026925 255 255 255
0.5950837062068208 -0.6193332761302504 4.988196448118417 255 255 255
-0.9212434157848276 0.3795314626363387 5.791556912972412 255 255 255
0.9118854575500389 0.007581503664117307 4.671072510681222 255 255 255
-2.062427384623814 -1.3595225772993413 7.3898274267598225 255 255 255
-1.8910000030723195 0.8682047588617438 6.937254486363495 255 255 255
-2.048547562671882 -1.6463005385370237 7.252827308063949 255 255 255
-0.7086550312934338 -2.1297689215571247 6.209061999657814 255 255 255
1.373485807192791 -1.3293087769190353 4.515721081436556 255 255 255
1.2009253452803823 0.545750121206092 4.398705707785601 255 255 255
1.0617058144741605 0.2026974547789693 4.537045198301571 255 255 255
-0.4083944057723569 -0.8071273000665833 5.380611026611359 255 255 255
-0.6532686341268376 -1.8812934923419231 6.13310726995914 255 255 255
-0.3924440694861326 0.3000928667487446 5.353870104085942 255 255 255
